IdValeSalida,IdProducto,PrecioCosto,Pventa,Cantidad,Saldo,idvalearea
269,16,100,250,1,,5
270,4,183,450,1,,6
270,4,183,450,1,,6
270,4,183,450,1,,6
270,4,183,450,1,,6
271,11,135,400,1,,1
272,21,140,350,1,,1
273,16,100,250,1,,3
274,16,100,250,1,,1
274,16,100,250,1,,1
275,1,200,0,1,,1
276,1,200,0,1,,1
277,16,100,250,1,,6
278,16,100,250,1,,3
279,16,100,250,1,,1
280,16,100,250,1,,3
281,11,135,400,1,,2
282,11,135,400,1,,4
283,16,100,250,1,,1
284,16,100,250,1,,2
285,16,100,250,1,,2
286,16,100,250,1,,3
287,21,140,350,1,,1
288,18,170,400,1,,1
289,16,100,250,1,,1
290,18,170,400,1,,1
291,16,100,250,1,,3
292,16,100,250,1,,6
293,1,200,0,1,,1
293,1,200,0,1,,1
293,1,200,0,1,,1
293,1,200,0,1,,1
293,1,200,0,1,,1
294,16,100,250,1,,2
295,21,140,350,1,,1
296,16,100,250,1,,1
297,16,100,250,1,,1
298,16,100,250,1,,1
299,16,100,0,1,,1
300,18,170,400,1,,1
301,21,140,350,1,,1
302,4,183,450,1,,1
303,4,183,450,1,,1
304,21,140,350,1,,1
305,4,183,0,1,,1
306,18,170,400,1,,1
306,18,170,400,1,,1
307,16,100,250,1,,3
308,16,100,250,1,,6
308,16,100,250,1,,6
309,21,140,350,1,,3
310,16,100,250,1,,1
311,16,100,0,1,,1
312,14,100,250,1,,5
313,4,183,450,1,,4
314,8,80,300,1,,1
315,16,100,250,1,,1
315,8,80,300,1,,1
316,16,100,250,1,,1
317,4,183,450,1,,1
317,16,100,250,1,,1
317,11,135,400,1,,1
318,16,100,250,1,,1
319,21,140,350,1,,1
319,1,200,400,1,,1
320,14,100,250,1,,1
321,21,140,350,1,,1
322,16,100,250,1,,1
322,14,100,250,1,,1
322,8,80,300,1,,1
323,16,100,250,1,,1
324,17,580,1200,1,,1
325,4,183,0,1,,5
325,13,135,0,1,,5
326,18,170,400,1,,3
327,18,170,400,1,,3
328,16,100,250,1,,1
329,16,100,250,1,,3
330,16,100,250,1,,4
331,16,100,250,1,,1
332,4,183,450,1,,1
332,4,183,450,1,,1
332,4,183,450,1,,1
333,16,100,0,1,,1
334,1,200,400,1,,1
335,16,100,250,1,,1
336,16,100,250,1,,1
337,16,100,250,1,,1
338,16,100,250,1,,1
339,16,100,250,1,,1
340,16,100,250,1,,1
341,14,100,250,1,,1
342,16,100,250,1,,1
343,16,100,250,1,,1
344,1,200,400,1,,1
345,16,100,250,1,,1
346,11,135,400,1,,1
346,11,135,400,1,,1
347,1,200,400,1,,1
348,16,100,250,1,,3
348,11,135,400,1,,3
348,11,135,400,1,,3
349,16,100,250,1,,1
350,17,580,1200,1,,2
351,11,135,400,1,,1
352,11,135,400,1,,1
353,16,100,250,1,,1
354,4,183,450,1,,1
354,17,580,1200,1,,1
354,17,580,1200,1,,1
355,1,200,400,1,,1
356,1,200,400,1,,6
357,4,183,450,1,,3
357,4,183,450,1,,3
358,1,200,400,1,,1
359,16,100,250,1,,5
360,11,135,400,1,,1
361,16,100,250,1,,4
361,8,80,300,1,,4
362,1,200,400,1,,2
363,11,135,400,1,,1
364,16,100,250,1,,1
365,16,100,250,1,,1
366,11,135,400,1,,1
367,16,100,250,1,,1
368,16,100,250,1,,2
369,8,80,300,1,,2
369,16,100,250,1,,2
370,14,100,250,1,,1
371,1,200,400,1,,1
372,16,100,250,1,,1
373,8,80,300,1,,5
373,8,80,300,1,,5
374,11,135,400,1,,1
375,16,100,250,1,,5
376,16,100,250,1,,3
377,16,100,250,1,,1
378,16,100,250,1,,1
379,1,200,400,1,,1
380,16,100,250,1,,1
381,16,100,250,1,,1
382,16,100,250,1,,1
383,16,100,250,1,,1
384,16,100,250,1,,1
385,11,135,400,1,,1
385,11,135,400,1,,1
386,16,100,250,1,,3
387,16,100,250,1,,1
388,4,183,450,1,,1
389,1,200,400,1,,1
389,16,100,250,1,,1
390,16,100,250,1,,1
391,16,100,250,1,,1
392,16,100,250,1,,1
393,16,100,250,1,,1
394,8,80,300,1,,1
394,8,80,300,1,,1
395,8,80,300,1,,1
396,16,100,250,1,,5
397,1,200,400,1,,1
398,8,80,300,1,,1
398,1,200,400,1,,1
399,16,100,250,1,,1
399,8,80,300,1,,1
400,16,100,250,1,,1
401,1,200,0,1,,1
401,13,135,0,1,,1
401,4,183,0,1,,1
402,8,80,300,1,,1
403,16,100,250,1,,1
404,16,100,250,1,,1
405,4,183,450,1,,1
405,1,200,400,1,,1
406,8,80,300,1,,1
407,11,135,400,1,,1
407,11,135,400,1,,1
408,16,100,250,1,,1
409,16,100,250,1,,1
410,16,100,250,1,,1
411,16,100,250,1,,1
412,11,135,400,1,,2
413,8,80,300,1,,1
414,4,183,450,1,,2
414,4,183,450,1,,2
414,16,100,250,1,,2
414,16,100,250,1,,2
414,4,183,450,1,,2
415,4,183,450,1,,1
416,11,135,400,1,,1
416,11,135,400,1,,1
418,16,100,250,1,,1
418,16,100,250,1,,1
418,8,80,300,1,,1
418,4,183,450,1,,1
418,4,183,450,1,,1
419,26,200,0,1,,1
419,1,200,0,1,,1
420,11,135,0,1,,1
421,16,100,250,1,,1
421,16,100,250,1,,1
421,8,80,300,1,,1
421,8,80,300,1,,1
421,8,80,300,1,,1
422,11,135,400,1,,1
423,8,80,300,1,,1
424,26,200,450,1,,1
424,26,200,450,1,,1
425,17,580,1200,1,,1
425,17,580,1200,1,,1
425,17,580,1200,1,,1
426,16,100,250,1,,2
427,1,200,400,1,,5
428,16,100,250,1,,1
429,16,100,250,1,,2
430,16,100,250,1,,1
431,16,100,250,1,,1
432,14,100,250,1,,1
433,8,80,300,1,,1
434,16,100,250,1,,1
435,14,100,250,1,,1
435,14,100,250,1,,1
436,26,200,450,1,,1
436,26,200,450,1,,1
436,26,200,450,1,,1
436,26,200,450,1,,1
437,16,100,250,1,,1
438,8,80,300,1,,1
439,8,80,300,1,,1
440,16,100,250,1,,1
440,11,135,400,1,,1
441,26,200,0,1,,1
441,27,180,0,1,,1
442,1,200,0,1,,1
442,27,180,0,1,,1
443,16,100,250,1,,1
444,8,80,300,1,,1
444,8,80,300,1,,1
445,26,200,450,1,,1
445,26,200,450,1,,1
445,26,200,450,1,,1
446,16,100,250,1,,1
447,16,100,250,1,,3
448,16,100,250,1,,1
449,26,200,450,1,,1
450,16,100,0,1,,1
450,1,200,0,1,,1
451,26,200,450,1,,1
452,1,200,400,1,,1
453,1,200,400,1,,1
1,4,183,350,1,,6
2,4,183,350,1,,1
3,1,109,250,1,,1
4,3,70,200,1,,1
5,3,70,200,1,,2
6,3,70,200,1,,2
7,3,70,200,1,,1
8,3,70,200,1,,1
9,1,109,250,1,,1
10,4,183,350,3,,1
11,4,183,350,3,,1
12,4,183,350,3,,2
13,4,183,350,1,,1
13,4,183,350,1,,1
13,4,183,350,1,,1
14,4,183,350,1,,1
14,4,183,350,1,,1
14,4,183,350,1,,1
15,4,183,350,1,,1
16,3,70,200,1,,1
17,3,70,200,1,,1
17,2,182,300,1,,1
17,5,182,300,5,,1
18,3,70,200,1,,1
19,3,70,200,1,,1
20,3,70,200,1,,1
21,3,70,200,1,,1
22,1,109,250,1,,1
23,4,183,350,1,,1
24,7,145,350,1,,2
25,7,145,350,1,,2
25,5,182,300,1,,2
26,2,182,300,1,,1
27,2,182,300,1,,1
28,7,145,350,1,,2
28,5,182,300,1,,2
29,7,145,350,1,,2
29,5,182,300,1,,2
30,5,182,300,1,,2
31,4,183,350,1,,3
32,7,145,350,1,,2
33,5,182,300,1,,3
34,5,182,300,1,,2
35,5,182,300,1,,3
36,7,145,350,1,,2
36,7,145,350,1,,2
37,5,182,300,1,,2
38,5,182,300,1,,1
39,5,182,300,1,,4
39,5,182,300,1,,4
40,5,182,300,1,,1
41,4,183,350,1,,6
41,7,145,350,1,,6
41,7,145,350,1,,6
41,4,183,350,1,,6
41,4,183,350,1,,6
41,7,145,350,1,,6
41,7,145,350,1,,6
42,4,183,350,1,,3
42,4,183,350,1,,3
42,4,183,350,1,,3
42,4,183,350,1,,3
42,7,145,350,1,,3
42,7,145,350,1,,3
42,7,145,350,1,,3
44,9,80,200,1,,3
45,9,80,200,1,,2
46,9,80,200,1,,6
47,9,80,200,1,,1
47,9,80,200,1,,1
48,11,135,300,1,,5
49,9,80,200,1,,3
50,9,80,200,1,,1
51,11,135,300,1,,1
52,11,135,300,1,,3
52,9,80,200,1,,3
53,10,150,250,1,,6
54,9,80,200,1,,5
55,9,80,200,1,,5
56,10,150,250,1,,4
57,11,135,300,1,,4
58,9,80,200,1,,4
59,9,80,200,1,,4
60,11,135,300,1,,2
61,11,135,300,1,,6
61,9,80,200,1,,6
62,10,150,250,1,,3
63,11,135,300,1,,3
64,9,80,200,1,,3
65,9,80,200,1,,2
66,9,80,200,1,,4
67,12,135,350,1,,3
67,12,135,350,1,,3
68,9,80,200,1,,1
68,12,135,350,1,,1
68,12,135,350,1,,1
68,12,135,350,1,,1
69,11,135,300,1,,3
70,9,80,200,1,,1
70,9,80,200,1,,1
71,12,135,350,1,,5
72,9,80,200,1,,1
73,10,150,250,1,,3
74,10,150,250,1,,1
75,10,150,250,1,,2
76,9,80,200,1,,2
77,11,135,300,1,,6
77,9,80,200,1,,6
78,11,135,300,1,,2
79,12,135,350,1,,3
80,12,135,350,2,,3
80,9,80,200,1,,3
81,9,80,200,1,,1
82,9,80,200,1,,1
83,9,80,200,1,,1
84,9,80,200,1,,4
85,13,135,350,1,,3
85,12,135,350,1,,3
86,10,150,250,1,,1
87,9,80,200,1,,2
88,9,80,200,1,,3
89,9,80,200,1,,1
90,9,80,200,1,,5
91,9,80,200,1,,3
91,9,80,200,1,,3
92,4,183,350,1,,5
93,11,135,300,1,,3
94,11,135,300,1,,1
95,11,135,300,1,,4
96,9,80,200,1,,3
97,10,150,250,1,,4
97,9,80,200,1,,4
98,4,183,350,1,,4
99,9,80,200,1,,3
100,4,183,350,1,,3
101,9,80,200,1,,3
101,14,100,250,1,,3
101,14,100,250,1,,3
102,9,80,200,1,,4
103,9,80,200,1,,4
104,9,80,200,1,,4
105,9,80,200,1,,1
106,9,80,200,1,,4
107,10,150,250,1,,4
108,13,135,350,1,,3
109,12,135,350,1,,4
110,13,135,350,1,,4
111,13,135,350,1,,3
112,4,183,350,1,,2
113,13,135,350,1,,4
114,12,135,350,1,,3
115,12,135,350,1,,5
116,7,145,350,1,,2
117,9,80,200,1,,3
118,13,135,350,1,,1
119,13,135,350,1,,3
120,10,150,250,1,,2
121,11,135,300,1,,4
122,11,135,300,1,,3
123,11,135,300,1,,2
124,13,135,350,1,,4
125,11,135,300,1,,4
125,11,135,300,1,,4
126,9,80,200,1,,2
127,11,135,300,1,,3
128,11,135,300,1,,1
129,1,109,250,1,,6
130,16,100,200,1,,4
131,1,109,250,1,,3
132,1,109,250,1,,4
133,1,109,250,1,,3
134,11,135,300,1,,1
134,16,100,200,1,,1
135,9,80,200,1,,3
135,11,135,300,1,,3
136,13,135,350,1,,3
137,16,100,200,1,,2
138,16,100,200,1,,4
139,13,135,350,1,,1
139,13,135,350,1,,1
140,13,135,350,2,,1
141,16,100,200,1,,1
142,1,109,250,1,,3
143,16,100,200,1,,2
144,9,80,200,1,,1
145,13,135,350,1,,6
146,16,100,200,1,,2
147,1,109,250,1,,1
148,16,100,200,1,,3
149,1,109,250,1,,2
150,1,109,250,1,,1
151,11,135,300,1,,1
152,17,580,900,1,,1
152,17,580,900,1,,1
153,16,100,200,1,,3
154,10,150,250,1,,2
155,1,109,250,1,,4
156,11,135,300,1,,1
157,16,100,200,1,,6
158,13,135,350,1,,4
159,11,135,300,1,,1
160,11,135,300,1,,3
161,8,80,300,1,,5
161,8,80,300,1,,5
162,8,80,300,1,,6
162,13,135,350,1,,6
163,1,109,250,1,,2
164,10,150,250,1,,5
165,16,100,200,1,,4
166,16,100,200,1,,5
167,8,80,300,1,,1
167,8,80,300,1,,1
168,16,100,200,1,,1
168,16,100,200,1,,1
169,16,100,200,1,,4
170,9,80,200,1,,6
171,16,100,200,1,,4
172,16,100,200,1,,6
173,16,100,200,1,,1
174,16,100,200,1,,2
175,16,100,200,1,,1
176,10,150,250,1,,3
177,10,150,250,1,,3
178,16,100,200,1,,2
179,16,100,200,1,,1
180,1,109,250,1,,6
181,16,100,200,1,,4
182,10,150,250,1,,6
183,1,109,250,1,,1
184,8,80,300,1,,2
185,8,80,300,1,,4
186,1,109,250,1,,3
187,16,100,200,1,,4
188,16,100,200,1,,4
189,16,100,200,1,,4
190,19,150,350,1,,1
191,16,100,200,1,,1
192,13,135,350,1,,2
192,13,135,350,1,,2
192,13,135,350,1,,2
192,13,135,350,1,,2
193,13,135,350,1,,4
194,1,109,250,1,,1
195,1,109,250,1,,3
196,16,100,200,1,,4
197,1,109,250,1,,1
198,16,100,200,1,,3
199,16,100,200,1,,1
200,1,109,250,1,,3
201,1,109,250,1,,3
202,16,100,200,1,,5
202,16,100,200,1,,5
203,16,100,200,1,,2
204,16,100,200,1,,1
205,16,100,200,1,,3
206,1,109,250,1,,1
207,16,100,200,1,,2
207,11,135,300,1,,2
208,19,150,350,1,,4
208,19,150,350,1,,4
209,16,100,200,1,,1
209,16,100,200,1,,1
210,8,80,300,1,,5
211,1,109,250,1,,3
212,16,100,200,1,,6
213,16,100,200,1,,4
214,16,100,200,1,,1
214,18,170,350,1,,1
215,16,100,200,1,,4
216,18,170,350,1,,5
217,1,109,250,1,,6
218,16,100,200,1,,3
218,1,109,250,1,,3
219,18,170,350,1,,1
220,16,100,200,2,,2
220,8,80,300,1,,2
221,17,580,900,1,,3
222,16,100,200,1,,2
223,16,100,200,1,,2
224,16,100,200,1,,5
225,16,100,200,1,,1
225,16,100,200,1,,1
226,16,100,250,1,,4
227,16,100,250,1,,3
228,16,100,250,1,,5
229,16,100,250,1,,3
230,16,100,250,1,,4
231,1,109,250,1,,1
232,18,170,400,1,,3
233,16,100,250,1,,1
234,21,140,350,1,,2
235,16,100,250,1,,1
236,16,100,250,1,,5
237,16,100,250,1,,4
238,1,200,400,1,,1
239,16,100,250,1,,1
239,16,100,250,1,,1
239,16,100,250,1,,1
240,4,183,450,1,,2
241,19,150,450,1,,1
242,18,170,400,1,,2
243,21,140,350,1,,4
244,16,100,250,1,,3
245,16,100,250,1,,4
246,16,100,250,1,,2
247,16,100,250,1,,1
248,16,100,250,1,,5
249,16,100,250,1,,3
250,16,100,250,1,,5
251,16,100,250,1,,1
252,11,135,400,1,,2
253,16,100,250,1,,6
254,8,80,300,1,,3
255,16,100,250,1,,4
255,8,80,300,1,,4
256,16,100,250,1,,4
257,16,100,250,1,,3
258,21,140,350,1,,5
259,1,200,400,1,,1
260,16,100,250,1,,1
260,16,100,250,1,,1
261,16,100,250,1,,1
262,16,100,250,1,,4
263,16,100,250,1,,2
264,8,80,300,1,,1
264,16,100,250,1,,1
264,8,80,300,1,,1
265,16,100,250,1,,3
266,8,80,300,1,,1
266,8,80,300,1,,1
267,16,100,0,1,,1
268,16,100,250,1,,1
454,16,100,250,1,,1
455,1,200,400,1,,1
456,26,200,450,1,,1
456,8,80,300,1,,1
456,26,200,450,1,,1
457,8,80,300,1,,1
457,8,80,300,1,,1
458,16,100,250,1,,1
459,1,200,400,1,,1
460,16,100,250,1,,1
460,4,183,450,1,,1
461,26,200,450,1,,1
462,1,200,400,1,,1
463,16,100,250,1,,1
464,1,200,400,1,,1
465,8,80,300,1,,1
465,8,80,300,1,,1
466,1,200,400,1,,1
467,8,80,300,1,,1
467,8,80,300,1,,1
468,26,200,450,1,,1
469,16,100,250,1,,1
470,16,100,250,1,,1
471,16,100,250,1,,4
472,16,100,250,1,,2
473,16,100,250,1,,1
474,1,200,400,1,,1
475,1,200,400,1,,1
476,16,100,250,1,,1
477,16,100,250,1,,1
478,1,200,400,1,,1
479,1,200,400,1,,1
480,13,135,0,1,,1
480,13,135,0,1,,1
480,13,135,0,1,,1
481,26,200,450,1,,1
481,1,200,400,1,,1
482,1,200,400,1,,1
483,8,80,300,1,,1
484,1,200,400,1,,1
485,1,200,400,1,,1
486,1,200,400,1,,1
487,16,100,250,1,,1
487,16,100,250,1,,1
488,8,80,300,1,,1
488,8,80,300,1,,1
489,1,200,400,1,,1
490,14,100,250,1,,1
490,8,80,300,1,,1
490,16,100,250,1,,1
491,16,100,250,1,,1
492,16,100,250,1,,1
493,16,100,250,1,,1
494,1,200,400,1,,1
495,16,100,250,1,,1
495,8,80,300,1,,1
496,16,100,250,1,,1
496,14,100,250,1,,1
497,16,100,250,1,,1
498,16,100,250,1,,1
499,1,200,400,1,,1
500,16,100,250,1,,1
501,1,200,400,1,,4
502,1,200,400,1,,1
503,8,80,300,1,,1
503,8,80,300,1,,1
504,16,100,250,1,,1
505,28,170,450,1,,1
505,28,170,450,1,,1
506,16,100,250,1,,2
507,16,100,250,1,,1
508,8,80,300,1,,1
509,16,100,250,1,,1
510,16,100,250,1,,1
510,16,100,250,1,,1
511,16,100,250,1,,1
512,8,80,300,1,,1
513,8,80,300,1,,1
514,16,100,250,1,,1
514,8,80,300,1,,1
515,16,100,250,1,,1
516,16,100,250,1,,1
517,16,100,250,1,,1
518,16,100,250,1,,1
519,4,183,450,1,,1
519,4,183,450,1,,1
520,10,150,400,1,,1
521,16,100,250,1,,1
522,1,200,400,1,,3
522,4,183,450,1,,3
523,8,80,300,1,,2
523,8,80,300,1,,2
524,10,150,400,1,,1
525,10,150,400,1,,3
526,1,200,400,1,,1
527,1,200,400,1,,1
528,8,80,300,1,,1
529,10,150,400,1,,1
531,16,100,250,1,,1
532,10,150,400,1,,1
532,8,80,300,1,,1
533,4,183,450,1,,1
534,10,150,400,1,,1
535,28,170,450,1,,1
536,10,150,400,1,,3
537,1,200,400,1,,1
538,1,200,400,1,,1
538,4,183,450,1,,1
539,16,100,250,1,,1
540,16,100,250,1,,1
541,16,100,250,1,,1
542,10,150,400,1,,1
543,16,100,250,1,,1
544,16,100,250,1,,1
545,1,200,400,1,,1
546,1,200,400,1,,1
547,4,183,450,1,,1
548,16,100,250,1,,1
549,16,100,250,1,,1
550,16,100,250,1,,1
551,10,150,400,1,,1
552,8,80,300,1,,1
553,10,150,400,1,,1
554,8,80,300,1,,1
555,8,80,300,1,,1
556,32,180,400,1,,1
557,10,150,400,1,,1
558,16,100,250,1,,1
559,32,180,400,1,,1
560,16,100,250,1,,1
561,16,100,250,1,,1
562,16,100,250,1,,1
562,16,100,250,1,,1
562,21,140,350,1,,1
563,16,100,250,1,,1
564,32,180,400,1,,1
565,32,180,400,1,,1
566,16,100,250,1,,1
567,16,100,250,1,,1
568,16,100,250,1,,1
569,16,100,250,1,,1
570,16,100,250,1,,1
571,8,80,300,1,,1
572,10,150,400,1,,1
573,16,100,250,1,,1
574,16,100,250,1,,1
575,16,100,250,1,,1
576,1,200,400,1,,1
577,16,100,250,1,,1
578,16,100,250,1,,2
579,1,200,400,1,,1
580,16,100,250,1,,1
581,8,80,300,1,,1
582,32,180,400,1,,1
583,32,180,400,1,,1
584,8,80,300,1,,1
585,32,180,400,1,,1
586,16,100,250,1,,2
587,16,100,250,1,,1
588,32,180,400,1,,1
589,16,100,250,1,,2
590,32,180,400,1,,1
591,16,100,250,1,,3
592,16,100,250,1,,4
593,16,100,250,1,,2
594,14,100,250,1,,4
595,10,150,400,1,,1
596,16,100,250,1,,1
597,16,100,250,1,,3
598,16,100,250,1,,2
599,16,100,250,1,,1
599,16,100,250,1,,1
599,16,100,250,1,,1
600,8,80,300,1,,2
600,8,80,300,1,,2
601,8,80,300,1,,1
602,16,100,250,1,,2
603,16,100,250,1,,1
604,16,100,250,1,,1
605,16,100,250,1,,5
606,5,182,500,1,,1
606,16,100,300,1,,1
607,16,100,300,1,,1
608,5,182,500,1,,1
609,5,182,500,1,,1
609,5,182,500,1,,1
610,8,80,400,1,,1
610,8,80,400,1,,1
611,8,80,400,1,,1
612,5,182,500,1,,1
614,16,100,300,1,,1
615,8,80,400,1,,1
616,16,100,300,1,,1
617,5,182,500,1,,1
618,16,100,300,1,,1
619,16,100,300,1,,1
620,8,80,400,1,,1
620,8,80,400,1,,1
621,4,183,500,1,,1
621,4,183,500,1,,1
622,16,100,300,1,,1
623,5,182,500,1,,1
624,5,182,500,1,,1
624,5,182,500,1,,1
625,5,182,500,1,,1
626,16,100,300,1,,1
627,5,182,500,1,,1
628,8,80,400,1,,1
629,16,100,300,1,,1
629,8,80,400,1,,1
629,8,80,400,1,,1
629,8,80,400,1,,1
630,16,100,300,1,,1
631,5,182,500,1,,1
632,5,182,500,1,,1
633,5,182,500,1,,1
634,16,100,300,1,,1
635,8,80,400,1,,1
635,8,80,400,1,,1
636,8,80,400,1,,1
637,5,182,500,1,,1
638,5,182,500,1,,1
639,1,200,450,1,,1
640,8,80,400,1,,1
641,1,200,450,1,,1
642,5,182,500,1,,2
643,5,182,500,1,,2
644,1,200,450,1,,1
645,16,100,300,1,,2
646,16,100,300,1,,1
646,1,200,450,1,,1
647,16,100,300,1,,1
649,4,183,500,1,,1
651,16,100,300,1,,1
651,4,183,500,1,,1
652,1,200,450,1,,1
653,16,100,300,1,,1
654,1,200,450,1,,1
655,1,200,450,1,,1
656,8,80,400,1,,1
657,16,100,300,1,,1
658,16,100,300,1,,1
659,16,100,300,1,,1
660,16,100,300,1,,1
660,14,100,300,1,,1
661,8,80,400,1,,1
662,16,100,300,1,,1
663,16,100,300,1,,1
663,16,100,300,1,,1
664,1,200,450,1,,1
665,8,80,400,1,,1
667,1,200,450,1,,1
667,16,100,300,1,,1
668,16,100,300,1,,1
669,16,100,300,1,,1
670,8,80,400,1,,1
671,1,200,450,1,,1
672,4,183,500,1,,1
673,1,200,450,1,,1
674,1,200,450,1,,1
675,16,100,300,1,,1
676,1,200,450,1,,1
677,8,80,400,1,,1
678,1,200,450,1,,1
679,1,200,450,1,,1
680,8,80,400,1,,1
680,8,80,400,1,,1
681,8,80,400,1,,1
682,16,100,300,1,,1
683,1,200,450,1,,1
684,16,100,300,1,,1
685,4,183,500,1,,1
685,4,183,500,1,,1
685,4,183,500,1,,1
686,1,200,450,1,,1
687,16,100,300,1,,1
688,1,200,450,1,,1
689,16,100,300,1,,1
690,8,80,400,1,,1
691,16,100,300,1,,1
692,4,183,500,1,,1
693,16,100,300,1,,1
694,8,80,400,1,,1
695,8,80,400,1,,1
696,8,80,400,1,,1
696,8,80,400,1,,1
697,16,100,350,1,,1
698,16,100,350,1,,1
699,16,100,350,1,,1
700,16,100,350,1,,1
701,8,80,400,1,,1
702,4,183,500,1,,1
702,4,183,500,1,,1
703,16,100,350,1,,1
704,36,350,500,1,,1
705,1,200,450,1,,1
706,16,100,350,1,,1
707,36,350,500,1,,1
708,37,350,500,1,,1
709,8,80,400,1,,1
710,16,100,350,1,,1
711,36,350,500,1,,1
712,4,183,500,1,,1
712,4,183,500,1,,1
713,16,100,350,1,,1
714,37,350,500,1,,1
715,1,200,500,1,,1
716,8,80,400,1,,1
717,16,100,350,1,,1
718,1,200,500,1,,1
719,8,80,400,1,,1
719,14,100,300,1,,1
719,4,183,500,1,,1
719,40,200,800,1,,1
719,40,200,800,1,,1
719,40,200,800,1,,1
719,40,200,800,1,,1
719,34,280,600,1,,1
719,34,280,600,1,,1
720,1,200,500,1,,6
721,16,100,0,1,,1
723,16,100,350,1,,1
724,36,350,500,1,,1
725,4,183,500,1,,1
725,4,183,500,1,,1
725,16,100,350,1,,1
726,16,100,350,1,,1
727,36,350,500,1,,1
728,16,100,350,1,,1
729,16,100,350,1,,1
731,37,350,500,1,,1
732,16,100,350,1,,1
733,8,80,400,1,,1
733,8,80,400,1,,1
733,8,80,400,1,,1
734,16,100,350,1,,1
735,16,100,350,1,,1
736,16,100,350,1,,1
737,16,100,350,1,,1
738,16,100,350,1,,1
739,16,100,350,1,,1
740,16,100,350,1,,1
741,36,350,500,1,,1
742,37,350,500,1,,1
743,26,200,500,1,,3
743,36,350,500,1,,3
744,16,100,350,1,,2
745,16,100,350,1,,3
746,36,350,500,1,,1
747,36,350,500,1,,1
748,8,80,400,1,,1
748,8,80,400,1,,1
749,16,100,350,1,,1
750,1,200,500,1,,1
751,36,350,500,1,,1
751,36,350,500,1,,1
752,16,100,350,1,,1
753,16,100,350,1,,1
754,16,100,350,1,,1
755,36,350,500,1,,1
755,1,200,500,1,,1
756,36,350,500,1,,1
757,37,350,500,1,,1
758,16,100,350,1,,1
759,16,100,350,1,,1
760,14,100,300,1,,1
761,16,100,350,1,,1
762,16,100,350,1,,1
764,36,350,500,1,,1
765,16,100,350,1,,1
766,1,200,500,1,,1
767,37,350,500,1,,1
769,16,100,350,1,,1
770,16,100,350,1,,1
771,16,100,350,1,,1
771,16,100,350,1,,1
772,16,100,350,1,,1
773,16,100,350,1,,1
774,37,350,500,1,,1
775,43,250,500,1,,2
776,16,100,350,1,,3
777,16,100,350,1,,1
778,16,100,350,1,,3
779,36,350,500,1,,1
780,16,100,350,1,,1
781,8,80,400,1,,1
782,16,100,350,1,,1
783,43,250,500,1,,1
784,34,280,600,1,,1
785,36,350,500,1,,1
785,1,200,500,1,,1
786,16,100,350,1,,1
787,43,250,500,1,,1
787,43,250,500,1,,1
788,8,80,400,1,,1
789,43,250,500,1,,1
790,37,350,500,1,,1
791,16,100,350,1,,1
792,8,80,400,1,,1
792,8,80,400,1,,1
792,8,80,400,1,,1
794,8,80,400,1,,1
794,16,100,350,1,,1
794,14,100,300,1,,1
794,16,100,350,1,,1
796,43,250,500,1,,1
797,16,100,350,1,,1
798,1,200,500,1,,1
798,8,80,400,1,,1
799,42,110,350,1,,1
800,8,80,400,1,,1
801,42,110,350,1,,1
801,42,110,350,1,,1
802,42,110,350,1,,4
803,42,110,350,1,,5
804,43,250,500,1,,1
805,8,80,400,1,,1
806,43,250,500,1,,3
807,5,182,500,1,,4
808,42,110,350,1,,1
809,42,110,350,1,,1
810,44,190,500,1,,1
811,42,110,0,1,,1
812,42,110,350,1,,1
812,42,110,350,1,,1
812,45,7000,14000,1,,1
813,42,110,350,1,,1
813,42,110,350,1,,1
814,44,190,500,1,,1
815,43,250,500,1,,1
816,42,110,350,1,,1
817,42,110,350,1,,1
818,8,80,400,1,,3
819,43,250,0,1,,1
820,8,80,400,1,,1
820,37,350,500,1,,1
821,42,110,350,1,,1
822,42,110,350,1,,1
823,42,110,350,1,,1
824,14,100,300,1,,1
825,8,80,400,1,,1
825,42,110,350,1,,1
826,42,110,350,1,,1
827,42,110,350,1,,1
828,42,110,350,1,,1
829,42,110,350,1,,1
830,42,110,350,1,,1
831,42,110,350,1,,1
832,34,280,600,1,,1
832,8,80,400,1,,1
833,43,250,500,1,,1
834,8,150,400,1,,1
834,8,150,400,1,,1
835,42,110,350,1,,1
836,47,3600,9000,1,,1
837,42,110,350,1,,1
838,43,250,500,1,,1
839,44,190,500,1,,1
840,42,110,350,1,,1
841,28,170,500,1,,1
841,44,190,500,1,,1
842,43,250,500,1,,1
842,8,150,400,1,,1
843,44,190,500,1,,1
844,42,110,350,1,,1
845,42,110,350,1,,1
846,8,150,400,1,,1
847,42,110,350,1,,1
847,8,150,400,1,,1
848,16,100,350,1,,1
849,42,110,350,1,,1
850,8,150,400,1,,1
850,8,150,400,1,,1
851,42,110,350,1,,1
852,42,110,350,1,,1
852,8,150,400,1,,1
853,8,150,400,1,,1
854,43,250,500,1,,1
855,8,150,400,1,,1
856,8,150,400,1,,1
857,8,150,400,1,,2
857,8,150,400,1,,2
857,8,150,400,1,,2
857,8,150,400,1,,2
858,5,182,500,1,,1
859,8,150,400,1,,1
860,28,170,500,1,,1
860,28,170,500,1,,1
860,13,135,500,1,,1
860,13,135,500,1,,1
861,42,110,350,1,,4
862,42,110,350,1,,2
863,5,182,500,1,,1
863,5,182,500,1,,1
865,14,100,300,1,,1
865,42,110,350,1,,1
866,42,110,350,1,,1
867,43,250,500,1,,1
867,42,110,350,1,,1
868,43,250,500,1,,1
868,43,250,500,1,,1
869,8,150,400,1,,1
869,8,150,400,1,,1
870,42,110,350,1,,1
871,43,250,500,1,,1
872,14,100,300,1,,1
873,43,250,500,1,,1
874,48,200,400,1,,1
875,8,150,400,1,,1
875,8,150,400,1,,1
876,42,110,350,1,,1
878,16,100,350,1,,1
879,16,100,0,1,,1
881,8,150,400,1,,1
882,50,150,350,1,,1
883,44,190,500,1,,1
884,50,150,350,1,,1
884,50,150,350,1,,1
884,38,350,500,1,,1
885,50,150,350,1,,1
886,50,150,350,1,,1
887,50,150,350,1,,1
888,50,150,350,1,,1
889,8,150,400,1,,1
889,8,150,400,1,,1
890,50,150,350,1,,1
892,8,150,400,1,,1
893,8,150,400,1,,1
894,50,150,350,1,,1
895,50,150,350,1,,1
896,50,150,350,1,,1
896,8,150,400,1,,1
897,26,200,500,1,,1
897,50,150,350,1,,1
898,50,150,350,1,,1
899,50,150,350,1,,1
900,16,100,350,1,,1
901,43,250,500,1,,1
902,50,150,350,1,,1
903,8,150,400,1,,1
903,8,150,400,1,,1
903,8,150,400,1,,1
903,8,150,400,1,,1
904,50,150,350,1,,1
905,20,200,450,1,,1
905,44,190,500,1,,1
906,50,150,350,1,,1
907,43,250,500,1,,1
907,44,190,500,1,,1
908,50,150,400,1,,1
909,56,72.12,1000,1,,1
910,8,150,800,1,,1
911,50,150,400,1,,4
912,61,310,1000,1,,1
913,64,92.12,1200,1,,3
914,50,150,0,1,,1
915,55,320.07,1200,1,,1
915,55,320.07,1200,1,,1
916,64,212,1200,1,,1
916,64,212,1200,1,,1
917,55,320.07,1200,1,,1
917,73,260,600,1,,1
918,3,150,0,1,,1
919,14,120,600,1,,1
919,62,310,1000,1,,1
920,64,212,1200,1,,1
921,64,212,0,1,,1
922,73,260,600,1,,1
922,55,320.07,1200,1,,1
923,74,400,0,1,,1
924,8,156,0,1,,1
925,8,156,800,1,,1
926,74,400,800,1,,1
927,14,120,600,1,,1
928,8,156,800,1,,1
929,56,192,1000,1,,1
929,3,150,600,1,,1
930,55,328,1200,1,,1
931,3,150,600,1,,1
932,55,328,1200,1,,1
932,3,150,600,1,,1
933,64,212,0,1,,6
934,56,192,0,1,,6
934,64,212,0,1,,6
935,64,212,1200,1,,1
935,64,212,1200,1,,1
935,64,212,1200,1,,1
935,64,212,1200,1,,1
935,50,150,400,1,,1
935,50,150,400,1,,1
935,52,208,800,1,,1
935,52,208,800,1,,1
936,50,150,400,1,,1
937,8,156,800,1,,1
937,55,328,1200,1,,1
938,50,150,400,1,,6
939,8,156,800,1,,1
939,50,150,400,1,,1
940,64,212,1200,1,,3
941,8,156,0,1,,1
941,8,156,0,1,,1
941,27,180,0,1,,1
941,27,180,0,1,,1
941,66,290,0,1,,1
941,50,150,0,1,,1
942,64,212,1200,1,,1
943,50,150,400,1,,1
943,50,150,400,1,,1
943,64,212,1200,1,,1
943,56,192,1000,1,,1
944,52,208,800,1,,1
945,55,328,1200,1,,1
945,64,212,1200,1,,1
946,64,212,1200,1,,1
947,64,212,0,1,,1
947,64,212,0,1,,1
948,64,212,1200,1,,1
949,64,212,1200,1,,1
949,55,328,1200,1,,1
950,64,212,0,1,,1
951,64,212,1200,1,,1
952,64,212,1200,1,,1
953,64,212,1200,1,,1
954,44,180,600,1,,1
955,53,243.4,880,1,,1
955,64,212,1200,1,,1
956,62,310,1000,1,,1
956,61,310,1000,1,,1
956,52,208,800,1,,1
956,52,208,800,1,,1
956,55,328,1200,1,,1
957,3,150,600,1,,1
957,3,150,600,1,,1
958,64,212,0,1,,1
959,55,328,1200,1,,1
959,55,328,1200,1,,1
959,55,328,1200,1,,1
960,62,310,1000,1,,1
961,43,250,800,1,,1
961,43,250,800,1,,1
962,66,290,1000,1,,1
962,66,290,1000,1,,1
962,66,290,1000,1,,1
963,64,212,1200,1,,1
964,61,310,0,1,,1
965,64,212,1200,1,,1
966,64,212,0,1,,1
966,64,212,0,1,,1
966,64,212,0,1,,1
966,64,212,0,1,,1
967,62,310,1000,1,,1
967,62,310,1000,1,,1
967,62,310,1000,1,,1
967,62,310,1000,1,,1
967,61,310,1000,1,,1
967,61,310,1000,1,,1
967,61,310,1000,1,,1
967,61,310,1000,1,,1
967,55,328,1200,1,,1
967,44,180,600,1,,1
968,1,200,800,1,,1
969,55,328,1200,1,,1
969,55,328,1200,1,,1
969,3,150,600,1,,1
969,56,192,1000,1,,1
970,62,310,1000,1,,1
971,56,192,1000,1,,1
972,55,328,1200,1,,1
972,55,328,1200,1,,1
972,3,150,600,1,,1
972,64,212,1200,1,,1
972,64,212,1200,1,,1
973,3,150,600,1,,1
974,64,212,0,1,,1
975,64,212,1200,1,,1
975,64,212,1200,1,,1
976,64,212,1200,1,,1
977,64,212,1200,1,,1
977,43,250,800,1,,1
977,53,243.4,880,1,,1
978,14,120,0,1,,1
978,64,212,0,1,,1
978,64,212,0,1,,1
978,64,212,0,1,,1
978,64,212,0,1,,1
979,64,212,1200,1,,1
980,3,150,600,1,,1
981,1,200,800,1,,1
982,55,328,1200,1,,1
984,50,150,400,1,,1
985,55,328,1200,1,,1
985,55,328,1200,1,,1
985,43,250,800,1,,1
985,43,250,800,1,,1
986,64,212,1200,1,,1
987,64,212,1200,1,,1
987,64,212,1200,1,,1
987,61,310,1000,1,,1
987,61,310,1000,1,,1
988,64,212,1200,1,,2
988,8,156,800,1,,2
989,64,212,1200,1,,1
990,64,212,1200,1,,2
991,50,150,400,1,,1
992,64,212,1200,1,,1
993,64,212,0,1,,1
993,64,212,0,1,,1
993,64,212,0,1,,1
993,8,156,0,1,,1
993,64,212,0,1,,1
993,64,212,0,1,,1
994,78,0,600,1,,1
995,78,0,600,1,,1
995,50,150,600,1,,1
996,50,150,600,1,,1
997,55,328,1200,1,,1
997,50,150,600,1,,1
998,50,150,600,1,,1
998,64,212,1200,1,,1
999,50,150,600,1,,1
1000,8,156,800,1,,1
1001,64,212,0,1,,1
1001,64,212,0,1,,1
1001,64,212,0,1,,1
1001,64,212,0,1,,1
1002,64,212,1200,1,,1
1003,64,212,0,1,,1
1004,8,156,800,1,,1
1005,71,240,1000,1,,1
1005,71,240,1000,1,,1
1005,55,328,1200,1,,1
1007,64,212,1200,1,,1
1007,64,212,1200,1,,1
1007,64,212,1200,1,,1
1007,64,212,1200,1,,1
1007,62,310,1000,1,,1
1008,67,284.12,1200,1,,1
1009,71,240,1000,1,,1
1010,78,0,600,1,,1
1010,55,328,1200,1,,1
1011,64,212,1200,1,,1
1012,64,212,1200,1,,1
1012,64,212,1200,1,,1
1012,61,310,1000,1,,1
1012,52,208,800,1,,1
1012,50,150,600,1,,1
1013,55,328,1200,1,,1
1013,78,0,600,1,,1
1014,78,0,600,1,,1
1015,14,120,600,1,,1
1016,50,150,600,1,,1
1016,71,240,1000,1,,1
1017,14,120,600,1,,1
1017,14,120,600,1,,1
1017,50,150,600,1,,1
1017,71,240,1000,1,,1
1017,78,0,600,1,,1
1017,61,310,1000,1,,1
1017,64,212,1200,1,,1
1017,64,212,1200,1,,1
1018,71,240,1000,1,,1
1018,78,0,600,1,,1
1018,62,310,1000,1,,1
1018,64,212,1200,1,,1
1018,78,0,600,1,,1
1018,61,310,1000,1,,1
1019,55,328,1200,1,,1
1019,38,250,800,1,,1
1020,64,212,0,1,,1
1020,64,212,0,1,,1
1020,64,212,0,1,,1
1020,64,212,0,1,,1
1021,64,212,0,1,,1
1021,55,328,0,1,,1
1021,50,150,0,1,,1
1022,64,212,0,1,,1
1022,64,212,0,1,,1
1022,64,212,0,1,,1
1022,64,212,0,1,,1
1023,64,212,0,1,,1
1024,53,243.4,0,1,,1
1024,64,212,0,1,,1
1024,64,212,0,1,,1
1024,64,212,0,1,,1
1025,50,150,600,1,,1
1025,78,0,600,1,,1
1025,55,328,1200,1,,1
1026,56,192,0,1,,1
1026,64,212,0,1,,1
1027,53,243.4,1000,1,,1
1028,64,212,1200,1,,1
1029,50,150,600,1,,1
1030,64,212,0,1,,1
1030,64,212,0,1,,1
1031,64,212,1200,1,,1
1032,50,150,600,1,,1
1032,8,156,800,1,,1
1033,64,212,0,1,,1
1033,64,212,0,1,,1
1033,64,212,0,1,,1
1033,64,212,0,1,,1
1033,64,212,0,1,,1
1034,14,120,600,1,,1
1035,8,156,800,1,,1
1035,8,156,800,1,,1
1035,55,328,1200,1,,1
1035,55,328,1200,1,,1
1035,64,212,1200,1,,1
1035,50,150,600,1,,1
1036,65,164,800,1,,1
1036,65,164,800,1,,1
1037,8,156,800,1,,1
1038,64,212,0,1,,1
1038,55,328,0,1,,1
1039,55,328,1200,1,,1
1040,64,212,1150,1,,1
1040,62,310,950,1,,1
1040,62,310,950,1,,1
1040,61,310,950,1,,1
1040,61,310,950,1,,1
1040,77,41.75,50,1,,1
1040,77,41.75,50,1,,1
1041,64,212,1150,1,,1
1042,56,192,900,1,,1
1042,50,150,600,1,,1
1043,64,212,0,1,,1
1043,64,212,0,1,,1
1043,55,328,0,1,,1
1043,55,328,0,1,,1
1044,62,310,950,1,,1
1045,78,0,600,1,,1
1046,78,0,600,1,,1
1047,61,310,950,1,,1
1047,61,310,950,1,,1
1047,61,310,950,1,,1
1047,77,41.75,50,1,,1
1047,77,41.75,50,1,,1
1047,64,212,1150,1,,1
1048,50,150,600,1,,1
1049,64,212,0,1,,1
1049,64,212,0,1,,1
1049,64,212,0,1,,1
1050,74,400,600,1,,1
1050,74,400,600,1,,1
1050,8,156,800,1,,1
1051,66,290,900,1,,1
1051,13,135,900,1,,1
1051,1,200,800,1,,1
1051,1,200,800,1,,1
1052,78,0,600,1,,1
1053,64,212,1150,1,,1
1054,50,150,600,1,,1
1055,64,212,1150,1,,1
1056,64,212,1150,1,,1
1056,50,150,600,1,,1
1056,77,41.75,50,1,,1
1057,52,208,750,1,,1
1057,52,208,750,1,,1
1057,52,208,750,1,,1
1058,78,0,0,1,,1
1058,78,0,0,1,,1
1059,78,0,600,1,,1
1059,50,150,600,1,,1
1060,64,212,0,1,,1
1060,64,212,0,1,,1
1061,1,200,800,1,,1
1061,1,200,800,1,,1
1061,1,200,800,1,,1
1061,1,200,800,1,,1
1061,1,200,800,1,,1
1061,50,150,600,1,,1
1062,64,212,1150,1,,1
1063,8,156,800,1,,1
1063,50,150,600,1,,1
1064,55,328,1200,1,,1
1064,56,192,900,1,,1
1065,50,150,600,1,,1
1065,80,300,600,1,,1
1066,8,156,800,1,,1
1066,50,150,600,1,,1
1067,78,0,600,1,,1
1068,64,212,1150,1,,1
1069,8,156,800,1,,1
1069,50,150,600,1,,1
1070,14,120,600,1,,1
1071,8,156,800,1,,1
1071,8,156,800,1,,1
1072,50,150,600,1,,1
1073,53,243.4,950,1,,1
1073,78,0,600,1,,1
1074,14,120,600,1,,1
1074,14,120,600,1,,1
1074,64,212,1150,1,,1
1075,64,212,0,1,,1
1076,64,212,1150,1,,1
1076,64,212,1150,1,,1
1076,64,212,1150,1,,1
1077,71,240,0,1,,1
1077,71,240,0,1,,1
1077,71,240,0,1,,1
1078,78,0,600,1,,1
1078,64,212,1150,1,,1
1079,82,174,0,1,,1
1079,82,174,0,1,,1
1079,82,174,0,1,,1
1079,82,174,0,1,,1
1079,82,174,0,1,,1
1080,80,300,600,1,,1
1081,80,300,0,1,,1
1081,80,300,0,1,,1
1082,8,156,800,1,,1
1083,8,156,800,1,,1
1084,8,156,0,1,,1
1085,50,150,600,1,,1
1086,50,150,600,1,,1
1087,64,212,1150,1,,1
1088,64,212,1150,1,,1
1089,56,192,900,1,,1
1089,53,243.4,950,1,,1
1089,82,174,700,1,,1
1090,78,0,600,1,,1
1092,50,150,600,1,,1
1093,8,156,800,1,,1
1094,84,459,950,1,,1
1095,64,212,0,1,,1
1095,64,212,0,1,,1
1095,64,212,0,1,,1
1095,64,212,0,1,,1
1096,71,240,900,1,,1
1097,64,212,0,1,,1
1097,80,300,0,1,,1
1097,81,300,0,1,,1
1097,50,150,0,1,,1
1098,80,300,600,1,,1
1098,81,300,600,1,,1
1098,78,0,600,1,,1
1099,71,240,0,1,,1
1099,71,240,0,1,,1
1100,61,310,950,1,,1
1100,64,212,1150,1,,1
1100,64,212,1150,1,,1
1100,50,150,600,1,,1
1101,1,200,800,1,,1
1102,56,192,900,1,,1
1102,56,192,900,1,,1
1103,56,192,0,1,,1
1104,61,310,950,1,,1
1105,8,156,800,1,,1
1105,55,328,1200,1,,1
1106,64,212,1150,1,,1
1107,64,212,1150,1,,1
1108,64,212,1150,1,,1
1108,50,150,600,1,,1
1109,52,208,750,1,,1
1109,56,192,900,1,,1
1110,56,192,900,1,,1
1110,84,459,950,1,,1
1110,64,212,1150,1,,1
1111,64,212,1150,1,,1
1111,50,150,600,1,,1
1111,55,328,1200,1,,1
1111,55,328,1200,1,,1
1111,82,174,700,1,,1
1111,82,174,700,1,,1
1111,82,174,700,1,,1
1111,82,174,700,1,,1
1111,82,174,700,1,,1
1111,1,200,800,1,,1
1111,1,200,800,1,,1
1111,64,212,1150,1,,1
1112,1,200,800,1,,1
1112,61,310,950,1,,1
1113,65,164,950,1,,1
1114,64,212,0,1,,1
1115,64,212,1150,1,,1
1115,64,212,1150,1,,1
1115,64,212,1150,1,,1
1115,52,208,750,1,,1
1115,55,328,1200,1,,1
1116,8,156,0,1,,1
1116,14,120,0,1,,1
1117,56,192,900,1,,4
1117,56,192,900,1,,4
1118,78,0,600,1,,1
1118,78,0,600,1,,1
1119,64,212,1150,1,,3
1119,64,212,1150,1,,3
1119,64,212,1150,1,,3
1119,64,212,1150,1,,3
1119,62,310,950,1,,3
1120,85,243,0,1,,5
1120,8,156,0,1,,5
1121,55,328,0,1,,1
1121,78,0,0,1,,1
1122,8,156,800,1,,1
1122,74,400,600,1,,1
1123,78,0,600,1,,1
1123,78,0,600,1,,1
1124,14,120,600,1,,4
1125,85,243,700,1,,4
1125,85,243,700,1,,4
1125,50,150,600,1,,4
1125,50,150,600,1,,4
1126,56,192,900,1,,1
1127,66,290,0,1,,1
1127,66,290,0,1,,1
1128,64,212,1150,1,,1
1128,1,200,800,1,,1
1129,64,212,1150,1,,4
1129,64,212,1150,1,,4
1129,84,459,950,1,,4
1129,50,150,600,1,,4
1130,64,212,0,1,,1
1130,64,212,0,1,,1
1130,64,212,0,1,,1
1130,64,212,0,1,,1
1131,82,174,700,1,,1
1132,14,120,600,1,,1
1133,73,260,800,1,,1
1133,53,243.4,950,1,,1
1134,85,243,700,1,,1
1135,55,328,1200,1,,1
1135,64,212,1150,1,,1
1136,62,310,0,1,,1
1136,77,41.75,0,1,,1
1137,55,328,1200,1,,6
1137,64,212,1150,1,,6
1138,64,212,1150,1,,1
1138,56,192,900,1,,1
1138,69,300,800,1,,1
1139,14,120,600,1,,1
1140,64,212,0,1,,1
1140,64,212,0,1,,1
1140,64,212,0,1,,1
1140,8,156,0,1,,1
1141,64,212,1150,1,,1
1141,64,212,1150,1,,1
1142,40,200,0,1,,1
1142,40,200,0,1,,1
1142,82,174,0,1,,1
1142,61,310,0,1,,1
1143,83,513,1150,1,,1
1143,83,513,1150,1,,1
1143,77,41.75,50,1,,1
1143,77,41.75,50,1,,1
1143,53,243.4,950,1,,1
1144,50,150,600,1,,1
1145,55,328,1200,1,,2
1145,64,212,1150,1,,2
1146,64,212,1150,1,,1
1146,84,459,950,1,,1
1147,55,328,1200,1,,1
1148,78,0,600,1,,1
1148,84,459,950,1,,1
1148,84,459,950,1,,1
1148,55,328,1200,1,,1
1148,50,150,600,1,,1
1149,64,212,1150,1,,1
1149,84,459,950,1,,1
1150,64,212,1150,1,,1
1150,85,243,700,1,,1
1150,82,174,700,1,,1
1151,74,400,600,1,,1
1152,56,192,900,1,,1
1153,14,120,600,1,,1
1154,85,243,700,1,,1
1154,50,150,600,1,,1
1154,14,120,600,1,,1
1155,82,174,700,1,,1
1157,64,212,1150,1,,1
1158,55,328,1200,1,,1
1158,77,41.75,50,1,,1
1159,8,156,800,1,,1
1160,64,212,0,1,,1
1160,64,212,0,1,,1
1160,8,156,0,1,,1
1160,8,156,0,1,,1
1160,8,156,0,1,,1
1160,8,156,0,1,,1
1161,50,150,600,1,,1
1161,55,328,1200,1,,1
1161,65,164,950,1,,1
1162,55,328,1200,1,,5
1162,64,212,1150,1,,5
1163,56,192,900,1,,1
1163,56,192,900,1,,1
1163,50,150,600,1,,1
1164,64,212,1150,1,,3
1165,53,243.4,950,1,,1
1165,58,288,1000,1,,1
1165,52,208,750,1,,1
1165,61,310,950,1,,1
1165,61,310,950,1,,1
1165,85,243,700,1,,1
1165,85,243,700,1,,1
1165,77,41.75,50,1,,1
1165,77,41.75,50,1,,1
1165,77,41.75,50,1,,1
1166,67,284.12,1200,1,,2
1166,56,192,900,1,,2
1167,65,164,950,1,,1
1168,67,284.12,1200,1,,2
1169,56,192,900,1,,1
1169,84,459,950,1,,1
1170,64,212,1150,1,,1
1170,64,212,1150,1,,1
1171,8,156,0,1,,1
1171,8,156,0,1,,1
1171,8,156,0,1,,1
1171,8,156,0,1,,1
1171,8,156,0,1,,1
1171,8,156,0,1,,1
1171,8,156,0,1,,1
1171,8,156,0,1,,1
1171,8,156,0,1,,1
1171,8,156,0,1,,1
1171,8,156,0,1,,1
1171,8,156,0,1,,1
1172,55,328,1200,1,,1
1173,67,284.12,1200,1,,1
1174,64,212,1150,1,,1
1174,61,310,950,1,,1
1174,61,310,950,1,,1
1174,62,310,950,1,,1
1174,62,310,950,1,,1
1174,85,243,700,1,,1
1174,85,243,700,1,,1
1174,85,243,700,1,,1
1174,82,174,700,1,,1
1174,82,174,700,1,,1
1174,82,174,700,1,,1
1174,82,174,700,1,,1
1174,82,174,700,1,,1
1174,82,174,700,1,,1
1174,82,174,700,1,,1
1174,82,174,700,1,,1
1174,82,174,700,1,,1
1174,82,174,700,1,,1
1174,84,459,950,1,,1
1174,77,41.75,50,1,,1
1174,77,41.75,50,1,,1
1174,77,41.75,50,1,,1
1174,77,41.75,50,1,,1
1174,77,41.75,50,1,,1
1175,78,0,600,1,,3
1175,85,243,700,1,,3
1175,64,212,1150,1,,3
1176,55,328,1200,1,,2
1177,64,212,1150,1,,3
1177,84,459,950,1,,3
1178,78,0,600,1,,1
1179,8,156,0,1,,1
1179,8,156,0,1,,1
1179,8,156,0,1,,1
1179,8,156,0,1,,1
1179,8,156,0,1,,1
1179,8,156,0,1,,1
1179,8,156,0,1,,1
1179,8,156,0,1,,1
1179,8,156,0,1,,1
1179,8,156,0,1,,1
1179,8,156,0,1,,1
1180,52,208,750,1,,1
1180,52,208,750,1,,1
1180,85,243,700,1,,1
1180,77,41.75,50,1,,1
1181,55,328,1200,1,,1
1181,64,212,1150,1,,1
1182,55,328,1200,1,,1
1183,78,0,600,1,,1
1183,53,243.4,950,1,,1
1184,61,310,950,1,,1
1185,85,243,700,1,,1
1186,78,0,600,1,,1
1187,53,243.4,950,1,,1
1187,78,0,600,1,,1
1188,14,120,600,1,,1
1188,84,459,950,1,,1
1188,50,150,600,1,,1
1189,64,212,1150,1,,1
1190,14,120,600,1,,1
1191,77,41.75,50,1,,1
1191,85,243,700,1,,1
1191,84,459,950,1,,1
1192,8,156,0,1,,1
1192,8,156,0,1,,1
1192,8,156,0,1,,1
1192,8,156,0,1,,1
1192,8,156,0,1,,1
1192,8,156,0,1,,1
1192,8,156,0,1,,1
1192,8,156,0,1,,1
1192,8,156,0,1,,1
1192,8,156,0,1,,1
1192,8,156,0,1,,1
1192,8,156,0,1,,1
1193,64,212,1150,1,,1
1193,64,212,1150,1,,1
1193,85,243,700,1,,1
1193,85,243,700,1,,1
1194,64,212,1150,1,,1
1194,64,212,1150,1,,1
1194,55,328,1200,1,,1
1195,14,120,600,1,,1
1195,65,164,950,1,,1
1195,65,164,950,1,,1
1195,85,243,700,1,,1
1195,67,284.12,1200,1,,1
1196,64,212,0,1,,1
1196,64,212,0,1,,1
1196,64,212,0,1,,1
1197,64,212,1150,1,,1
1197,55,328,1200,1,,1
1198,64,212,1150,1,,1
1199,55,328,1200,1,,1
1199,78,65,600,1,,1
1200,64,212,1150,1,,1
1200,64,212,1150,1,,1
1200,82,174,700,1,,1
1201,56,192,900,1,,1
1202,50,150,600,1,,1
1203,83,513,0,1,,1
1203,83,513,0,1,,1
1203,44,180,0,1,,1
1203,44,180,0,1,,1
1204,53,243.4,950,1,,1
1204,85,243,700,1,,1
1205,84,459,950,1,,1
1205,50,150,600,1,,1
1207,64,212,1150,1,,1
1207,64,212,1150,1,,1
1207,55,328,1200,1,,1
1207,55,328,1200,1,,1
1208,56,192,900,1,,1
1208,67,284.12,1200,1,,1
1209,50,150,600,1,,1
1209,61,310,950,1,,1
1210,8,156,0,1,,1
1210,8,156,0,1,,1
1210,8,156,0,1,,1
1211,8,156,0,1,,1
1211,8,156,0,1,,1
1211,8,156,0,1,,1
1211,8,156,0,1,,1
1211,8,156,0,1,,1
1211,8,156,0,1,,1
1211,8,156,0,1,,1
1211,8,156,0,1,,1
1211,8,156,0,1,,1
1211,8,156,0,1,,1
1211,8,156,0,1,,1
1211,8,156,0,1,,1
1212,55,328,1200,1,,1
1212,78,65,600,1,,1
1213,64,212,1150,1,,1
1213,85,243,700,1,,1
1213,85,243,700,1,,1
1214,85,243,700,1,,1
1214,85,243,700,1,,1
1214,77,41.75,50,1,,1
1215,64,212,1150,1,,1
1215,55,328,1200,1,,1
1215,55,328,1200,1,,1
1215,78,65,600,1,,1
1215,78,65,600,1,,1
1216,67,284.12,1200,1,,1
1216,56,192,900,1,,1
1216,56,192,900,1,,1
1217,83,513,1150,1,,1
1217,83,513,1150,1,,1
1217,77,41.75,50,1,,1
1217,1,200,800,1,,1
1218,78,65,600,1,,1
1219,78,65,600,1,,1
1220,64,212,1150,1,,1
1221,8,156,800,1,,1
1222,8,156,0,1,,1
1222,8,156,0,1,,1
1222,8,156,0,1,,1
1222,8,156,0,1,,1
1222,8,156,0,1,,1
1222,8,156,0,1,,1
1222,8,156,0,1,,1
1222,8,156,0,1,,1
1222,8,156,0,1,,1
1222,8,156,0,1,,1
1222,8,156,0,1,,1
1222,8,156,0,1,,1
1223,65,164,950,1,,1
1223,84,459,950,1,,1
1223,50,150,600,1,,1
1224,64,212,1150,1,,1
1224,56,192,900,1,,1
1225,61,310,950,1,,1
1225,61,310,950,1,,1
1225,69,300,800,1,,1
1225,55,328,1200,1,,1
1225,85,243,700,1,,1
1225,85,243,700,1,,1
1225,83,513,1150,1,,1
1225,77,41.75,50,1,,1
1225,77,41.75,50,1,,1
1226,56,192,900,1,,1
1227,55,328,1200,1,,1
1228,14,120,600,1,,1
1229,61,310,950,1,,1
1230,83,513,1150,1,,1
1231,64,212,1150,1,,1
1231,50,150,600,1,,1
1232,82,174,700,1,,1
1232,55,328,1200,1,,1
1232,55,328,1200,1,,1
1232,56,192,900,1,,1
1232,4,252,900,1,,1
1233,50,150,600,1,,1
1234,52,208,750,1,,1
1234,52,208,750,1,,1
1234,85,243,700,1,,1
1234,61,310,950,1,,1
1234,77,41.75,50,1,,1
1235,61,310,0,1,,1
1235,64,212,0,1,,1
1235,64,212,0,1,,1
1235,62,310,0,1,,1
1235,8,156,0,1,,1
1235,8,156,0,1,,1
1235,8,156,0,1,,1
1236,8,156,0,1,,1
1236,8,156,0,1,,1
1236,8,156,0,1,,1
1236,8,156,0,1,,1
1236,8,156,0,1,,1
1236,8,156,0,1,,1
1236,8,156,0,1,,1
1236,8,156,0,1,,1
1236,8,156,0,1,,1
1236,8,156,0,1,,1
1236,8,156,0,1,,1
1236,8,156,0,1,,1
1237,78,65,600,1,,1
1238,1,200,0,1,,1
1238,4,252,0,1,,1
1239,55,328,1200,1,,1
1239,78,65,600,1,,1
1239,77,41.75,50,1,,1
1240,14,120,600,1,,1
1240,14,120,600,1,,1
1240,50,150,600,1,,1
1241,55,328,1200,1,,1
1242,55,328,1200,1,,1
1242,78,65,600,1,,1
1243,50,150,600,1,,1
1244,8,156,0,1,,1
1244,8,156,0,1,,1
1244,8,156,0,1,,1
1245,64,212,1150,1,,1
1246,8,156,0,1,,1
1246,8,156,0,1,,1
1246,8,156,0,1,,1
1246,8,156,0,1,,1
1246,8,156,0,1,,1
1246,8,156,0,1,,1
1246,8,156,0,1,,1
1246,8,156,0,1,,1
1246,8,156,0,1,,1
1246,8,156,0,1,,1
1246,8,156,0,1,,1
1246,8,156,0,1,,1
1246,8,156,0,1,,1
1246,8,156,0,1,,1
1246,8,156,0,1,,1
1247,67,284.12,1200,1,,1
1248,14,120,0,1,,6
1248,64,212,0,1,,6
1249,78,65,600,1,,2
1250,85,243,700,1,,1
1250,78,65,600,1,,1
1251,56,192,900,1,,3
1251,55,328,1200,1,,3
1252,50,150,600,1,,5
1253,34,280,600,1,,5
1253,34,280,600,1,,5
1254,34,280,600,1,,5
1255,67,284.12,1200,1,,6
1256,8,156,0,1,,6
1256,8,156,0,1,,6
1256,8,156,0,1,,6
1256,8,156,0,1,,6
1256,8,156,0,1,,6
1256,8,156,0,1,,6
1256,8,156,0,1,,6
1256,8,156,0,1,,6
1256,8,156,0,1,,6
1256,8,156,0,1,,6
1256,8,156,0,1,,6
1256,8,156,0,1,,6
1256,8,156,0,1,,6
1256,8,156,0,1,,6
1257,64,212,1150,1,,2
1257,62,310,950,1,,2
1258,8,156,800,1,,1
1258,82,174,700,1,,1
1259,78,65,600,1,,1
1259,55,328,1200,1,,1
1259,53,243.4,950,1,,1
1259,83,513,1150,1,,1
1259,84,459,950,1,,1
1259,61,310,950,1,,1
1259,77,41.75,50,1,,1
1259,77,41.75,50,1,,1
1260,60,280,1000,1,,1
1260,78,65,600,1,,1
1260,1,200,800,1,,1
1260,61,310,950,1,,1
1260,61,310,950,1,,1
1260,53,243.4,950,1,,1
1261,53,243.4,950,1,,1
1262,50,150,600,1,,1
1262,85,243,700,1,,1
1263,64,212,0,1,,1
1263,64,212,0,1,,1
1263,64,212,0,1,,1
1263,8,156,0,1,,1
1263,8,156,0,1,,1
1263,8,156,0,1,,1
1263,8,156,0,1,,1
1264,64,212,1150,1,,1
1265,53,243.4,950,1,,1
1266,64,212,1150,1,,1
1267,16,100,600,1,,1
1268,8,156,800,1,,1
1268,16,100,600,1,,1
1269,78,65,600,1,,1
1270,56,192,900,1,,1
1271,78,65,600,1,,1
1271,53,243.4,950,1,,1
1272,8,156,800,1,,1
1274,78,65,600,1,,1
1275,78,65,600,1,,1
1276,64,212,1150,1,,1
1276,62,310,950,1,,1
1277,64,212,0,1,,1
1277,8,156,0,1,,1
1277,8,156,0,1,,1
1277,8,156,0,1,,1
1277,8,156,0,1,,1
1277,8,156,0,1,,1
1277,8,156,0,1,,1
1277,8,156,0,1,,1
1277,8,156,0,1,,1
1277,8,156,0,1,,1
1278,74,400,600,1,,1
1278,55,328,1200,1,,1
1279,55,328,1200,1,,1
1279,55,328,1200,1,,1
1279,85,243,700,1,,1
1279,85,243,700,1,,1
1279,85,243,700,1,,1
1279,85,243,700,1,,1
1279,82,174,700,1,,1
1279,82,174,700,1,,1
1279,82,174,700,1,,1
1279,82,174,700,1,,1
1279,77,41.75,50,1,,1
1279,77,41.75,50,1,,1
1279,77,41.75,50,1,,1
1279,16,100,600,1,,1
1280,55,328,0,1,,1
1280,55,328,0,1,,1
1280,78,65,0,1,,1
1280,78,65,0,1,,1
1281,64,212,0,1,,1
1281,85,243,0,1,,1
1282,78,65,600,1,,1
1283,52,208,750,1,,1
1283,8,156,800,1,,1
1284,64,212,1150,1,,1
1284,85,243,700,1,,1
1285,56,192,900,1,,4
1286,52,208,750,1,,3
1286,64,212,1150,1,,3
1287,64,212,1150,1,,1
1288,83,513,1150,1,,1
1288,8,156,800,1,,1
1288,16,100,600,1,,1
1289,14,120,600,1,,2
1290,16,100,600,1,,4
1291,4,252,0,1,,3
1291,4,252,0,1,,3
1291,4,252,0,1,,3
1291,4,252,0,1,,3
1291,4,252,0,1,,3
1291,4,252,0,1,,3
1291,78,65,0,1,,3
1291,8,156,0,1,,3
1291,8,156,0,1,,3
1292,64,212,0,1,,3
1292,8,156,0,1,,3
1292,8,156,0,1,,3
1292,8,156,0,1,,3
1292,8,156,0,1,,3
1292,8,156,0,1,,3
1292,8,156,0,1,,3
1292,8,156,0,1,,3
1292,8,156,0,1,,3
1292,64,212,0,1,,3
1292,64,212,0,1,,3
1293,84,459,950,1,,1
1293,84,459,950,1,,1
1293,84,459,950,1,,1
1293,84,459,950,1,,1
1294,64,212,0,1,,1
1295,16,100,600,1,,1
1295,56,192,900,1,,1
1296,65,164,950,1,,4
1297,61,310,950,1,,3
1297,61,310,950,1,,3
1297,61,310,950,1,,3
1297,52,208,750,1,,3
1297,77,41.75,50,1,,3
1297,77,41.75,50,1,,3
1298,14,120,600,1,,2
1299,64,212,0,1,,5
1299,66,290,0,1,,5
1299,64,212,0,1,,5
1299,64,212,0,1,,5
1299,64,212,0,1,,5
1299,64,212,0,1,,5
1300,84,459,950,1,,5
1301,64,212,1150,1,,2
1301,53,243.4,950,1,,2
1302,14,120,600,1,,1
1303,56,192,0,1,,1
1304,8,156,800,1,,1
1304,55,328,1200,1,,1
1304,78,65,600,1,,1
1304,67,284.12,1200,1,,1
1304,16,100,600,1,,1
1305,62,310,950,1,,1
1305,78,65,600,1,,1
1306,64,212,1150,1,,1
1307,78,65,600,1,,1
1307,53,243.4,950,1,,1
1307,62,310,950,1,,1
1307,16,100,600,1,,1
1307,53,243.4,950,1,,1
1308,62,310,950,1,,1
1309,64,212,0,1,,1
1309,64,212,0,1,,1
1309,8,156,0,1,,1
1309,8,156,0,1,,1
1309,8,156,0,1,,1
1310,56,192,0,1,,1
1311,84,459,950,1,,1
1311,64,212,1150,1,,1
1312,64,212,1150,1,,1
1312,55,328,1200,1,,1
1313,16,100,600,1,,1
1313,78,65,600,1,,1
1313,67,284.12,1200,1,,1
1314,56,192,900,1,,1
1315,16,100,600,1,,1
1315,55,328,1200,1,,1
1316,56,192,900,1,,1
1316,55,328,1200,1,,1
1317,61,310,950,1,,1
1318,83,513,1150,1,,1
1319,52,208,750,1,,1
1319,52,208,750,1,,1
1319,55,328,1200,1,,1
1319,64,212,1150,1,,1
1319,61,310,950,1,,1
1319,77,41.75,50,1,,1
1319,85,243,700,1,,1
1320,56,192,900,1,,1
1320,56,192,900,1,,1
1321,56,192,900,1,,1
1321,56,192,900,1,,1
1321,16,100,600,1,,1
1322,8,156,0,1,,1
1322,56,192,0,1,,1
1322,14,120,0,1,,1
1323,64,212,0,1,,1
1323,64,212,0,1,,1
1323,8,156,0,1,,1
1323,8,156,0,1,,1
1324,78,65,600,1,,1
1325,8,156,800,1,,2
1326,16,100,600,1,,2
1327,14,120,600,1,,2
1328,56,192,900,1,,1
1329,52,208,750,1,,1
1330,8,156,800,1,,1
1331,65,164,950,1,,3
1332,64,212,1150,1,,6
1333,64,212,1150,1,,4
1334,64,212,0,1,,6
1334,64,212,0,1,,6
1334,64,212,0,1,,6
1335,56,192,900,1,,1
1336,56,192,900,1,,1
1336,16,100,600,1,,1
1337,64,212,1150,1,,1
1337,64,212,1150,1,,1
1337,83,513,1150,1,,1
1337,62,310,950,1,,1
1338,64,212,1150,1,,1
1338,64,212,1150,1,,1
1338,83,513,1150,1,,1
1339,55,328,1200,1,,1
1339,55,328,1200,1,,1
1339,53,243.4,950,1,,1
1339,53,243.4,950,1,,1
1339,62,310,950,1,,1
1339,61,310,950,1,,1
1339,77,41.75,50,1,,1
1339,77,41.75,50,1,,1
1339,77,41.75,50,1,,1
1340,62,310,950,1,,1
1340,62,310,950,1,,1
1340,62,310,950,1,,1
1340,77,41.75,50,1,,1
1340,77,41.75,50,1,,1
1341,56,192,900,1,,1
1341,56,192,900,1,,1
1342,16,100,600,1,,1
1342,56,192,900,1,,1
1344,64,212,0,1,,1
1344,64,212,0,1,,1
1344,64,212,0,1,,1
1345,56,192,0,1,,1
1345,8,156,0,1,,1
1345,8,156,0,1,,1
1345,14,120,0,1,,1
1345,14,120,0,1,,1
1345,14,120,0,1,,1
1345,66,290,0,1,,1
1345,27,180,0,1,,1
1346,61,310,950,1,,1
1347,56,192,900,1,,1
1348,56,192,900,1,,1
1349,64,212,0,1,,1
1350,55,328,1200,1,,1
1351,55,328,1200,1,,1
1351,53,243.4,950,1,,1
1351,78,65,600,1,,1
1352,14,120,600,1,,1
1352,8,156,800,1,,1
1353,64,212,0,1,,1
1353,8,156,0,1,,1
1353,8,156,0,1,,1
1353,64,212,0,1,,1
1353,8,156,0,1,,1
1354,56,192,0,1,,1
1354,56,192,0,1,,1
1354,56,192,0,1,,1
1354,8,156,0,1,,1
1354,8,156,0,1,,1
1355,87,491.32,950,1,,1
1355,86,349.29,700,1,,1
1355,77,41.75,50,1,,1
1356,86,349.29,700,1,,1
1357,56,192,900,1,,1
1357,82,251.84,700,1,,1
1358,67,284.12,1200,1,,1
1358,55,328,1200,1,,1
1358,56,192,900,1,,1
1358,64,212,1150,1,,1
1359,87,491.32,950,1,,1
1359,16,100,600,1,,1
1360,78,65,600,1,,2
1360,73,260,800,1,,2
1360,82,251.84,700,1,,2
1361,52,208,750,1,,1
1361,52,208,750,1,,1
1361,56,192,900,1,,1
1361,56,192,900,1,,1
1361,16,100,600,1,,1
1362,8,156,0,1,,2
1362,56,192,0,1,,2
1362,78,65,0,1,,2
1362,8,156,0,1,,2
1362,8,156,0,1,,2
1362,14,120,0,1,,2
1362,14,120,0,1,,2
1362,73,260,0,1,,2
1362,1,200,0,1,,2
1363,64,212,0,1,,2
1363,64,212,0,1,,2
1363,64,212,0,1,,2
1363,8,156,0,1,,2
1363,8,156,0,1,,2
1363,8,156,0,1,,2
1363,8,156,0,1,,2
1364,87,491.32,950,1,,1
1365,84,536.85,950,1,,2
1365,69,300,800,1,,2
1365,1,200,800,1,,2
1366,64,212,1150,1,,1
1367,56,192,900,1,,1
1368,1,200,800,1,,1
1368,8,156,800,1,,1
1368,8,156,800,1,,1
1368,85,315.4,700,1,,1
1368,85,315.4,700,1,,1
1368,55,328,1200,1,,1
1368,86,349.29,700,1,,1
1369,55,328,1200,1,,5
1369,86,349.29,700,1,,5
1369,83,316.71,950,1,,5
1369,78,65,600,1,,5
1369,78,65,600,1,,5
1369,78,65,600,1,,5
1370,8,156,800,1,,3
1370,8,156,800,1,,3
1371,8,156,800,1,,1
1371,16,100,600,1,,1
1371,16,100,600,1,,1
1371,85,315.4,700,1,,1
1371,85,315.4,700,1,,1
1371,85,315.4,700,1,,1
1371,85,315.4,700,1,,1
1371,85,315.4,700,1,,1
1371,85,315.4,700,1,,1
1371,77,41.75,50,1,,1
1371,77,41.75,50,1,,1
1372,16,100,600,1,,1
1372,64,212,1150,1,,1
1373,56,192,900,1,,3
1374,53,243.4,950,1,,1
1374,53,243.4,950,1,,1
1374,53,243.4,950,1,,1
1374,53,243.4,950,1,,1
1374,1,200,800,1,,1
1374,78,65,600,1,,1
1375,67,284.12,1200,1,,6
1376,8,156,800,1,,5
1377,14,120,0,1,,3
1377,14,120,0,1,,3
1377,1,200,0,1,,3
1377,1,200,0,1,,3
1377,1,200,0,1,,3
1377,56,192,0,1,,3
1377,56,192,0,1,,3
1378,64,212,0,1,,3
1378,64,212,0,1,,3
1378,64,212,0,1,,3
1378,8,156,0,1,,3
1378,8,156,0,1,,3
1379,78,65,600,1,,1
1380,78,65,600,1,,1
1381,62,310,950,1,,1
1381,62,310,950,1,,1
1381,78,65,600,1,,1
1381,78,65,600,1,,1
1381,78,65,600,1,,1
1382,55,328,1200,1,,1
1382,78,65,600,1,,1
1383,55,328,1200,1,,1
1383,78,65,600,1,,1
1383,16,100,600,1,,1
1383,82,251.84,700,1,,1
1384,77,41.75,50,1,,1
1385,64,212,1150,1,,1
1385,87,491.32,950,1,,1
1386,1,200,800,1,,1
1387,16,100,600,1,,1
1388,52,208,750,1,,1
1388,1,200,800,1,,1
1389,64,212,0,1,,1
1389,64,212,0,1,,1
1389,64,212,0,1,,1
1389,8,156,0,1,,1
1389,8,156,0,1,,1
1389,8,156,0,1,,1
1389,8,156,0,1,,1
1390,16,100,0,1,,1
1390,86,349.29,0,1,,1
1390,56,192,0,1,,1
1391,64,212,0,1,,1
1392,78,65,600,1,,1
1392,55,328,1200,1,,1
1392,55,328,1200,1,,1
1392,64,212,1150,1,,1
1393,61,310,950,1,,1
1393,77,41.75,50,1,,1
1394,8,156,800,1,,1
1394,64,212,1150,1,,1
1395,55,328,1200,1,,1
1395,1,200,800,1,,1
1396,64,212,1150,1,,3
1396,64,212,1150,1,,3
1396,53,243.4,950,1,,3
1396,52,208,750,1,,3
1396,52,208,750,1,,3
1396,78,65,600,1,,3
1397,64,212,0,1,,2
1397,64,212,0,1,,2
1397,64,212,0,1,,2
1397,64,212,0,1,,2
1398,61,310,0,1,,2
1398,61,310,0,1,,2
1398,62,310,0,1,,2
1398,14,120,0,1,,2
1398,56,192,0,1,,2
1399,61,310,950,1,,4
1399,61,310,950,1,,4
1399,61,310,950,1,,4
1399,86,349.29,700,1,,4
1399,77,41.75,50,1,,4
1399,77,41.75,50,1,,4
1400,64,212,1150,1,,1
1400,55,328,1200,1,,1
1401,16,100,600,1,,3
1402,87,491.32,950,1,,1
1402,87,491.32,950,1,,1
1402,78,65,600,1,,1
1402,77,41.75,50,1,,1
1403,8,156,750,1,,1
1404,55,328,1200,1,,3
1404,64,212,1150,1,,3
1404,78,65,600,1,,3
1405,88,225.35,600,1,,1
1406,78,65,600,1,,2
1407,64,212,0,1,,2
1407,56,192,0,1,,2
1407,91,47.45,0,1,,2
1407,91,47.45,0,1,,2
1407,91,47.45,0,1,,2
1407,14,120,0,1,,2
1407,56,192,0,1,,2
1407,90,415.65,0,1,,2
1408,64,212,0,1,,2
1408,64,212,0,1,,2
1408,64,212,0,1,,2
1408,64,212,0,1,,2
1409,90,415.65,950,1,,1
1409,90,415.65,950,1,,1
1409,16,100,600,1,,1
1410,64,212,1150,1,,1
1411,55,328,1200,1,,1
1411,78,65,600,1,,1
1411,14,120,600,1,,1
1412,64,212,1150,1,,1
1413,64,212,1150,1,,1
1414,55,328,1200,1,,1
1414,8,156,750,1,,1
1415,64,212,1150,1,,1
1415,76,20.75,50,1,,1
1416,87,491.32,950,1,,1
1417,8,156,750,1,,1
1418,8,156,750,1,,1
1419,64,212,1150,1,,1
1420,56,192,850,1,,1
1420,82,251.84,700,1,,1
1421,64,212,0,1,,1
1421,64,212,0,1,,1
1421,64,212,0,1,,1
1421,64,212,0,1,,1
1422,56,192,850,1,,1
1422,88,225.35,600,1,,1
1423,78,65,0,1,,1
1423,55,328,0,1,,1
1423,78,65,0,1,,1
1423,78,65,0,1,,1
1423,88,225.35,0,1,,1
1423,86,349.29,0,1,,1
1423,16,100,0,1,,1
1423,34,280,0,1,,1
1423,66,290,0,1,,1
1423,64,212,0,1,,1
1423,14,120,0,1,,1
1423,56,192,0,1,,1
1423,14,120,0,1,,1
1424,88,225.35,600,1,,1
1424,91,47.45,180,1,,1
1424,91,47.45,180,1,,1
1424,91,47.45,180,1,,1
1425,90,415.65,950,1,,1
1425,88,225.35,600,1,,1
1426,88,225.35,600,1,,1
1427,91,47.45,180,1,,1
1427,91,47.45,180,1,,1
1428,88,225.35,600,1,,1
1429,78,65,600,1,,1
1429,86,349.29,700,1,,1
1430,53,243.4,950,1,,1
1430,78,65,600,1,,1
1431,90,415.65,0,1,,1
1431,56,192,0,1,,1
1431,14,120,0,1,,1
1432,8,156,0,1,,1
1432,8,156,0,1,,1
1432,8,156,0,1,,1
1432,64,212,0,1,,1
1432,8,156,0,1,,1
1432,8,156,0,1,,1
1432,8,156,0,1,,1
1432,64,212,0,1,,1
1432,64,212,0,1,,1
1433,88,225.35,600,1,,1
1434,55,328,1200,1,,1
1435,78,65,600,1,,1
1436,78,65,600,1,,1
1436,91,47.45,180,1,,1
1437,16,100,600,1,,1
1437,55,328,1200,1,,1
1438,16,100,600,1,,1
1439,56,192,850,1,,1
1440,8,156,750,1,,1
1441,78,65,600,1,,6
1442,90,415.65,950,1,,1
1442,64,212,1150,1,,1
1442,64,212,1150,1,,1
1443,16,100,600,1,,6
1443,55,328,1200,1,,6
1444,64,212,1150,1,,1
1444,91,47.45,180,1,,1
1445,56,192,850,1,,1
1445,86,349.29,700,1,,1
1445,16,100,600,1,,1
1446,87,491.32,0,1,,1
1447,55,328,0,1,,1
1447,64,212,0,1,,1
1448,78,65,600,1,,5
1448,78,65,600,1,,5
1448,55,328,1200,1,,5
1448,55,328,1200,1,,5
1448,16,100,600,1,,5
1448,16,100,600,1,,5
1449,78,65,600,1,,1
1450,88,225.35,600,1,,1
1451,88,225.35,600,1,,1
1452,89,511.39,0,1,,1
1452,55,328,0,1,,1
1452,55,328,0,1,,1
1452,77,41.75,0,1,,1
1452,8,156,0,1,,1
1453,8,156,0,1,,1
1453,90,415.65,0,1,,1
1453,90,415.65,0,1,,1
1453,77,41.75,0,1,,1
1453,62,310,0,1,,1
1454,64,212,0,1,,2
1454,64,212,0,1,,2
1454,64,212,0,1,,2
1454,64,212,0,1,,2
1454,8,156,0,1,,2
1454,8,156,0,1,,2
1455,88,225.35,600,1,,2
1456,65,164,950,1,,2
1457,90,415.65,950,1,,1
1458,48,200,400,1,,1
1458,16,100,600,1,,1
1458,56,192,850,1,,1
1458,55,328,1200,1,,1
1459,86,349.29,0,1,,1
1459,87,491.32,0,1,,1
1459,78,65,0,1,,1
1459,78,65,0,1,,1
1460,16,100,600,1,,1
1461,55,328,1200,1,,1
1461,64,212,1150,1,,1
1461,55,328,1200,1,,1
1461,85,315.4,700,1,,1
1461,62,310,950,1,,1
1461,62,310,950,1,,1
1461,16,100,600,1,,1
1462,88,225.35,600,1,,1
1463,16,100,600,1,,1
1464,16,100,600,1,,1
1465,1,200,750,1,,1
1465,78,65,600,1,,1
1465,64,212,1150,1,,1
1465,64,212,1150,1,,1
1465,78,65,600,1,,1
1465,88,225.35,600,1,,1
1465,90,415.65,950,1,,1
1465,86,349.29,700,1,,1
1465,16,100,600,1,,1
1466,64,212,1150,1,,1
1466,64,212,1150,1,,1
1467,56,192,0,1,,1
1467,56,192,0,1,,1
1468,64,212,0,1,,1
1468,64,212,0,1,,1
1468,64,212,0,1,,1
1469,91,47.45,180,1,,1
1470,78,65,600,1,,1
1471,48,200,400,1,,1
1472,4,252,850,1,,1
1473,8,156,750,1,,1
1473,16,100,600,1,,1
1474,16,100,600,1,,1
1475,86,349.29,700,1,,1
1475,78,65,600,1,,1
1476,56,192,0,1,,1
1477,88,225.35,600,1,,1
1477,88,225.35,600,1,,1
1477,88,225.35,600,1,,1
1478,64,212,1150,1,,1
1479,64,212,0,1,,1
1479,64,212,0,1,,1
1479,64,212,0,1,,1
1479,64,212,0,1,,1
1480,56,192,850,1,,1
1481,65,164,950,1,,3
1482,88,225.35,600,1,,2
1482,77,41.75,50,1,,2
1482,67,284.12,1200,1,,2
1483,65,164,950,1,,5
1483,55,328,1200,1,,5
1483,85,315.4,700,1,,5
1484,16,100,600,1,,1
1485,78,65,600,1,,1
1486,56,192,850,1,,4
1487,88,225.35,600,1,,1
1487,8,156,750,1,,1
1488,64,212,0,1,,1
1488,64,212,0,1,,1
1488,64,212,0,1,,1
1488,64,212,0,1,,1
1488,8,156,0,1,,1
1489,8,156,0,1,,1
1490,56,192,850,1,,1
1490,66,290,850,1,,1
1491,55,328,1200,1,,1
1492,88,225.35,600,1,,1
1493,92,300,600,1,,1
1494,64,212,1150,1,,1
1494,64,212,1150,1,,1
1494,64,212,1150,1,,1
1494,64,212,1150,1,,1
1494,88,225.35,600,1,,1
1495,92,300,600,1,,1
1495,55,328,1200,1,,1
1495,8,156,750,1,,1
1496,55,328,1200,1,,1
1496,77,41.75,50,1,,1
1497,87,491.32,950,1,,1
1497,77,41.75,50,1,,1
1497,78,65,600,1,,1
1497,62,310,950,1,,1
1497,93,300,600,1,,1
1497,87,491.32,950,1,,1
1497,86,349.29,700,1,,1
1497,77,41.75,50,1,,1
1498,55,328,1200,1,,1
1498,77,41.75,50,1,,1
1499,78,65,600,1,,1
1500,55,328,1200,1,,1
1501,64,212,1150,1,,4
1501,16,100,600,1,,4
1501,88,225.35,600,1,,4
1501,87,491.32,950,1,,4
1501,82,251.84,700,1,,4
1501,82,251.84,700,1,,4
1501,85,315.4,700,1,,4
1501,55,328,1200,1,,4
1501,77,41.75,50,1,,4
1501,77,41.75,50,1,,4
1501,77,41.75,50,1,,4
1501,85,315.4,700,1,,4
1501,90,415.65,950,1,,4
1502,64,212,0,1,,1
1502,64,212,0,1,,1
1502,64,212,0,1,,1
1502,64,212,0,1,,1
1503,92,300,0,1,,1
1503,8,156,0,1,,1
1503,66,290,0,1,,1
1503,66,290,0,1,,1
1503,66,290,0,1,,1
1503,88,225.35,0,1,,1
1503,89,511.39,0,1,,1
1503,77,41.75,0,1,,1
1504,88,225.35,600,1,,1
1505,87,491.32,950,1,,2
1505,60,280,1000,1,,2
1506,88,225.35,600,1,,2
1507,78,65,600,1,,4
1507,55,328,1200,1,,4
1508,52,208,750,1,,3
1509,56,192,850,1,,1
1510,55,328,1200,1,,1
1510,55,328,1200,1,,1
1510,77,41.75,50,1,,1
1511,55,328,1200,1,,1
1512,88,225.35,600,1,,1
1513,92,300,600,1,,1
1514,89,511.39,950,1,,1
1515,8,156,750,1,,1
1515,16,100,600,1,,1
1516,90,415.65,950,1,,1
1516,56,192,850,1,,1
1516,16,100,600,1,,1
1517,64,212,1150,1,,1
1517,64,212,1150,1,,1
1517,55,328,1200,1,,1
1517,55,328,1200,1,,1
1518,16,100,600,1,,1
1519,92,300,600,1,,1
1520,64,212,1150,1,,1
1521,88,225.35,600,1,,1
1521,88,225.35,600,1,,1
1522,73,260,0,1,,1
1522,14,120,0,1,,1
1523,64,212,0,1,,1
1523,8,156,0,1,,1
1523,8,156,0,1,,1
1523,64,212,0,1,,1
1523,8,156,0,1,,1
1523,8,156,0,1,,1
1523,64,212,0,1,,1
1524,88,225.35,600,1,,1
1525,92,300,600,1,,1
1525,86,349.29,700,1,,1
1526,64,212,1150,1,,2
1526,64,212,1150,1,,2
1527,55,328,1200,1,,1
1527,53,243.4,950,1,,1
1527,53,243.4,950,1,,1
1527,61,310,950,1,,1
1527,62,310,950,1,,1
1527,1,200,750,1,,1
1527,77,41.75,50,1,,1
1527,77,41.75,50,1,,1
1528,8,156,750,1,,1
1528,8,156,750,1,,1
1529,16,100,600,1,,3
1529,8,156,750,1,,3
1530,8,156,750,1,,2
1531,85,315.4,700,1,,2
1531,85,315.4,700,1,,2
1531,85,315.4,700,1,,2
1531,85,315.4,700,1,,2
1531,85,315.4,700,1,,2
1531,55,328,1200,1,,2
1531,55,328,1200,1,,2
1531,16,100,600,1,,2
1531,16,100,600,1,,2
1531,77,41.75,50,1,,2
1531,77,41.75,50,1,,2
1532,88,225.35,0,1,,2
1532,56,192,0,1,,2
1532,56,192,0,1,,2
1533,64,212,0,1,,2
1533,64,212,0,1,,2
1533,64,212,0,1,,2
1533,64,212,0,1,,2
1534,89,511.39,950,1,,2
1534,89,511.39,950,1,,2
1535,8,156,750,1,,1
1536,93,300,600,1,,1
1536,86,349.29,700,1,,1
1536,86,349.29,700,1,,1
1537,64,212,1150,1,,1
1538,64,212,1150,1,,1
1539,67,284.12,1200,1,,1
1539,16,100,600,1,,1
1539,77,41.75,50,1,,1
1540,8,156,750,1,,1
1542,55,328,1200,1,,1
1542,93,300,600,1,,1
1542,64,212,1150,1,,1
1542,76,20.75,50,1,,1
1543,64,212,1150,1,,1
1544,64,212,1150,1,,1
1545,95,164,600,1,,2
1545,51,300,800,1,,2
1546,88,225.35,600,1,,1
1547,56,192,0,1,,1
1547,64,212,0,1,,1
1548,8,156,750,1,,1
1549,55,328,1200,1,,1
1549,93,300,600,1,,1
1550,64,212,1150,1,,1
1550,90,415.65,950,1,,1
1551,64,212,1150,1,,1
1551,87,491.32,950,1,,1
1552,8,156,750,1,,1
1552,8,156,750,1,,1
1553,16,100,600,1,,1
1553,94,117,600,1,,1
1555,89,511.39,950,1,,1
1555,64,212,1150,1,,1
1555,88,225.35,600,1,,1
1556,14,120,600,1,,1
1556,82,251.84,700,1,,1
1557,14,120,600,1,,1
1557,86,349.29,700,1,,1
1557,14,120,600,1,,1
1558,61,310,950,1,,1
1558,61,310,950,1,,1
1558,77,41.75,50,1,,1
1559,56,192,850,1,,1
1559,52,208,750,1,,1
1560,64,212,0,1,,1
1560,85,315.4,0,1,,1
1561,64,212,0,1,,1
1561,64,212,0,1,,1
1561,64,212,0,1,,1
1562,64,212,0,1,,1
1562,64,212,0,1,,1
1562,64,212,0,1,,1
1562,64,212,0,1,,1
1562,64,212,0,1,,1
1562,55,328,0,1,,1
1562,91,47.45,0,1,,1
1562,91,47.45,0,1,,1
1562,91,47.45,0,1,,1
1562,91,47.45,0,1,,1
1562,91,47.45,0,1,,1
1562,91,47.45,0,1,,1
1562,91,47.45,0,1,,1
1562,91,47.45,0,1,,1
1562,91,47.45,0,1,,1
1562,58,288,0,1,,1
1562,87,491.32,0,1,,1
1562,86,349.29,0,1,,1
1562,89,511.39,0,1,,1
1562,56,192,0,1,,1
1562,8,156,0,1,,1
1562,88,225.35,0,1,,1
1562,90,415.65,0,1,,1
1562,90,415.65,0,1,,1
1562,56,192,0,1,,1
1563,88,225.35,600,1,,1
1563,89,511.39,950,1,,1
1564,64,212,1150,1,,1
1566,56,192,850,1,,1
1567,64,212,1150,1,,1
1567,62,310,950,1,,1
1567,64,212,1150,1,,1
1567,95,164,600,1,,1
1568,88,225.35,600,1,,1
1568,88,225.35,600,1,,1
1569,86,349.29,700,1,,1
1570,78,65,600,1,,1
1570,78,65,600,1,,1
1570,53,243.4,950,1,,1
1570,55,328,1200,1,,1
1571,16,100,600,1,,1
1572,56,192,850,1,,1
1573,64,212,1150,1,,1
1573,67,284.12,1200,1,,1
1573,16,100,600,1,,1
1573,61,310,950,1,,1
1573,61,310,950,1,,1
1573,77,41.75,50,1,,1
1574,14,120,0,1,,1
1574,14,120,0,1,,1
1575,64,212,0,1,,1
1575,64,212,0,1,,1
1575,64,212,0,1,,1
1575,64,212,0,1,,1
1576,16,100,600,1,,4
1577,8,156,750,1,,1
1577,8,156,750,1,,1
1578,64,212,1150,1,,2
1578,55,328,1200,1,,2
1578,88,225.35,600,1,,2
1579,85,315.4,700,1,,3
1579,85,315.4,700,1,,3
1579,55,328,1200,1,,3
1579,88,225.35,600,1,,3
1579,77,41.75,50,1,,3
1579,77,41.75,50,1,,3
1580,64,212,1150,1,,6
1580,86,349.29,700,1,,6
1581,64,212,1150,1,,5
1582,90,415.65,950,1,,2
1582,78,65,600,1,,2
1582,73,260,800,1,,2
1582,87,491.32,950,1,,2
1583,92,300,600,1,,5
1584,16,100,600,1,,4
1585,92,300,600,1,,1
1585,86,349.29,700,1,,1
1586,64,212,1150,1,,5
1587,16,100,600,1,,5
1588,64,212,0,1,,1
1588,64,212,0,1,,1
1588,64,212,0,1,,1
1588,64,212,0,1,,1
1589,88,225.35,600,1,,1
1590,14,120,0,1,,1
1590,64,212,0,1,,1
1591,88,225.35,600,1,,1
1592,78,65,0,1,,1
1592,67,284.12,0,1,,1
1593,64,212,1150,1,,1
1593,53,243.4,950,1,,1
1594,64,212,1150,1,,1
1595,64,212,1150,1,,1
1596,64,212,1150,1,,1
1597,90,415.65,950,1,,1
1598,55,328,1200,1,,1
1599,64,212,0,1,,1
1599,64,212,0,1,,1
1599,64,212,0,1,,1
1600,89,511.39,0,1,,1
1600,89,511.39,0,1,,1
1600,89,511.39,0,1,,1
1600,89,511.39,0,1,,1
1600,92,300,0,1,,1
1601,53,243.4,950,1,,1
1601,53,243.4,950,1,,1
1601,95,164,600,1,,1
1601,1,200,750,1,,1
1602,88,225.35,600,1,,1
1602,77,41.75,50,1,,1
1603,64,212,1150,1,,1
1603,55,328,1200,1,,1
1604,67,284.12,1200,1,,1
1604,1,200,750,1,,1
1604,92,300,600,1,,1
1605,86,349.29,700,1,,1
1606,95,164,600,1,,1
1607,53,243.4,950,1,,1
1608,64,212,1150,1,,1
1609,64,212,0,1,,1
1609,64,212,0,1,,1
1609,64,212,0,1,,1
1610,92,300,0,1,,1
1610,56,192,0,1,,1
1610,56,192,0,1,,1
1611,64,212,1150,1,,1
1612,14,120,600,1,,1
1613,87,491.32,950,1,,1
1613,92,300,600,1,,1
1614,64,212,1150,1,,1
1614,87,491.32,950,1,,1
1614,95,164,600,1,,1
1615,64,212,0,1,,1
1616,55,328,1200,1,,3
1616,77,41.75,50,1,,3
1617,56,192,850,1,,1
1618,8,156,750,1,,5
1618,8,156,750,1,,5
1619,90,415.65,950,1,,3
1619,61,310,950,1,,3
1619,77,41.75,50,1,,3
1619,62,310,950,1,,3
1620,64,212,1150,1,,1
1620,55,328,1200,1,,1
1621,16,100,600,1,,2
1622,62,310,950,1,,1
1622,62,310,950,1,,1
1622,61,310,950,1,,1
1622,61,310,950,1,,1
1622,85,315.4,700,1,,1
1622,85,315.4,700,1,,1
1622,85,315.4,700,1,,1
1622,85,315.4,700,1,,1
1622,87,491.32,950,1,,1
1622,87,491.32,950,1,,1
1622,87,491.32,950,1,,1
1622,87,491.32,950,1,,1
1622,89,511.39,950,1,,1
1622,89,511.39,950,1,,1
1622,89,511.39,950,1,,1
1622,89,511.39,950,1,,1
1622,88,225.35,600,1,,1
1622,88,225.35,600,1,,1
1622,88,225.35,600,1,,1
1622,88,225.35,600,1,,1
1622,55,328,1200,1,,1
1622,55,328,1200,1,,1
1622,55,328,1200,1,,1
1622,55,328,1200,1,,1
1622,67,284.12,1200,1,,1
1622,86,349.29,700,1,,1
1622,86,349.29,700,1,,1
1622,86,349.29,700,1,,1
1622,77,41.75,50,1,,1
1622,77,41.75,50,1,,1
1622,77,41.75,50,1,,1
1622,77,41.75,50,1,,1
1622,77,41.75,50,1,,1
1622,77,41.75,50,1,,1
1622,77,41.75,50,1,,1
1622,77,41.75,50,1,,1
1622,77,41.75,50,1,,1
1623,16,100,600,1,,2
1624,64,212,1150,1,,4
1625,64,212,0,1,,1
1625,64,212,0,1,,1
1625,64,212,0,1,,1
1625,64,212,0,1,,1
1626,8,156,0,1,,1
1626,8,156,0,1,,1
1626,90,415.65,0,1,,1
1626,86,349.29,0,1,,1
1626,64,212,0,1,,1
1627,85,315.4,700,1,,5
1628,61,310,950,1,,1
1629,90,415.65,950,1,,4
1629,90,415.65,950,1,,4
1629,90,415.65,950,1,,4
1629,90,415.65,950,1,,4
1629,90,415.65,950,1,,4
1629,77,41.75,50,1,,4
1629,77,41.75,50,1,,4
1630,1,200,650,1,,1
1630,1,200,650,1,,1
1630,77,41.75,50,1,,1
1631,92,300,600,1,,1
1632,87,491.32,950,1,,1
1632,92,300,600,1,,1
1633,66,290,750,1,,1
1634,64,212,1150,1,,1
1634,89,511.39,950,1,,1
1634,62,310,950,1,,1
1635,66,290,750,1,,5
1636,65,164,950,1,,3
1637,92,300,600,1,,2
1637,92,300,600,1,,2
1637,16,100,600,1,,2
1637,85,315.4,700,1,,2
1637,55,328,1200,1,,2
1638,85,315.4,700,1,,1
1638,64,212,1150,1,,1
1638,16,100,600,1,,1
1638,85,315.4,700,1,,1
1638,85,315.4,700,1,,1
1638,85,315.4,700,1,,1
1638,55,328,1200,1,,1
1638,55,328,1200,1,,1
1638,77,41.75,50,1,,1
1638,77,41.75,50,1,,1
1639,64,212,0,1,,1
1640,64,212,0,1,,5
1640,64,212,0,1,,5
1640,64,212,0,1,,5
1641,16,100,600,1,,1
1642,88,225.35,600,1,,5
1643,16,100,600,1,,1
1643,62,310,950,1,,1
1644,64,212,1150,1,,1
1644,64,212,1150,1,,1
1644,53,243.4,950,1,,1
1645,55,328,1200,1,,1
1645,14,120,600,1,,1
1646,14,120,600,1,,1
1646,16,100,600,1,,1
1647,67,284.12,1200,1,,1
1647,16,100,600,1,,1
1648,95,164,600,1,,1
1648,87,491.32,950,1,,1
1649,55,328,1200,1,,1
1649,56,192,850,1,,1
1649,16,100,600,1,,1
1650,16,100,600,1,,1
1651,16,100,600,1,,1
1652,64,212,1150,1,,1
1652,64,212,1150,1,,1
1652,94,117,600,1,,1
1652,8,156,750,1,,1
1652,8,156,750,1,,1
1652,89,511.39,950,1,,1
1652,62,310,950,1,,1
1652,88,225.35,600,1,,1
1653,64,212,1150,1,,1
1654,52,208,750,1,,1
1654,64,212,1150,1,,1
1655,64,212,0,1,,1
1655,64,212,0,1,,1
1655,64,212,0,1,,1
1656,95,164,600,1,,3
1656,95,164,600,1,,3
1657,56,192,850,1,,1
1657,53,243.4,950,1,,1
1658,1,200,650,1,,1
1659,88,225.35,600,1,,4
1660,55,328,1200,1,,1
1660,55,328,1200,1,,1
1660,4,252,750,1,,1
1660,92,300,600,1,,1
1661,56,192,850,1,,1
1661,8,156,750,1,,1
1662,94,117,600,1,,3
1662,94,117,600,1,,3
1662,14,120,600,1,,3
1663,64,212,1150,1,,2
1663,62,310,950,1,,2
1664,55,328,0,1,,1
1664,77,41.75,0,1,,1
1664,16,100,0,1,,1
1665,14,120,600,1,,1
1666,56,192,850,1,,1
1666,76,20.75,50,1,,1
1667,64,212,0,1,,1
1667,64,212,0,1,,1
1667,64,212,0,1,,1
1667,64,212,0,1,,1
1667,8,156,0,1,,1
1668,95,164,600,1,,1
1668,8,156,750,1,,1
1669,88,225.35,600,1,,1
1670,88,225.35,600,1,,1
1671,16,100,600,1,,1
1671,67,284.12,1200,1,,1
1672,64,212,1150,1,,1
1673,53,243.4,950,1,,1
1673,95,164,600,1,,1
1674,55,328,1200,1,,2
1674,77,41.75,50,1,,2
1675,8,156,750,1,,1
1676,64,212,0,1,,1
1676,64,212,0,1,,1
1677,64,212,1150,1,,1
1677,88,225.35,600,1,,1
1678,88,225.35,600,1,,2
1679,64,212,1150,1,,1
1680,64,212,1150,1,,1
1680,88,225.35,600,1,,1
1680,61,310,950,1,,1
1681,61,310,950,1,,1
1682,94,117,600,1,,1
1683,65,164,950,1,,1
1683,94,117,600,1,,1
1683,55,328,1200,1,,1
1683,64,212,1150,1,,1
1684,53,243.4,950,1,,1
1684,95,164,600,1,,1
1685,64,212,0,1,,1
1685,66,290,0,1,,1
1685,55,328,0,1,,1
1686,53,243.4,950,1,,1
1686,53,243.4,950,1,,1
1686,1,200,650,1,,1
1687,55,328,1200,1,,1
1687,92,300,600,1,,1
1687,16,100,600,1,,1
1687,61,310,950,1,,1
1687,90,415.65,950,1,,1
1687,90,415.65,950,1,,1
1687,90,415.65,950,1,,1
1687,90,415.65,950,1,,1
1687,77,41.75,50,1,,1
1687,77,41.75,50,1,,1
1688,56,192,850,1,,1
1689,92,300,600,1,,1
1689,91,47.45,180,1,,1
1689,91,47.45,180,1,,1
1689,91,47.45,180,1,,1
1689,91,47.45,180,1,,1
1689,86,349.29,700,1,,1
1689,88,225.35,600,1,,1
1689,77,41.75,50,1,,1
1689,64,212,1150,1,,1
1690,67,284.12,1200,1,,1
1690,77,41.75,50,1,,1
1691,16,100,600,1,,1
1691,8,156,750,1,,1
1691,8,156,750,1,,1
1692,95,164,600,1,,1
1693,88,225.35,600,1,,1
1694,56,192,0,1,,1
1694,56,192,0,1,,1
1694,64,212,0,1,,1
1694,66,290,0,1,,1
1695,14,120,0,1,,1
1695,64,212,0,1,,1
1695,64,212,0,1,,1
1695,64,212,0,1,,1
1696,56,192,850,1,,1
1697,55,328,1200,1,,1
1697,94,117,600,1,,1
1698,14,120,600,1,,1
1699,56,192,850,1,,1
1700,4,252,750,1,,1
1700,53,243.4,950,1,,1
1700,4,252,750,1,,1
1701,52,208,750,1,,1
1701,64,212,1150,1,,1
1701,88,225.35,600,1,,1
1701,77,41.75,50,1,,1
1702,55,328,1200,1,,1
1702,51,300,700,1,,1
1703,56,192,850,1,,1
1703,90,415.65,950,1,,1
1703,90,415.65,950,1,,1
1703,14,120,600,1,,1
1704,95,164,600,1,,1
1705,16,100,600,1,,1
1705,56,192,850,1,,1
1705,52,208,750,1,,1
1705,52,208,750,1,,1
1705,52,208,750,1,,1
1705,77,41.75,50,1,,1
1705,77,41.75,50,1,,1
1706,95,164,600,1,,1
1707,64,212,1150,1,,1
1708,64,212,0,1,,1
1708,64,212,0,1,,1
1708,64,212,0,1,,1
1708,64,212,0,1,,1
1708,14,120,0,1,,1
1709,64,212,1150,1,,1
1710,92,300,600,1,,1
1711,3,150,600,1,,1
1712,55,328,1200,1,,1
1713,78,65,600,1,,1
1713,88,225.35,600,1,,1
1714,88,225.35,600,1,,1
1715,64,212,1150,1,,1
1715,53,243.4,950,1,,1
1716,55,328,1200,1,,1
1716,99,285,600,1,,1
1717,64,212,1150,1,,1
1717,64,212,1150,1,,1
1718,14,120,0,1,,2
1718,14,120,0,1,,2
1718,14,120,0,1,,2
1718,14,120,0,1,,2
1718,14,120,0,1,,2
1718,14,120,0,1,,2
1719,64,212,0,1,,2
1719,8,156,0,1,,2
1719,8,156,0,1,,2
1719,64,212,0,1,,2
1719,64,212,0,1,,2
1720,56,192,850,1,,4
1721,56,192,850,1,,4
1722,56,192,850,1,,2
1723,56,192,850,1,,3
1723,78,65,600,1,,3
1724,88,225.35,600,1,,3
1724,88,225.35,600,1,,3
1725,55,328,1200,1,,1
1725,3,150,600,1,,1
1725,56,192,850,1,,1
1725,61,310,950,1,,1
1725,77,41.75,50,1,,1
1726,8,156,750,1,,1
1726,55,328,1200,1,,1
1727,64,212,0,1,,1
1728,93,300,600,1,,1
1729,64,212,1150,1,,1
1729,64,212,1150,1,,1
1729,8,156,750,1,,1
1730,89,511.39,950,1,,1
1730,89,511.39,950,1,,1
1730,86,349.29,700,1,,1
1730,87,491.32,950,1,,1
1730,77,41.75,50,1,,1
1730,77,41.75,50,1,,1
1731,82,251.84,700,1,,1
1733,95,164,600,1,,1
1733,95,164,600,1,,1
1733,90,415.65,950,1,,1
1733,61,310,950,1,,1
1733,16,100,600,1,,1
1733,62,310,950,1,,1
1733,53,243.4,950,1,,1
1733,95,164,600,1,,1
1733,53,243.4,950,1,,1
1734,64,212,0,1,,1
1734,64,212,0,1,,1
1734,64,212,0,1,,1
1734,64,212,0,1,,1
1735,88,225.35,600,1,,1
1735,88,225.35,600,1,,1
1735,87,491.32,950,1,,1
1736,56,192,850,1,,1
1736,64,212,1150,1,,1
1736,64,212,1150,1,,1
1736,61,310,950,1,,1
1736,16,100,600,1,,1
1737,61,310,950,1,,1
1737,62,310,950,1,,1
1737,65,164,950,1,,1
1737,16,100,600,1,,1
1738,64,212,1150,1,,1
1739,62,310,950,1,,1
1740,64,212,1150,1,,1
1741,16,100,600,1,,1
1741,64,212,1150,1,,1
1741,14,120,600,1,,1
1742,64,212,0,1,,1
1742,64,212,0,1,,1
1742,64,212,0,1,,1
1742,64,212,0,1,,1
1743,64,212,1150,1,,2
1744,86,349.29,700,1,,4
1744,95,164,600,1,,4
1745,16,100,600,1,,1
1746,91,47.45,180,1,,4
1746,91,47.45,180,1,,4
1746,86,349.29,700,1,,4
1746,14,120,600,1,,4
1746,90,415.65,950,1,,4
1746,77,41.75,50,1,,4
1747,8,156,750,1,,5
1747,8,156,750,1,,5
1748,99,285,600,1,,6
1749,56,192,0,1,,5
1749,14,120,0,1,,5
1749,86,349.29,0,1,,5
1750,14,120,600,1,,2
1751,64,212,0,1,,2
1751,64,212,0,1,,2
1751,64,212,0,1,,2
1752,64,212,1150,1,,1
1752,90,415.65,950,1,,1
1753,64,212,1150,1,,1
1753,87,491.32,950,1,,1
1753,89,511.39,950,1,,1
1754,16,100,500,1,,1
1755,89,511.39,950,1,,1
1756,64,212,1150,1,,1
1756,86,349.29,700,1,,1
1756,87,491.32,950,1,,1
1756,77,41.75,50,1,,1
1757,14,120,600,1,,1
1758,64,212,1150,1,,1
1759,14,120,600,1,,1
1760,91,47.45,180,1,,1
1760,91,47.45,180,1,,1
1760,88,225.35,600,1,,1
1761,56,192,850,1,,1
1761,16,100,500,1,,1
1762,1,200,650,1,,1
1762,88,225.35,600,1,,1
1763,16,100,500,1,,1
1764,8,156,0,1,,1
1764,8,156,0,1,,1
1764,8,156,0,1,,1
1764,8,156,0,1,,1
1764,8,156,0,1,,1
1764,8,156,0,1,,1
1764,8,156,0,1,,1
1764,8,156,0,1,,1
1764,8,156,0,1,,1
1764,8,156,0,1,,1
1764,8,156,0,1,,1
1764,8,156,0,1,,1
1764,8,156,0,1,,1
1764,8,156,0,1,,1
1765,56,192,0,1,,1
1766,8,156,0,1,,1
1766,8,156,0,1,,1
1766,8,156,0,1,,1
1766,1,200,0,1,,1
1767,61,310,0,1,,1
1767,64,212,0,1,,1
1767,64,212,0,1,,1
1767,64,212,0,1,,1
1768,89,511.39,950,1,,1
1770,95,164,600,1,,1
1771,56,192,850,1,,1
1772,78,65,600,1,,1
1772,55,328,1200,1,,1
1773,78,65,600,1,,1
1773,89,511.39,950,1,,1
1774,64,212,1150,1,,1
1774,86,349.29,700,1,,1
1774,16,100,500,1,,1
1775,8,156,0,1,,1
1775,8,156,0,1,,1
1775,8,156,0,1,,1
1775,8,156,0,1,,1
1775,8,156,0,1,,1
1775,8,156,0,1,,1
1775,8,156,0,1,,1
1775,8,156,0,1,,1
1775,8,156,0,1,,1
1775,8,156,0,1,,1
1775,8,156,0,1,,1
1775,8,156,0,1,,1
1775,8,156,0,1,,1
1775,8,156,0,1,,1
1775,8,156,0,1,,1
1775,8,156,0,1,,1
1776,62,310,0,1,,1
1776,61,310,0,1,,1
1776,109,243.08,0,1,,1
1777,109,243.08,600,1,,1
1777,88,225.35,600,1,,1
1778,87,491.32,950,1,,1
1778,99,285,600,1,,1
1778,52,208,750,1,,1
1779,78,65,600,1,,1
1779,89,511.39,950,1,,1
1780,109,243.08,600,1,,1
1781,78,65,600,1,,1
1782,64,212,0,1,,1
1783,16,100,500,1,,1
1784,64,212,1150,1,,3
1784,64,212,1150,1,,3
1785,55,328,1200,1,,4
1785,55,328,1200,1,,4
1785,53,243.4,950,1,,4
1785,1,200,650,1,,4
1785,78,65,600,1,,4
1786,90,415.65,0,1,,1
1786,90,415.65,0,1,,1
1786,90,415.65,0,1,,1
1786,109,243.08,0,1,,1
1786,8,156,0,1,,1
1786,73,260,0,1,,1
1786,64,212,0,1,,1
1787,8,156,0,1,,1
1787,8,156,0,1,,1
1787,8,156,0,1,,1
1787,8,156,0,1,,1
1787,8,156,0,1,,1
1787,8,156,0,1,,1
1787,8,156,0,1,,1
1787,8,156,0,1,,1
1787,8,156,0,1,,1
1787,8,156,0,1,,1
1787,8,156,0,1,,1
1787,8,156,0,1,,1
1787,8,156,0,1,,1
1787,8,156,0,1,,1
1787,8,156,0,1,,1
1788,16,100,500,1,,1
1788,64,212,1150,1,,1
1789,88,225.35,600,1,,4
1789,16,100,500,1,,4
1790,90,415.65,950,1,,1
1790,90,415.65,950,1,,1
1790,90,415.65,950,1,,1
1790,90,415.65,950,1,,1
1790,90,415.65,950,1,,1
1790,90,415.65,950,1,,1
1790,109,243.08,600,1,,1
1790,109,243.08,600,1,,1
1790,109,243.08,600,1,,1
1790,109,243.08,600,1,,1
1790,77,41.75,50,1,,1
1790,77,41.75,50,1,,1
1790,77,41.75,50,1,,1
1791,88,225.35,600,1,,4
1792,16,100,500,1,,2
1792,64,212,1150,1,,2
1793,88,225.35,600,1,,2
1794,78,65,600,1,,1
1794,78,65,600,1,,1
1794,1,200,650,1,,1
1794,66,290,750,1,,1
1795,88,225.35,600,1,,1
1795,88,225.35,600,1,,1
1795,88,225.35,600,1,,1
1796,14,120,0,1,,1
1796,16,100,0,1,,1
1797,55,328,1200,1,,1
1797,55,328,1200,1,,1
1797,89,511.39,950,1,,1
1797,1,200,650,1,,1
1797,73,260,700,1,,1
1797,114,0,350,1,,1
1798,16,100,500,1,,1
1799,14,120,600,1,,1
1799,88,225.35,600,1,,1
1799,16,100,500,1,,1
1799,88,225.35,600,1,,1
1799,77,41.75,50,1,,1
1800,64,212,1150,1,,1
1801,16,100,500,1,,1
1802,88,225.35,600,1,,1
1803,89,511.39,950,1,,1
1804,64,212,1150,1,,1
1804,55,328,1200,1,,1
1805,90,415.65,0,1,,1
1805,77,41.75,0,1,,1
1805,8,156,0,1,,1
1805,56,192,0,1,,1
1806,88,225.35,600,1,,1
1807,8,156,0,1,,1
1807,8,156,0,1,,1
1807,8,156,0,1,,1
1807,8,156,0,1,,1
1807,8,156,0,1,,1
1807,8,156,0,1,,1
1807,8,156,0,1,,1
1807,8,156,0,1,,1
1807,8,156,0,1,,1
1807,8,156,0,1,,1
1807,8,156,0,1,,1
1807,8,156,0,1,,1
1807,8,156,0,1,,1
1807,8,156,0,1,,1
1807,8,156,0,1,,1
1807,8,156,0,1,,1
1808,88,225.35,600,1,,1
1808,114,0,350,1,,1
1808,86,349.29,700,1,,1
1808,77,41.75,50,1,,1
1808,66,290,750,1,,1
1809,8,156,750,1,,1
1809,8,156,750,1,,1
1810,16,100,500,1,,1
1810,67,284.12,1200,1,,1
1811,56,192,850,1,,1
1812,55,328,1200,1,,1
1812,88,225.35,600,1,,1
1813,56,192,850,1,,1
1813,16,100,500,1,,1
1814,88,225.35,600,1,,1
1814,92,300,600,1,,1
1815,113,0,0,1,,1
1815,113,0,0,1,,1
1815,113,0,0,1,,1
1815,113,0,0,1,,1
1815,113,0,0,1,,1
1815,113,0,0,1,,1
1815,113,0,0,1,,1
1815,113,0,0,1,,1
1815,113,0,0,1,,1
1815,113,0,0,1,,1
1815,113,0,0,1,,1
1815,113,0,0,1,,1
1815,113,0,0,1,,1
1815,113,0,0,1,,1
1815,113,0,0,1,,1
1816,56,192,0,1,,1
1816,61,310,0,1,,1
1817,64,212,1150,1,,1
1817,64,212,1150,1,,1
1817,88,225.35,600,1,,1
1818,56,192,850,1,,1
1819,86,349.29,700,1,,1
1819,89,511.39,950,1,,1
1819,77,41.75,50,1,,1
1819,113,0,750,1,,1
1820,90,415.65,950,1,,1
1820,90,415.65,950,1,,1
1821,87,491.32,950,1,,3
1821,61,310,950,1,,3
1821,64,212,1150,1,,3
1822,87,491.32,950,1,,1
1822,103,0,600,1,,1
1823,64,212,1150,1,,4
1824,113,0,0,1,,1
1824,113,0,0,1,,1
1824,113,0,0,1,,1
1824,113,0,0,1,,1
1824,113,0,0,1,,1
1824,113,0,0,1,,1
1824,113,0,0,1,,1
1824,113,0,0,1,,1
1824,113,0,0,1,,1
1824,113,0,0,1,,1
1824,113,0,0,1,,1
1824,113,0,0,1,,1
1825,90,415.65,0,1,,1
1825,77,41.75,0,1,,1
1825,14,120,0,1,,1
1825,14,120,0,1,,1
1825,87,491.32,0,1,,1
1825,87,491.32,0,1,,1
1826,64,212,1150,1,,1
1826,64,212,1150,1,,1
1827,88,225.35,600,1,,1
1827,94,117,600,1,,1
1827,91,47.45,180,1,,1
1827,91,47.45,180,1,,1
1828,88,225.35,600,1,,1
1828,88,225.35,600,1,,1
1828,86,349.29,700,1,,1
1829,113,0,750,1,,1
1829,55,328,1200,1,,1
1830,78,65,600,1,,1
1830,78,65,600,1,,1
1830,62,310,950,1,,1
1830,56,192,850,1,,1
1830,55,328,1200,1,,1
1830,55,328,1200,1,,1
1830,114,0,350,1,,1
1830,93,300,600,1,,1
1831,62,310,950,1,,1
1832,64,212,1150,1,,1
1832,52,208,750,1,,1
1832,55,328,1200,1,,1
1833,16,100,500,1,,1
1834,94,117,600,1,,1
1835,92,300,600,1,,1
1836,109,243.08,600,1,,1
1837,113,0,0,1,,1
1837,113,0,0,1,,1
1837,113,0,0,1,,1
1837,113,0,0,1,,1
1837,113,0,0,1,,1
1837,113,0,0,1,,1
1837,113,0,0,1,,1
1837,113,0,0,1,,1
1837,113,0,0,1,,1
1838,88,225.35,600,1,,1
1838,62,310,950,1,,1
1839,56,192,0,1,,1
1839,109,243.08,0,1,,1
1839,113,0,0,1,,1
1840,94,117,600,1,,1
1840,16,100,500,1,,1
1840,64,212,1150,1,,1
1840,64,212,1150,1,,1
1840,113,0,750,1,,1
1840,62,310,950,1,,1
1840,62,310,950,1,,1
1840,114,0,350,1,,1
1840,114,0,350,1,,1
1841,113,0,0,1,,1
1841,113,0,0,1,,1
1842,67,284.12,0,1,,1
1843,55,328,1200,1,,1
1843,73,260,700,1,,1
1844,64,212,1150,1,,1
1844,91,47.45,180,1,,1
1845,103,0,600,1,,1
1845,109,243.08,600,1,,1
1846,113,0,750,1,,1
1846,16,100,500,1,,1
1846,87,491.32,950,1,,1
1846,87,491.32,950,1,,1
1846,86,349.29,700,1,,1
1846,86,349.29,700,1,,1
1846,88,225.35,600,1,,1
1846,88,225.35,600,1,,1
1846,103,0,600,1,,1
1846,109,243.08,600,1,,1
1846,109,243.08,600,1,,1
1846,77,41.75,50,1,,1
1846,77,41.75,50,1,,1
1846,77,41.75,50,1,,1
1847,82,251.84,700,1,,1
1847,64,212,1150,1,,1
1847,55,328,1200,1,,1
1847,52,208,750,1,,1
1847,52,208,750,1,,1
1847,52,208,750,1,,1
1847,77,41.75,50,1,,1
1847,77,41.75,50,1,,1
1847,77,41.75,50,1,,1
1848,113,0,750,1,,1
1849,88,225.35,0,1,,1
1849,56,192,0,1,,1
1849,113,0,0,1,,1
1850,113,0,0,1,,1
1850,113,0,0,1,,1
1850,113,0,0,1,,1
1850,113,0,0,1,,1
1850,113,0,0,1,,1
1850,113,0,0,1,,1
1850,113,0,0,1,,1
1850,113,0,0,1,,1
1850,113,0,0,1,,1
1850,113,0,0,1,,1
1850,113,0,0,1,,1
1850,113,0,0,1,,1
1850,113,0,0,1,,1
1850,113,0,0,1,,1
1850,113,0,0,1,,1
1851,88,225.35,600,1,,1
1852,14,120,600,1,,1
1853,55,328,1200,1,,4
1853,92,300,600,1,,4
1854,56,192,850,1,,2
1854,55,328,1200,1,,2
1854,77,41.75,50,1,,2
1855,62,310,750,1,,3
1855,62,310,750,1,,3
1855,64,212,1150,1,,3
1855,64,212,1150,1,,3
1856,113,0,0,1,,1
1856,113,0,0,1,,1
1856,113,0,0,1,,1
1856,113,0,0,1,,1
1856,113,0,0,1,,1
1856,113,0,0,1,,1
1856,113,0,0,1,,1
1856,113,0,0,1,,1
1856,113,0,0,1,,1
1856,113,0,0,1,,1
1856,113,0,0,1,,1
1856,113,0,0,1,,1
1856,113,0,0,1,,1
1857,113,0,0,1,,1
1857,56,192,0,1,,1
1857,91,47.45,0,1,,1
1857,91,47.45,0,1,,1
1857,91,47.45,0,1,,1
1857,113,0,0,1,,1
1857,113,0,0,1,,1
1858,64,212,1150,1,,2
1858,64,212,1150,1,,2
1858,16,100,500,1,,2
1859,16,100,500,1,,1
1859,56,192,850,1,,1
1859,114,0,350,1,,1
1860,114,0,350,1,,5
1861,88,225.35,600,1,,5
1862,53,243.4,950,1,,4
1863,113,0,750,1,,1
1864,113,0,0,1,,4
1864,113,0,0,1,,4
1864,113,0,0,1,,4
1864,113,0,0,1,,4
1864,113,0,0,1,,4
1864,113,0,0,1,,4
1864,113,0,0,1,,4
1864,113,0,0,1,,4
1864,113,0,0,1,,4
1864,113,0,0,1,,4
1864,113,0,0,1,,4
1864,113,0,0,1,,4
1864,113,0,0,1,,4
1865,4,252,750,1,,4
1866,91,47.45,180,1,,1
1866,91,47.45,180,1,,1
1866,14,120,600,1,,1
1867,113,0,750,1,,1
1867,113,0,750,1,,1
1868,88,225.35,600,1,,2
1868,88,225.35,600,1,,2
1868,88,225.35,600,1,,2
1869,16,100,500,1,,1
1869,113,0,750,1,,1
1870,16,100,500,1,,1
1870,56,192,850,1,,1
1870,16,100,500,1,,1
1871,102,0,600,1,,1
1871,102,0,600,1,,1
1871,92,300,600,1,,1
1871,86,349.29,700,1,,1
1871,55,328,1200,1,,1
1872,56,192,850,1,,1
1872,87,491.32,950,1,,1
1873,87,491.32,950,1,,1
1873,103,0,600,1,,1
1874,16,100,500,1,,1
1875,56,192,850,1,,1
1876,87,491.32,950,1,,1
1876,103,0,600,1,,1
1876,86,349.29,700,1,,1
1877,87,491.32,950,1,,1
1877,82,251.84,700,1,,1
1877,109,243.08,600,1,,1
1877,77,41.75,50,1,,1
1878,113,0,0,1,,1
1878,113,0,0,1,,1
1878,113,0,0,1,,1
1878,113,0,0,1,,1
1878,113,0,0,1,,1
1878,113,0,0,1,,1
1878,113,0,0,1,,1
1878,113,0,0,1,,1
1878,113,0,0,1,,1
1878,113,0,0,1,,1
1878,113,0,0,1,,1
1878,113,0,0,1,,1
1879,86,349.29,700,1,,1
1879,88,225.35,600,1,,1
1879,114,0,350,1,,1
1880,94,117,600,1,,1
1880,64,212,1150,1,,1
1882,78,65,600,1,,1
1882,64,212,1150,1,,1
1882,67,284.12,1200,1,,1
1882,55,328,1200,1,,1
1882,73,260,700,1,,1
1882,16,100,500,1,,1
1883,56,192,0,1,,1
1883,113,0,0,1,,1
1884,88,225.35,600,1,,1
1884,88,225.35,600,1,,1
1885,113,0,0,1,,1
1885,113,0,0,1,,1
1885,113,0,0,1,,1
1885,113,0,0,1,,1
1885,113,0,0,1,,1
1885,113,0,0,1,,1
1885,113,0,0,1,,1
1885,113,0,0,1,,1
1885,113,0,0,1,,1
1885,113,0,0,1,,1
1885,113,0,0,1,,1
1885,113,0,0,1,,1
1885,113,0,0,1,,1
1885,113,0,0,1,,1
1886,64,212,1150,1,,1
1887,16,100,500,1,,1
1887,55,328,1200,1,,1
1887,88,225.35,600,1,,1
1887,77,41.75,50,1,,1
1888,86,349.29,700,1,,1
1888,114,0,350,1,,1
1888,114,0,350,1,,1
1888,114,0,350,1,,1
1888,114,0,350,1,,1
1888,114,0,350,1,,1
1888,114,0,350,1,,1
1888,77,41.75,50,1,,1
1889,64,212,1150,1,,1
1890,55,328,1200,1,,1
1890,55,328,1200,1,,1
1890,77,41.75,50,1,,1
1891,16,100,500,1,,1
1891,93,300,600,1,,1
1892,92,300,600,1,,1
1892,86,349.29,700,1,,1
1892,109,243.08,600,1,,1
1892,64,212,1150,1,,1
1892,64,212,1150,1,,1
1892,109,243.08,600,1,,1
1892,64,212,1150,1,,1
1892,55,328,1200,1,,1
1893,64,212,0,1,,1
1894,93,300,600,1,,1
1894,55,328,1200,1,,1
1895,53,243.4,950,1,,1
1895,64,212,1150,1,,1
1896,101,0,600,1,,1
1897,88,225.35,600,1,,1
1897,109,243.08,600,1,,1
1897,64,212,1150,1,,1
1898,86,349.29,0,1,,1
1898,86,349.29,0,1,,1
1898,56,192,0,1,,1
1899,113,0,0,1,,1
1899,113,0,0,1,,1
1899,113,0,0,1,,1
1899,113,0,0,1,,1
1899,113,0,0,1,,1
1899,113,0,0,1,,1
1899,113,0,0,1,,1
1899,113,0,0,1,,1
1899,113,0,0,1,,1
1899,113,0,0,1,,1
1899,113,0,0,1,,1
1899,113,0,0,1,,1
1899,113,0,0,1,,1
1899,113,0,0,1,,1
1900,1,200,650,1,,1
1900,53,243.4,950,1,,1
1900,53,243.4,950,1,,1
1901,69,300,700,1,,1
1901,55,328,1200,1,,1
1902,88,225.35,600,1,,1
1903,64,212,1150,1,,1
1904,92,300,600,1,,1
1905,103,0,600,1,,1
1906,113,0,750,1,,1
1908,102,0,600,1,,1
1908,87,491.32,950,1,,1
1908,113,0,750,1,,1
1909,113,0,0,1,,1
1909,113,0,0,1,,1
1909,113,0,0,1,,1
1909,113,0,0,1,,1
1909,113,0,0,1,,1
1909,113,0,0,1,,1
1909,113,0,0,1,,1
1909,113,0,0,1,,1
1909,113,0,0,1,,1
1909,113,0,0,1,,1
1909,113,0,0,1,,1
1909,113,0,0,1,,1
1909,113,0,0,1,,1
1909,113,0,0,1,,1
1909,113,0,0,1,,1
1909,113,0,0,1,,1
1909,113,0,0,1,,1
1909,113,0,0,1,,1
1910,51,300,0,1,,1
1910,55,328,0,1,,1
1910,82,251.84,0,1,,1
1910,82,251.84,0,1,,1
1910,82,251.84,0,1,,1
1910,82,251.84,0,1,,1
1910,82,251.84,0,1,,1
1910,77,41.75,0,1,,1
1910,77,41.75,0,1,,1
1910,14,120,0,1,,1
1910,64,212,0,1,,1
1911,88,225.35,600,1,,1
1912,64,212,1150,1,,1
1913,64,212,1150,1,,1
1913,64,212,1150,1,,1
1913,94,117,600,1,,1
1913,53,243.4,950,1,,1
1913,88,225.35,600,1,,1
1913,113,0,750,1,,1
1913,86,349.29,700,1,,1
1914,102,0,600,1,,1
1914,55,328,1200,1,,1
1915,34,280,600,1,,1
1916,113,0,0,1,,1
1916,113,0,0,1,,1
1916,113,0,0,1,,1
1916,113,0,0,1,,1
1916,113,0,0,1,,1
1916,113,0,0,1,,1
1916,113,0,0,1,,1
1916,113,0,0,1,,1
1916,113,0,0,1,,1
1916,113,0,0,1,,1
1916,113,0,0,1,,1
1916,113,0,0,1,,1
1916,113,0,0,1,,1
1916,113,0,0,1,,1
1916,113,0,0,1,,1
1917,53,243.4,950,1,,1
1918,56,192,850,1,,1
1919,101,0,600,1,,3
1920,101,0,600,1,,1
1921,102,0,600,1,,4
1922,64,212,1150,1,,1
1922,101,0,600,1,,1
1923,16,100,500,1,,1
1924,102,0,600,1,,1
1925,64,212,1150,1,,1
1926,16,100,500,1,,3
1927,113,0,750,1,,1
1927,64,212,1150,1,,1
1927,62,310,750,1,,1
1928,55,328,1200,1,,1
1928,55,328,1200,1,,1
1928,77,41.75,50,1,,1
1929,113,0,0,1,,5
1929,113,0,0,1,,5
1929,113,0,0,1,,5
1929,113,0,0,1,,5
1929,113,0,0,1,,5
1929,113,0,0,1,,5
1929,113,0,0,1,,5
1929,113,0,0,1,,5
1929,113,0,0,1,,5
1929,113,0,0,1,,5
1929,113,0,0,1,,5
1929,113,0,0,1,,5
1929,113,0,0,1,,5
1929,113,0,0,1,,5
1930,82,251.84,0,1,,5
1931,64,212,0,1,,1
1932,64,212,1150,1,,1
1933,88,225.35,600,1,,1
1933,88,225.35,600,1,,1
1934,56,192,850,1,,4
1935,55,328,1200,1,,1
1935,55,328,1200,1,,1
1935,103,0,600,1,,1
1935,94,117,600,1,,1
1935,14,120,600,1,,1
1936,64,212,1150,1,,1
1936,52,208,750,1,,1
1936,88,225.35,600,1,,1
1936,102,0,600,1,,1
1936,52,208,750,1,,1
1936,55,328,1200,1,,1
1936,114,0,350,1,,1
1936,114,0,350,1,,1
1936,77,41.75,50,1,,1
1936,77,41.75,50,1,,1
1937,56,192,850,1,,1
1938,16,100,500,1,,1
1938,94,117,600,1,,1
1939,103,0,600,1,,1
1940,102,0,600,1,,1
1940,88,225.35,600,1,,1
1941,102,0,600,1,,1
1942,16,100,500,1,,1
1943,113,0,0,1,,1
1943,113,0,0,1,,1
1943,113,0,0,1,,1
1943,113,0,0,1,,1
1943,113,0,0,1,,1
1943,113,0,0,1,,1
1943,113,0,0,1,,1
1943,113,0,0,1,,1
1943,113,0,0,1,,1
1943,113,0,0,1,,1
1943,113,0,0,1,,1
1943,113,0,0,1,,1
1943,113,0,0,1,,1
1943,113,0,0,1,,1
1943,113,0,0,1,,1
1944,66,290,0,1,,1
1945,103,0,600,1,,1
1946,16,100,500,1,,1
1947,16,100,500,1,,1
1948,16,100,500,1,,1
1948,14,120,600,1,,1
1949,64,212,1150,1,,1
1950,1,200,650,1,,1
1951,119,0,1300,1,,1
1952,114,0,350,1,,1
1953,64,212,1150,1,,1
1953,16,100,500,1,,1
1953,64,212,1150,1,,1
1953,76,20.75,50,1,,1
1954,16,100,500,1,,1
1955,4,252,750,1,,1
1956,119,0,1300,1,,1
1956,16,100,500,1,,1
1956,114,0,350,1,,1
1957,113,0,0,1,,1
1958,113,0,0,1,,1
1958,113,0,0,1,,1
1958,113,0,0,1,,1
1958,113,0,0,1,,1
1958,113,0,0,1,,1
1958,113,0,0,1,,1
1958,113,0,0,1,,1
1958,113,0,0,1,,1
1958,113,0,0,1,,1
1958,113,0,0,1,,1
1958,113,0,0,1,,1
1958,113,0,0,1,,1
1958,113,0,0,1,,1
1958,113,0,0,1,,1
1958,113,0,0,1,,1
1959,1,200,650,1,,1
1960,16,100,500,1,,6
1960,113,0,750,1,,6
1961,64,212,1150,1,,4
1961,4,252,750,1,,4
1962,62,310,750,1,,4
1962,16,100,500,1,,4
1962,64,212,1150,1,,4
1963,109,243.08,0,1,,6
1963,113,0,0,1,,6
1963,103,0,0,1,,6
1964,64,212,0,1,,6
1964,64,212,0,1,,6
1964,64,212,0,1,,6
1964,64,212,0,1,,6
1965,102,0,600,1,,1
1965,61,310,750,1,,1
1965,61,310,750,1,,1
1965,77,41.75,50,1,,1
1966,64,212,1150,1,,1
1967,101,0,600,1,,1
1968,56,192,850,1,,1
1968,14,120,600,1,,1
1968,14,120,600,1,,1
1969,55,328,0,1,,1
1969,55,328,0,1,,1
1969,64,212,0,1,,1
1969,4,252,0,1,,1
1970,64,212,0,1,,1
1970,64,212,0,1,,1
1970,64,212,0,1,,1
1970,64,212,0,1,,1
1971,102,0,600,1,,1
1971,55,328,1200,1,,1
1971,91,47.45,180,1,,1
1971,91,47.45,180,1,,1
1972,48,0,600,1,,1
1974,113,0,750,1,,1
1975,121,0,500,1,,1
1975,102,0,600,1,,1
1976,113,0,750,1,,1
1976,109,243.08,600,1,,1
1977,109,243.08,600,1,,1
1977,64,212,1150,1,,1
1978,113,0,0,1,,1
1979,64,212,1150,1,,1
1979,119,0,1300,1,,1
1980,55,328,1200,1,,1
1980,103,0,600,1,,1
1982,121,0,500,1,,1
1982,121,0,500,1,,1
1982,14,120,600,1,,1
1983,1,200,0,1,,1
1983,1,200,0,1,,1
1984,64,212,0,1,,1
1984,64,212,0,1,,1
1984,64,212,0,1,,1
1984,64,212,0,1,,1
1985,88,225.35,600,1,,1
1985,88,225.35,600,1,,1
1985,64,212,1150,1,,1
1986,4,252,750,1,,1
1987,53,243.4,950,1,,1
1987,103,0,600,1,,1
1987,78,65,600,1,,1
1988,55,328,1200,1,,1
1988,78,65,600,1,,1
1988,64,212,1150,1,,1
1989,64,212,1150,1,,1
1989,76,20.75,50,1,,1
1990,92,300,0,1,,1
1990,101,0,0,1,,1
1991,14,120,600,1,,1
1991,16,100,500,1,,1
1992,16,100,500,1,,1
1992,55,328,1200,1,,1
1993,64,212,0,1,,1
1993,64,212,0,1,,1
1993,64,212,0,1,,1
1993,64,212,0,1,,1
1994,92,300,600,1,,2
1994,88,225.35,600,1,,2
1995,103,0,600,1,,1
1995,55,328,1200,1,,1
1995,113,0,750,1,,1
1996,103,0,600,1,,1
1997,1,200,650,1,,1
1997,53,243.4,950,1,,1
1997,53,243.4,950,1,,1
1998,16,100,500,1,,1
1999,88,225.35,600,1,,1
2000,52,208,0,1,,1
2000,52,208,0,1,,1
2000,52,208,0,1,,1
2000,66,290,0,1,,1
2000,16,100,0,1,,1
2000,113,0,0,1,,1
2000,56,192,0,1,,1
2000,113,0,0,1,,1
2000,64,212,0,1,,1
2000,113,0,0,1,,1
2000,113,0,0,1,,1
2001,64,212,0,1,,1
2002,53,243.4,950,1,,1
2003,119,0,1300,1,,1
2004,56,192,850,1,,1
2004,64,212,1150,1,,1
2005,52,208,750,1,,1
2005,52,208,750,1,,1
2005,52,208,750,1,,1
2005,52,208,750,1,,1
2005,62,310,750,1,,1
2005,62,310,750,1,,1
2005,77,41.75,50,1,,1
2005,77,41.75,50,1,,1
2006,56,192,850,1,,1
2007,114,0,350,1,,1
2007,64,212,1150,1,,1
2007,67,284.12,1200,1,,1
2007,109,243.08,600,1,,1
2007,109,243.08,600,1,,1
2007,77,41.75,50,1,,1
2007,64,212,1150,1,,1
2008,113,0,750,1,,1
2009,64,212,1150,1,,1
2010,91,47.45,180,1,,1
2010,91,47.45,180,1,,1
2010,91,47.45,180,1,,1
2010,64,212,1150,1,,1
2010,121,0,500,1,,1
2011,56,192,850,1,,1
2011,91,47.45,180,1,,1
2011,91,47.45,180,1,,1
2011,91,47.45,180,1,,1
2011,55,328,1200,1,,1
2011,55,328,1200,1,,1
2011,55,328,1200,1,,1
2011,77,41.75,50,1,,1
2012,56,192,850,1,,1
2013,121,0,500,1,,1
2013,48,0,600,1,,1
2014,64,212,1150,1,,1
2014,119,0,1300,1,,1
2014,119,0,1300,1,,1
2014,101,0,600,1,,1
2014,77,41.75,50,1,,1
2014,77,41.75,50,1,,1
2015,64,212,0,1,,1
2015,64,212,0,1,,1
2015,64,212,0,1,,1
2016,34,280,0,1,,1
2016,4,252,0,1,,1
2016,67,284.12,0,1,,1
2016,88,225.35,0,1,,1
2017,64,212,1150,1,,1
2018,113,0,750,1,,1
2018,113,0,750,1,,1
2019,64,212,1150,1,,1
2020,121,0,500,1,,1
2021,4,252,750,1,,1
2022,64,212,1150,1,,1
2023,88,225.35,600,1,,1
2024,64,212,1150,1,,1
2025,16,100,500,1,,1
2026,88,225.35,600,1,,1
2027,65,164,950,1,,1
2028,56,192,850,1,,1
2028,121,0,500,1,,1
2029,121,0,500,1,,1
2030,56,192,850,1,,1
2030,52,208,750,1,,1
2030,121,0,500,1,,1
2031,119,0,1300,1,,1
2032,64,212,0,1,,1
2032,64,212,0,1,,1
2032,64,212,0,1,,1
2032,64,212,0,1,,1
2033,113,0,750,1,,1
2033,88,225.35,600,1,,1
2033,103,0,600,1,,1
2034,56,192,850,1,,3
2034,114,0,350,1,,3
2035,104,0,1150,1,,1
2035,55,328,1200,1,,1
2035,55,328,1200,1,,1
2035,55,328,1200,1,,1
2035,77,41.75,50,1,,1
2035,113,0,750,1,,1
2036,56,192,850,1,,4
2036,60,280,1000,1,,4
2037,78,65,600,1,,1
2038,109,243.08,600,1,,2
2039,56,192,0,1,,2
2039,56,192,0,1,,2
2039,56,192,0,1,,2
2039,123,256,0,1,,2
2039,123,256,0,1,,2
2040,104,0,1150,1,,1
2041,53,243.4,950,1,,1
2041,16,100,500,1,,1
2042,16,100,500,1,,3
2042,119,0,1300,1,,3
2043,104,0,1150,1,,3
2044,55,328,1200,1,,4
2044,16,100,500,1,,4
2045,14,120,600,1,,1
2046,119,0,1300,1,,2
2046,94,117,600,1,,2
2047,16,100,500,1,,1
2048,56,192,850,1,,2
2048,56,192,850,1,,2
2049,14,120,600,1,,1
2050,104,0,0,1,,1
2050,113,0,0,1,,1
2050,104,0,0,1,,1
2050,104,0,0,1,,1
2050,104,0,0,1,,1
2051,104,0,1150,1,,1
2052,88,225.35,600,1,,2
2053,62,310,750,1,,4
2053,123,256,700,1,,4
2054,123,256,700,1,,3
2054,84,536.85,950,1,,3
2055,53,243.4,950,1,,1
2055,53,243.4,950,1,,1
2055,104,0,1150,1,,1
2056,55,328,1200,1,,1
2056,78,65,600,1,,1
2056,55,328,1200,1,,1
2056,1,200,650,1,,1
2057,104,0,1150,1,,1
2057,78,65,600,1,,1
2058,73,260,700,1,,1
2058,123,256,700,1,,1
2059,94,117,600,1,,1
2059,121,0,500,1,,1
2060,119,0,1300,1,,1
2060,78,65,600,1,,1
2060,104,0,1150,1,,1
2061,114,0,350,1,,1
2062,78,65,600,1,,1
2063,121,0,500,1,,1
2064,60,280,1000,1,,1
2064,82,251.84,700,1,,1
2064,121,0,500,1,,1
2065,94,117,600,1,,1
2066,104,0,1150,1,,1
2066,62,310,750,1,,1
2067,55,328,1200,1,,1
2068,104,0,0,1,,1
2068,104,0,0,1,,1
2068,104,0,0,1,,1
2068,104,0,0,1,,1
2069,78,65,600,1,,1
2070,119,0,1300,1,,1
2070,113,0,750,1,,1
2070,113,0,750,1,,1
2071,73,260,700,1,,1
2072,104,0,1150,1,,1
2073,103,0,600,1,,1
2074,50,150,500,1,,1
2075,104,0,1150,1,,1
2075,104,0,1150,1,,1
2076,109,243.08,0,1,,1
2076,14,120,0,1,,1
2076,56,192,0,1,,1
2077,104,0,0,1,,1
2077,104,0,0,1,,1
2077,104,0,0,1,,1
2077,104,0,0,1,,1
2078,114,0,350,1,,1
2079,4,252,750,1,,1
2079,4,252,750,1,,1
2079,56,192,850,1,,1
2079,104,0,1150,1,,1
2080,62,310,750,1,,1
2080,61,310,750,1,,1
2080,123,256,700,1,,1
2080,77,41.75,50,1,,1
2081,56,192,850,1,,2
2081,103,0,600,1,,2
2081,55,328,1200,1,,2
2082,62,310,750,1,,1
2082,62,310,750,1,,1
2082,61,310,750,1,,1
2082,61,310,750,1,,1
2082,77,41.75,50,1,,1
2083,77,41.75,50,1,,1
2084,123,256,700,1,,1
2084,123,256,700,1,,1
2084,77,41.75,50,1,,1
2085,88,225.35,600,1,,1
2085,88,225.35,600,1,,1
2085,94,117,600,1,,1
2086,119,0,1300,1,,1
2087,88,225.35,600,1,,1
2088,14,120,600,1,,3
2088,103,0,600,1,,3
2088,55,328,1200,1,,3
2089,16,100,500,1,,1
2090,16,100,500,1,,4
2091,56,192,850,1,,5
2091,78,65,600,1,,5
2092,113,0,0,1,,1
2092,113,0,0,1,,1
2092,113,0,0,1,,1
2092,113,0,0,1,,1
2092,113,0,0,1,,1
2092,113,0,0,1,,1
2092,113,0,0,1,,1
2092,113,0,0,1,,1
2092,113,0,0,1,,1
2092,113,0,0,1,,1
2092,113,0,0,1,,1
2092,113,0,0,1,,1
2092,113,0,0,1,,1
2092,113,0,0,1,,1
2092,113,0,0,1,,1
2092,113,0,0,1,,1
2093,16,100,500,1,,2
2094,55,328,0,1,,1
2094,104,0,0,1,,1
2095,123,256,700,1,,1
2096,16,100,500,1,,1
2097,119,0,1300,1,,1
2098,61,310,750,1,,3
2099,104,0,0,1,,1
2100,104,0,1150,1,,3
2100,67,284.12,1200,1,,3
2101,61,310,750,1,,3
2102,1,200,650,1,,4
2102,55,328,1200,1,,4
2103,56,192,0,1,,1
2103,56,192,0,1,,1
2103,123,256,0,1,,1
2104,113,0,0,1,,1
2104,113,0,0,1,,1
2104,113,0,0,1,,1
2104,113,0,0,1,,1
2104,113,0,0,1,,1
2104,113,0,0,1,,1
2104,113,0,0,1,,1
2104,113,0,0,1,,1
2104,113,0,0,1,,1
2104,113,0,0,1,,1
2104,113,0,0,1,,1
2104,113,0,0,1,,1
2104,113,0,0,1,,1
2104,113,0,0,1,,1
2104,113,0,0,1,,1
2104,113,0,0,1,,1
2105,84,536.85,950,1,,1
2106,78,65,600,1,,1
2107,56,192,850,1,,1
2108,104,0,1150,1,,1
2108,104,0,1150,1,,1
2108,104,0,1150,1,,1
2108,114,0,350,1,,1
2108,114,0,350,1,,1
2108,114,0,350,1,,1
2108,113,0,750,1,,1
2108,94,117,600,1,,1
2109,50,150,500,1,,1
2110,88,225.35,600,1,,1
2111,104,0,1150,1,,1
2112,112,0,600,1,,1
2113,14,120,600,1,,1
2113,14,120,600,1,,1
2113,14,120,600,1,,1
2113,50,150,500,1,,1
2114,103,0,600,1,,1
2114,73,260,700,1,,1
2115,104,0,1150,1,,1
2116,104,0,0,1,,1
2116,104,0,0,1,,1
2116,104,0,0,1,,1
2116,113,0,0,1,,1
2116,113,0,0,1,,1
2116,113,0,0,1,,1
2116,113,0,0,1,,1
2117,50,150,500,1,,1
2118,104,0,1150,1,,1
2119,112,0,600,1,,1
2120,88,225.35,600,1,,2
2121,104,0,1150,1,,1
2121,76,20.75,50,1,,1
2121,55,328,1200,1,,1
2121,77,41.75,50,1,,1
2122,69,300,700,1,,1
2122,119,0,1300,1,,1
2122,1,200,650,1,,1
2123,82,251.84,0,1,,6
2123,82,251.84,0,1,,6
2123,82,251.84,0,1,,6
2123,82,251.84,0,1,,6
2123,77,41.75,0,1,,6
2124,104,0,1150,1,,3
2124,104,0,1150,1,,3
2124,104,0,1150,1,,3
2124,55,328,1200,1,,3
2124,114,0,350,1,,3
2124,114,0,350,1,,3
2125,119,0,1300,1,,4
2125,103,0,600,1,,4
2125,16,100,500,1,,4
2126,14,120,600,1,,1
2127,16,100,500,1,,3
2127,104,0,1150,1,,3
2128,55,328,1200,1,,1
2128,102,0,600,1,,1
2129,104,0,0,1,,1
2129,104,0,0,1,,1
2129,104,0,0,1,,1
2129,104,0,0,1,,1
2130,56,192,850,1,,1
2131,4,252,750,1,,1
2131,55,328,1200,1,,1
2132,14,120,0,1,,1
2132,14,120,0,1,,1
2132,55,328,0,1,,1
2132,91,47.45,0,1,,1
2132,91,47.45,0,1,,1
2132,91,47.45,0,1,,1
2133,78,65,600,1,,1
2134,16,100,500,1,,1
2134,16,100,500,1,,1
2134,94,117,600,1,,1
2135,14,120,600,1,,1
2135,14,120,600,1,,1
2136,104,0,1150,1,,1
2137,88,225.35,600,1,,2
2138,48,0,600,1,,1
2138,67,284.12,1200,1,,1
2138,16,100,500,1,,1
2138,48,0,600,1,,1
2138,67,284.12,1200,1,,1
2139,104,0,1150,1,,3
2139,103,0,600,1,,3
2140,56,192,850,1,,1
2140,88,225.35,600,1,,1
2141,91,47.45,180,1,,1
2141,91,47.45,180,1,,1
2141,91,47.45,180,1,,1
2141,1,200,650,1,,1
2141,91,47.45,180,1,,1
2141,91,47.45,180,1,,1
2141,91,47.45,180,1,,1
2142,1,200,650,1,,1
2142,1,200,650,1,,1
2142,119,0,1300,1,,1
2142,55,328,1200,1,,1
2143,123,256,700,1,,1
2143,104,0,1150,1,,1
2143,82,251.84,700,1,,1
2143,82,251.84,700,1,,1
2143,82,251.84,700,1,,1
2143,77,41.75,50,1,,1
2144,56,192,0,1,,2
2144,104,0,0,1,,2
2145,113,0,0,1,,1
2145,113,0,0,1,,1
2145,113,0,0,1,,1
2145,113,0,0,1,,1
2145,104,0,0,1,,1
2145,104,0,0,1,,1
2145,104,0,0,1,,1
2146,114,0,0,1,,1
2146,123,256,0,1,,1
2146,109,243.08,0,1,,1
2146,56,192,0,1,,1
2146,56,192,0,1,,1
2146,84,536.85,0,1,,1
2146,123,256,0,1,,1
2146,56,192,0,1,,1
2146,113,0,0,1,,1
2147,104,0,1150,1,,1
2148,102,0,600,1,,1
2149,109,243.08,600,1,,1
2149,102,0,600,1,,1
2150,56,192,850,1,,1
2150,56,192,850,1,,1
2151,64,212,1150,1,,1
2152,103,0,600,1,,1
2152,55,328,1200,1,,1
2153,55,328,1200,1,,1
2153,55,328,1200,1,,1
2153,64,212,1150,1,,1
2153,77,41.75,50,1,,1
2154,53,243.4,950,1,,1
2154,53,243.4,950,1,,1
2154,1,200,650,1,,1
2156,123,256,700,1,,1
2157,55,328,0,1,,1
2157,55,328,0,1,,1
2157,111,0,0,1,,1
2158,123,256,700,1,,1
2158,111,0,850,1,,1
2159,16,100,500,1,,1
2159,64,212,1150,1,,1
2160,64,212,0,1,,1
2160,64,212,0,1,,1
2160,64,212,0,1,,1
2161,91,47.45,180,1,,1
2162,113,0,750,1,,1
2163,55,328,1200,1,,1
2163,102,0,600,1,,1
2164,88,225.35,600,1,,1
2165,16,100,500,1,,1
2166,16,100,500,1,,1
2167,114,0,350,1,,1
2167,92,300,600,1,,1
2167,119,0,1300,1,,1
2167,16,100,500,1,,1
2168,103,0,600,1,,1
2169,16,100,500,1,,1
2170,64,212,0,1,,1
2170,64,212,0,1,,1
2170,64,212,0,1,,1
2170,64,212,0,1,,1
2170,113,0,0,1,,1
2171,119,0,1300,1,,1
2172,123,256,700,1,,1
2173,119,0,1300,1,,1
2174,34,280,600,1,,1
2175,16,100,500,1,,1
2175,55,328,1200,1,,1
2176,103,0,600,1,,1
2176,16,100,500,1,,1
2177,55,328,1200,1,,1
2177,103,0,600,1,,1
2177,14,120,600,1,,1
2178,119,0,1300,1,,1
2179,119,0,1300,1,,1
2179,1,200,650,1,,1
2180,123,256,700,1,,1
2180,67,284.12,1200,1,,1
2180,67,284.12,1200,1,,1
2180,119,0,1300,1,,1
2180,64,212,1150,1,,1
2180,64,212,1150,1,,1
2180,77,41.75,50,1,,1
2180,77,41.75,50,1,,1
2180,76,20.75,50,1,,1
2181,62,310,750,1,,1
2181,77,41.75,50,1,,1
2182,14,120,600,1,,1
2182,114,0,350,1,,1
2182,61,310,750,1,,1
2183,119,0,1300,1,,1
2184,16,100,500,1,,1
2185,64,212,0,1,,1
2185,64,212,0,1,,1
2185,64,212,0,1,,1
2186,14,120,0,1,,1
2186,14,120,0,1,,1
2186,14,120,0,1,,1
2187,64,212,1150,1,,1
2187,64,212,1150,1,,1
2188,64,212,1150,1,,1
2188,64,212,1150,1,,1
2189,113,0,750,1,,1
2189,55,328,1200,1,,1
2189,55,328,1200,1,,1
2189,77,41.75,50,1,,1
2190,88,225.35,600,1,,1
2191,119,0,1300,1,,1
2191,94,117,600,1,,1
2192,94,117,600,1,,1
2192,64,212,1150,1,,1
2193,114,0,350,1,,1
2194,88,225.35,600,1,,1
2195,84,536.85,950,1,,1
2195,73,260,700,1,,1
2195,109,243.08,600,1,,1
2195,127,0,1150,1,,1
2196,113,0,750,1,,1
2196,55,328,1200,1,,1
2197,127,0,1150,1,,1
2197,119,0,1300,1,,1
2198,4,252,750,1,,1
2199,88,225.35,600,1,,1
2200,82,251.84,0,1,,1
2200,82,251.84,0,1,,1
2200,82,251.84,0,1,,1
2200,82,251.84,0,1,,1
2200,82,251.84,0,1,,1
2200,1,200,0,1,,1
2200,1,200,0,1,,1
2201,114,0,350,1,,1
2201,111,0,850,1,,1
2201,91,47.45,180,1,,1
2201,91,47.45,180,1,,1
2201,91,47.45,180,1,,1
2202,123,256,700,1,,1
2203,55,328,1200,1,,1
2205,14,120,600,1,,1
2206,88,225.35,600,1,,1
2207,127,0,0,1,,1
2207,127,0,0,1,,1
2207,127,0,0,1,,1
2207,127,0,0,1,,1
2209,127,0,1150,1,,1
2210,88,225.35,600,1,,1
2210,88,225.35,600,1,,1
2210,77,41.75,50,1,,1
2211,1,200,0,1,,1
2211,1,200,0,1,,1
2211,1,200,0,1,,1
2211,1,200,0,1,,1
2211,109,243.08,0,1,,1
2211,88,225.35,0,1,,1
2211,123,256,0,1,,1
2211,61,310,0,1,,1
2212,111,0,850,1,,1
2213,113,0,750,1,,1
2214,127,0,1150,1,,1
2215,127,0,1150,1,,1
2215,127,0,1150,1,,1
2216,102,0,600,1,,1
2217,127,0,1150,1,,1
2217,119,0,1300,1,,1
2218,16,100,500,1,,1
2219,127,0,0,1,,1
2219,127,0,0,1,,1
2219,127,0,0,1,,1
2219,113,0,0,1,,1
2219,113,0,0,1,,1
2220,113,0,750,1,,1
2221,127,0,1150,1,,1
2221,91,47.45,180,1,,1
2221,91,47.45,180,1,,1
2222,123,256,700,1,,1
2222,88,225.35,600,1,,1
2223,123,256,700,1,,1
2224,84,536.85,950,1,,1
2225,92,300,600,1,,1
2226,92,300,600,1,,1
2226,61,310,750,1,,1
2226,61,310,750,1,,1
2226,61,310,750,1,,1
2226,61,310,750,1,,1
2226,77,41.75,50,1,,1
2226,77,41.75,50,1,,1
2227,16,100,500,1,,1
2228,113,0,0,1,,1
2228,113,0,0,1,,1
2228,113,0,0,1,,1
2228,113,0,0,1,,1
2228,113,0,0,1,,1
2228,113,0,0,1,,1
2228,113,0,0,1,,1
2228,113,0,0,1,,1
2228,113,0,0,1,,1
2228,113,0,0,1,,1
2228,113,0,0,1,,1
2228,113,0,0,1,,1
2228,113,0,0,1,,1
2228,113,0,0,1,,1
2228,113,0,0,1,,1
2229,109,243.08,600,1,,1
2230,67,284.12,1200,1,,1
2230,16,100,500,1,,1
2231,102,0,600,1,,1
2232,52,208,750,1,,1
2232,94,117,600,1,,1
2233,88,225.35,600,1,,1
2234,14,120,0,1,,1
2234,14,120,0,1,,1
2235,119,0,1300,1,,1
2235,1,200,650,1,,1
2236,127,0,0,1,,1
2236,127,0,0,1,,1
2236,127,0,0,1,,1
2236,127,0,0,1,,1
2237,119,0,1300,1,,1
2238,127,0,1150,1,,1
2239,113,0,750,1,,1
2240,127,0,1150,1,,1
2240,123,256,700,1,,1
2241,84,536.85,950,1,,1
2241,16,100,500,1,,1
2241,103,0,600,1,,1
2242,14,120,600,1,,2
2242,14,120,600,1,,2
2243,111,0,850,1,,1
2243,55,328,1200,1,,1
2244,127,0,1150,1,,1
2245,127,0,0,1,,1
2245,127,0,0,1,,1
2245,127,0,0,1,,1
2245,127,0,0,1,,1
2246,127,0,1150,1,,1
2247,52,208,750,1,,1
2247,111,0,850,1,,1
2248,16,100,500,1,,1
2248,55,328,1200,1,,1
2249,103,0,600,1,,2
2249,55,328,1200,1,,2
2250,92,300,600,1,,1
2250,119,0,1300,1,,1
2250,103,0,600,1,,1
2250,55,328,1200,1,,1
2250,16,100,500,1,,1
2251,52,208,750,1,,1
2252,94,117,600,1,,1
2253,113,0,750,1,,1
2254,123,256,700,1,,1
2254,127,0,1150,1,,1
2254,127,0,1150,1,,1
2254,1,200,650,1,,1
2254,48,0,600,1,,1
2254,48,0,600,1,,1
2254,73,260,700,1,,1
2254,119,0,1300,1,,1
2254,53,243.4,950,1,,1
2254,53,243.4,950,1,,1
2254,119,0,1300,1,,1
2254,16,100,500,1,,1
2255,14,120,600,1,,1
2255,14,120,600,1,,1
2255,91,47.45,180,1,,1
2255,114,0,350,1,,1
2256,88,225.35,600,1,,1
2257,16,100,500,1,,1
2258,127,0,1150,1,,1
2258,61,310,750,1,,1
2259,127,0,1150,1,,1
2259,127,0,1150,1,,1
2260,127,0,0,1,,2
2260,127,0,0,1,,2
2260,127,0,0,1,,2
2261,1,200,650,1,,1
2261,67,284.12,1200,1,,1
2261,78,65,600,1,,1
2262,94,117,600,1,,1
2262,94,117,600,1,,1
2263,78,65,600,1,,1
2264,84,536.85,950,1,,1
2264,16,100,500,1,,1
2265,55,328,1200,1,,1
2265,1,200,650,1,,1
2266,73,260,700,1,,1
2266,55,328,1200,1,,1
2267,82,251.84,0,1,,1
2267,82,251.84,0,1,,1
2267,82,251.84,0,1,,1
2267,82,251.84,0,1,,1
2267,82,251.84,0,1,,1
2267,1,200,0,1,,1
2267,1,200,0,1,,1
2267,1,200,0,1,,1
2268,16,100,500,1,,1
2269,123,256,700,1,,1
2270,127,0,0,1,,1
2270,113,0,0,1,,1
2270,127,0,0,1,,1
2270,127,0,0,1,,1
2270,127,0,0,1,,1
2271,127,0,1150,1,,1
2272,127,0,1150,1,,1
2272,113,0,750,1,,1
2272,16,100,500,1,,1
2273,52,208,750,1,,1
2274,111,0,850,1,,1
2275,127,0,1150,1,,1
2276,127,0,1150,1,,1
2276,53,243.4,950,1,,1
2277,48,0,600,1,,1
2278,112,0,600,1,,1
2278,123,256,700,1,,1
2279,61,310,750,1,,1
2279,61,310,750,1,,1
2279,62,310,750,1,,1
2279,62,310,750,1,,1
2279,127,0,1150,1,,1
2279,77,41.75,50,1,,1
2279,77,41.75,50,1,,1
2280,88,225.35,600,1,,1
2281,16,100,500,1,,1
2282,88,225.35,600,1,,1
2283,127,0,0,1,,1
2283,127,0,0,1,,1
2283,127,0,0,1,,1
2283,127,0,0,1,,1
2284,127,0,1150,1,,1
2284,123,256,700,1,,1
2284,123,256,700,1,,1
2284,123,256,700,1,,1
2284,123,256,700,1,,1
2284,91,47.45,180,1,,1
2284,91,47.45,180,1,,1
2284,91,47.45,180,1,,1
2284,77,41.75,50,1,,1
2284,77,41.75,50,1,,1
2285,62,310,750,1,,1
2285,119,0,1300,1,,1
2285,16,100,500,1,,1
2286,78,65,600,1,,1
2286,61,310,750,1,,1
2287,88,225.35,600,1,,1
2287,88,225.35,600,1,,1
2287,119,0,1300,1,,1
2288,119,0,1300,1,,1
2289,52,208,750,1,,1
2289,48,0,600,1,,1
2290,111,0,850,1,,1
2290,52,208,750,1,,1
2290,77,41.75,50,1,,1
2291,52,208,750,1,,1
2291,52,208,750,1,,1
2292,92,300,600,1,,1
2293,113,0,0,1,,1
2293,113,0,0,1,,1
2293,113,0,0,1,,1
2293,113,0,0,1,,1
2293,113,0,0,1,,1
2293,113,0,0,1,,1
2293,113,0,0,1,,1
2293,113,0,0,1,,1
2293,113,0,0,1,,1
2293,113,0,0,1,,1
2293,113,0,0,1,,1
2293,113,0,0,1,,1
2293,113,0,0,1,,1
2293,113,0,0,1,,1
2293,113,0,0,1,,1
2294,16,100,500,1,,1
2295,88,225.35,600,1,,1
2296,111,0,850,1,,2
2296,102,0,600,1,,2
2296,61,310,750,1,,2
2297,115,0,600,1,,1
2298,53,243.4,950,1,,2
2298,53,243.4,950,1,,2
2298,53,243.4,950,1,,2
2298,53,243.4,950,1,,2
2298,1,200,650,1,,2
2298,102,0,600,1,,2
2299,111,0,850,1,,1
2300,111,0,850,1,,1
2300,127,0,1150,1,,1
2300,127,0,1150,1,,1
2300,61,310,750,1,,1
2301,113,0,0,1,,1
2301,113,0,0,1,,1
2301,113,0,0,1,,1
2301,113,0,0,1,,1
2301,113,0,0,1,,1
2301,113,0,0,1,,1
2301,113,0,0,1,,1
2301,113,0,0,1,,1
2301,113,0,0,1,,1
2301,113,0,0,1,,1
2301,113,0,0,1,,1
2301,113,0,0,1,,1
2301,113,0,0,1,,1
2301,113,0,0,1,,1
2302,16,100,500,1,,1
2303,102,0,600,1,,1
2304,52,208,750,1,,1
2305,113,0,750,1,,1
2306,111,0,850,1,,1
2307,115,0,600,1,,1
2307,127,0,1150,1,,1
2307,127,0,1150,1,,1
2307,91,47.45,180,1,,1
2307,91,47.45,180,1,,1
2307,91,47.45,180,1,,1
2307,91,47.45,180,1,,1
2308,127,0,1150,1,,1
2308,88,225.35,600,1,,1
2309,91,47.45,180,1,,1
2309,91,47.45,180,1,,1
2310,127,0,1150,1,,1
2310,127,0,1150,1,,1
2310,82,251.84,700,1,,1
2310,82,251.84,700,1,,1
2310,127,0,1150,1,,1
2310,82,251.84,700,1,,1
2311,127,0,1150,1,,1
2311,114,0,350,1,,1
2311,114,0,350,1,,1
2311,61,310,750,1,,1
2311,77,41.75,50,1,,1
2311,77,41.75,50,1,,1
2311,119,0,1300,1,,1
2312,4,252,750,1,,1
2312,4,252,750,1,,1
2313,16,100,500,1,,1
2314,62,310,750,1,,1
2315,66,290,750,1,,1
2315,66,290,750,1,,1
2315,66,290,750,1,,1
2315,66,290,750,1,,1
2315,111,0,850,1,,1
2315,111,0,850,1,,1
2315,88,225.35,600,1,,1
2315,119,0,1300,1,,1
2315,16,100,500,1,,1
2315,3,150,500,1,,1
2315,3,150,500,1,,1
2316,61,310,750,1,,1
2316,102,0,600,1,,1
2316,102,0,600,1,,1
2317,62,310,750,1,,1
2317,62,310,750,1,,1
2317,62,310,750,1,,1
2317,62,310,750,1,,1
2317,77,41.75,50,1,,1
2317,77,41.75,50,1,,1
2318,113,0,0,1,,1
2318,113,0,0,1,,1
2318,113,0,0,1,,1
2318,113,0,0,1,,1
2318,113,0,0,1,,1
2318,113,0,0,1,,1
2318,113,0,0,1,,1
2318,113,0,0,1,,1
2318,113,0,0,1,,1
2318,113,0,0,1,,1
2318,113,0,0,1,,1
2318,113,0,0,1,,1
2319,111,0,850,1,,1
2320,103,0,600,1,,1
2320,119,0,1300,1,,1
2321,112,0,600,1,,1
2321,112,0,600,1,,1
2321,109,243.08,600,1,,1
2321,88,225.35,600,1,,1
2321,88,225.35,600,1,,1
2321,62,310,750,1,,1
2321,127,0,1150,1,,1
2322,119,0,1300,1,,1
2323,103,0,600,1,,1
2323,119,0,1300,1,,1
2324,62,310,750,1,,1
2325,113,0,750,1,,1
2325,114,0,350,1,,1
2326,127,0,0,1,,1
2326,127,0,0,1,,1
2326,127,0,0,1,,1
2327,102,0,600,1,,1
2327,119,0,1300,1,,1
2327,14,120,600,1,,1
2327,84,536.85,950,1,,1
2327,16,100,500,1,,1
2328,115,0,600,1,,1
2329,91,47.45,180,1,,1
2329,91,47.45,180,1,,1
2329,91,47.45,180,1,,1
2329,91,47.45,180,1,,1
2329,91,47.45,180,1,,1
2329,91,47.45,180,1,,1
2329,91,47.45,180,1,,1
2329,91,47.45,180,1,,1
2329,91,47.45,180,1,,1
2329,1,200,650,1,,1
2330,1,200,650,1,,1
2331,115,0,600,1,,1
2332,88,225.35,600,1,,1
2333,119,0,1300,1,,1
2333,119,0,1300,1,,1
2333,1,200,650,1,,1
2333,1,200,650,1,,1
2334,119,0,1300,1,,1
2334,111,0,850,1,,1
2335,127,0,1150,1,,1
2336,16,100,500,1,,1
2336,16,100,500,1,,1
2336,14,120,600,1,,1
2337,115,0,600,1,,1
2338,1,200,0,1,,1
2338,1,200,0,1,,1
2338,1,200,0,1,,1
2338,1,200,0,1,,1
2338,82,251.84,0,1,,1
2338,82,251.84,0,1,,1
2338,82,251.84,0,1,,1
2338,82,251.84,0,1,,1
2338,82,251.84,0,1,,1
2339,131,0,600,1,,1
2340,113,0,0,1,,1
2340,113,0,0,1,,1
2340,113,0,0,1,,1
2340,113,0,0,1,,1
2340,113,0,0,1,,1
2340,113,0,0,1,,1
2340,113,0,0,1,,1
2340,113,0,0,1,,1
2340,113,0,0,1,,1
2340,113,0,0,1,,1
2340,113,0,0,1,,1
2340,113,0,0,1,,1
2340,113,0,0,1,,1
2341,119,0,1300,1,,1
2341,119,0,1300,1,,1
2341,14,120,600,1,,1
2341,127,0,1150,1,,1
2342,119,0,1300,1,,1
2342,131,0,600,1,,1
2342,14,120,600,1,,1
2343,131,0,600,1,,1
2344,88,225.35,600,1,,1
2345,115,0,600,1,,1
2345,119,0,1300,1,,1
2346,88,225.35,600,1,,1
2347,88,225.35,600,1,,1
2348,52,208,0,1,,1
2349,113,0,0,1,,1
2349,113,0,0,1,,1
2349,113,0,0,1,,1
2349,113,0,0,1,,1
2349,113,0,0,1,,1
2349,113,0,0,1,,1
2349,113,0,0,1,,1
2349,113,0,0,1,,1
2349,113,0,0,1,,1
2349,113,0,0,1,,1
2349,113,0,0,1,,1
2349,113,0,0,1,,1
2349,127,0,0,1,,1
2350,127,0,1150,1,,1
2351,127,0,1150,1,,1
2352,119,0,1300,1,,1
2353,119,0,1300,1,,3
2353,92,300,600,1,,3
2354,103,0,600,1,,2
2355,119,0,1300,1,,5
2355,1,200,650,1,,5
2356,115,0,600,1,,2
2357,14,120,600,1,,1
2358,1,200,650,1,,1
2358,16,100,500,1,,1
2358,119,0,1300,1,,1
2358,113,0,750,1,,1
2359,52,0,1100,1,,1
2359,52,0,1100,1,,1
2359,52,0,1100,1,,1
2359,77,41.75,50,1,,1
2360,88,225.35,600,1,,1
2361,61,310,750,1,,1
2362,127,0,0,1,,1
2362,127,0,0,1,,1
2362,127,0,0,1,,1
2362,127,0,0,1,,1
2363,4,252,750,1,,1
2364,4,252,750,1,,1
2365,127,0,1150,1,,1
2366,62,310,750,1,,1
2367,14,120,600,1,,1
2367,62,310,750,1,,1
2367,16,100,500,1,,1
2368,14,120,600,1,,1
2369,119,0,1300,1,,1
2370,55,0,1500,1,,1
2371,111,0,850,1,,1
2372,61,310,750,1,,1
2372,61,310,750,1,,1
2372,61,310,750,1,,1
2372,77,41.75,50,1,,1
2372,16,100,500,1,,1
2373,61,310,750,1,,1
2373,73,260,700,1,,1
2373,119,0,1300,1,,1
2373,127,0,1150,1,,1
2373,84,536.85,950,1,,1
2374,92,300,600,1,,1
2374,55,0,1500,1,,1
2374,16,100,500,1,,1
2375,14,120,0,1,,1
2376,113,0,750,1,,1
2377,14,120,600,1,,1
2377,14,120,600,1,,1
2378,84,536.85,950,1,,1
2378,84,536.85,950,1,,1
2378,14,120,600,1,,1
2378,115,0,600,1,,1
2378,115,0,600,1,,1
2378,115,0,600,1,,1
2378,92,300,600,1,,1
2378,14,120,600,1,,1
2379,92,300,600,1,,1
2380,131,0,600,1,,1
2381,127,0,0,1,,1
2381,127,0,0,1,,1
2381,127,0,0,1,,1
2381,127,0,0,1,,1
2382,103,0,600,1,,1
2383,61,310,750,1,,1
2383,61,310,750,1,,1
2383,62,310,750,1,,1
2383,77,41.75,50,1,,1
2384,127,0,1150,1,,1
2384,127,0,1150,1,,1
2384,16,100,500,1,,1
2384,103,0,600,1,,1
2384,84,536.85,950,1,,1
2384,4,252,750,1,,1
2384,4,252,750,1,,1
2385,127,0,1150,1,,1
2385,55,0,1500,1,,1
2386,111,0,850,1,,1
2386,111,0,850,1,,1
2387,127,0,1150,1,,1
2388,127,0,0,1,,1
2388,127,0,0,1,,1
2388,127,0,0,1,,1
2389,67,284.12,1200,1,,1
2389,115,0,600,1,,1
2390,62,310,750,1,,1
2391,16,100,500,1,,1
2391,127,0,1150,1,,1
2391,76,20.75,50,1,,1
2392,131,0,600,1,,1
2393,111,0,850,1,,1
2393,119,0,1300,1,,1
2393,133,0,100,1,,1
2393,131,0,600,1,,1
2394,127,0,1150,1,,1
2394,119,0,1300,1,,1
2395,115,0,600,1,,1
2396,65,164,950,1,,1
2396,115,0,600,1,,1
2397,127,0,1150,1,,1
2398,16,100,500,1,,1
2398,119,0,1300,1,,1
2398,103,0,600,1,,1
2398,113,0,750,1,,1
2399,14,120,0,1,,1
2399,135,0,0,1,,1
2400,127,0,0,1,,1
2400,127,0,0,1,,1
2400,127,0,0,1,,1
2401,119,0,1300,1,,1
2402,113,0,750,1,,1
2403,73,260,700,1,,1
2404,111,0,850,1,,1
2404,99,285,600,1,,1
2404,111,0,850,1,,1
2405,111,0,850,1,,1
2405,109,243.08,600,1,,1
2406,135,0,600,1,,1
2407,127,0,1150,1,,1
2407,82,251.84,700,1,,1
2407,82,251.84,700,1,,1
2407,119,0,1300,1,,1
2407,119,0,1300,1,,1
2407,82,251.84,700,1,,1
2407,99,285,600,1,,1
2407,107,15,50,1,,1
2407,107,15,50,1,,1
2408,135,0,600,1,,1
2409,82,251.84,0,1,,1
2409,82,251.84,0,1,,1
2409,82,251.84,0,1,,1
2409,1,200,0,1,,1
2409,1,200,0,1,,1
2409,1,200,0,1,,1
2410,1,200,650,1,,1
2411,111,0,850,1,,1
2411,16,100,500,1,,1
2412,4,252,750,1,,1
2412,4,252,750,1,,1
2412,4,252,750,1,,1
2413,1,200,650,1,,1
2413,119,0,1300,1,,1
2413,127,0,1150,1,,1
2414,76,20.75,50,1,,1
2415,1,200,650,1,,1
2416,135,0,600,1,,1
2417,127,0,0,1,,1
2417,127,0,0,1,,1
2417,127,0,0,1,,1
2417,127,0,0,1,,1
2418,89,511.39,0,1,,1
2418,109,243.08,0,1,,1
2418,107,15,0,1,,1
2418,107,15,0,1,,1
2418,111,0,0,1,,1
2418,113,0,0,1,,1
2419,135,0,600,1,,1
2420,115,0,600,1,,1
2420,88,225.35,600,1,,1
2421,113,0,750,1,,1
2422,127,0,1150,1,,1
2422,135,0,600,1,,1
2423,111,0,850,1,,1
2423,16,100,500,1,,1
2424,99,285,600,1,,1
2424,16,100,500,1,,1
2425,135,0,600,1,,1
2426,1,200,650,1,,1
2426,99,285,600,1,,1
2426,135,0,600,1,,1
2427,55,0,1500,1,,1
2427,1,200,650,1,,1
2428,109,243.08,600,1,,1
2428,109,243.08,600,1,,1
2428,99,285,600,1,,1
2428,99,285,600,1,,1
2428,131,0,600,1,,1
2428,52,0,1100,1,,1
2428,113,0,750,1,,1
2429,135,0,600,1,,1
2429,115,0,600,1,,1
2430,111,0,850,1,,1
2431,127,0,0,1,,1
2431,127,0,0,1,,1
2431,127,0,0,1,,1
2432,111,0,0,1,,1
2433,55,0,1500,1,,1
2433,127,0,1150,1,,1
2433,16,100,500,1,,1
2434,111,0,850,1,,1
2435,135,0,600,1,,1
2436,127,0,1150,1,,1
2436,127,0,1150,1,,1
2437,127,0,1150,1,,1
2438,16,100,500,1,,1
2438,115,0,600,1,,1
2438,115,0,600,1,,1
2439,111,0,850,1,,1
2440,109,243.08,600,1,,1
2440,135,0,600,1,,1
2441,62,310,750,1,,1
2442,107,15,50,1,,1
2443,119,0,1300,1,,1
2443,135,0,600,1,,1
2444,111,0,850,1,,1
2445,113,0,750,1,,1
2446,61,310,750,1,,1
2447,113,0,750,1,,1
2448,61,310,750,1,,1
2448,99,285,600,1,,1
2449,14,120,0,1,,1
2449,113,0,0,1,,1
2450,127,0,0,1,,1
2450,127,0,0,1,,1
2450,127,0,0,1,,1
2450,127,0,0,1,,1
2451,135,0,600,1,,1
2452,16,100,500,1,,1
2453,55,0,1500,1,,1
2453,135,0,600,1,,1
2453,103,0,600,1,,1
2453,127,0,1150,1,,1
2454,115,0,600,1,,1
2455,55,0,1500,1,,1
2455,103,0,600,1,,1
2456,135,0,600,1,,1
2457,127,0,1150,1,,1
2458,127,0,1150,1,,1
2458,127,0,1150,1,,1
2459,127,0,1150,1,,1
2460,113,0,0,1,,1
2460,113,0,0,1,,1
2460,113,0,0,1,,1
2460,113,0,0,1,,1
2460,113,0,0,1,,1
2460,113,0,0,1,,1
2460,113,0,0,1,,1
2460,113,0,0,1,,1
2460,113,0,0,1,,1
2460,113,0,0,1,,1
2460,113,0,0,1,,1
2460,113,0,0,1,,1
2460,113,0,0,1,,1
2460,113,0,0,1,,1
2460,113,0,0,1,,1
2461,1,200,650,1,,1
2462,135,0,600,1,,1
2463,127,0,1150,1,,1
2464,115,0,600,1,,1
2464,16,100,500,1,,1
2465,65,164,950,1,,1
2465,111,0,850,1,,1
2466,119,0,1300,1,,1
2466,115,0,600,1,,1
2466,67,284.12,1200,1,,1
2467,127,0,0,1,,1
2467,113,0,0,1,,1
2467,113,0,0,1,,1
2467,119,0,0,1,,1
2467,1,200,0,1,,1
2468,127,0,0,1,,1
2468,127,0,0,1,,1
2468,127,0,0,1,,1
2468,127,0,0,1,,1
2469,127,0,1150,1,,1
2470,113,0,750,1,,1
2470,127,0,1150,1,,1
2471,16,100,500,1,,1
2471,16,100,500,1,,1
2471,111,0,850,1,,1
2471,119,0,1300,1,,1
2471,61,310,750,1,,1
2472,127,0,1150,1,,1
2473,62,310,750,1,,1
2473,127,0,1150,1,,1
2474,61,310,750,1,,1
2474,61,310,750,1,,1
2474,62,310,750,1,,1
2475,77,41.75,50,1,,1
2476,84,536.85,950,1,,1
2476,61,310,750,1,,1
2476,135,0,600,1,,1
2476,135,0,600,1,,1
2476,107,15,50,1,,1
2476,107,15,50,1,,1
2477,127,0,1150,1,,1
2478,115,0,600,1,,1
2478,115,0,600,1,,1
2478,115,0,600,1,,1
2478,113,0,750,1,,1
2478,52,0,1100,1,,1
2479,119,0,1300,1,,1
2480,127,0,1150,1,,1
2480,67,284.12,1200,1,,1
2480,67,284.12,1200,1,,1
2480,107,15,50,1,,1
2481,111,0,850,1,,1
2481,135,0,600,1,,1
2481,135,0,600,1,,1
2481,131,0,600,1,,1
2482,55,0,1500,1,,1
2482,111,0,850,1,,1
2483,119,0,1300,1,,1
2483,61,310,750,1,,1
2484,119,0,1300,1,,1
2484,115,0,600,1,,1
2485,127,0,1150,1,,4
2486,84,536.85,950,1,,1
2486,1,200,650,1,,1
2487,127,0,1150,1,,1
2488,131,0,600,1,,1
2488,119,0,1300,1,,1
2488,127,0,1150,1,,1
2488,113,0,750,1,,1
2488,16,100,500,1,,1
2489,135,0,600,1,,1
2489,77,41.75,50,1,,1
2490,111,0,850,1,,1
2490,1,200,650,1,,1
2491,131,0,600,1,,1
2492,65,164,950,1,,4
2493,109,243.08,600,1,,1
2493,109,243.08,600,1,,1
2493,127,0,1150,1,,1
2493,48,0,600,1,,1
2494,127,0,0,1,,1
2494,127,0,0,1,,1
2494,127,0,0,1,,1
2494,113,0,0,1,,1
2494,113,0,0,1,,1
2494,113,0,0,1,,1
2494,113,0,0,1,,1
2495,119,0,1300,1,,1
2495,77,41.75,50,1,,1
2495,1,200,650,1,,1
2495,62,310,750,1,,1
2495,61,310,750,1,,1
2495,84,536.85,950,1,,1
2496,16,100,500,1,,1
2496,16,100,500,1,,1
2497,111,0,850,1,,3
2498,113,0,750,1,,3
2499,1,200,0,1,,1
2499,1,200,0,1,,1
2499,1,200,0,1,,1
2499,73,260,0,1,,1
2500,119,0,1300,1,,1
2500,131,0,600,1,,1
2501,16,100,500,1,,1
2501,131,0,600,1,,1
2502,4,252,750,1,,1
2502,4,252,750,1,,1
2503,135,0,600,1,,2
2504,119,0,1300,1,,1
2504,127,0,1150,1,,1
2504,119,0,1300,1,,1
2504,1,200,650,1,,1
2504,109,243.08,600,1,,1
2504,16,100,500,1,,1
2504,14,120,600,1,,1
2504,135,0,600,1,,1
2504,52,0,1100,1,,1
2504,52,0,1100,1,,1
2504,107,15,50,1,,1
2504,82,251.84,700,1,,1
2505,127,0,0,1,,2
2505,127,0,0,1,,2
2505,127,0,0,1,,2
2505,127,0,0,1,,2
2506,14,120,600,1,,1
2506,14,120,600,1,,1
2506,16,100,500,1,,1
2507,135,0,600,1,,1
2507,109,243.08,600,1,,1
2508,130,0,600,1,,1
2509,135,0,600,1,,1
2510,135,0,600,1,,1
2511,55,0,1500,1,,1
2511,131,0,600,1,,1
2512,130,0,600,1,,1
2512,55,0,1500,1,,1
2513,127,0,1150,1,,1
2513,53,0,1300,1,,1
2514,55,0,1500,1,,1
2514,131,0,600,1,,1
2515,130,0,600,1,,1
2516,127,0,1150,1,,1
2517,16,100,500,1,,1
2518,127,0,0,1,,1
2518,127,0,0,1,,1
2518,113,0,0,1,,1
2518,113,0,0,1,,1
2518,113,0,0,1,,1
2518,113,0,0,1,,1
2518,113,0,0,1,,1
2519,109,243.08,600,1,,1
2519,111,0,850,1,,1
2520,135,0,600,1,,1
2521,119,0,1300,1,,1
2521,55,0,1500,1,,1
2521,111,0,850,1,,1
2521,113,0,750,1,,1
2521,16,100,500,1,,1
2522,138,0,600,1,,1
2523,16,100,500,1,,1
2523,4,252,750,1,,1
2524,62,310,750,1,,1
2525,119,0,1300,1,,1
2525,16,100,500,1,,1
2525,107,15,50,1,,1
2526,55,0,1500,1,,1
2526,127,0,1150,1,,1
2527,97,178,0,1,,1
2527,97,178,0,1,,1
2527,97,178,0,1,,1
2527,82,251.84,0,1,,1
2527,82,251.84,0,1,,1
2528,109,243.08,600,1,,1
2528,111,0,850,1,,1
2529,127,0,1150,1,,1
2530,111,0,850,1,,1
2530,84,536.85,950,1,,1
2530,84,536.85,950,1,,1
2531,55,0,1500,1,,1
2531,103,0,600,1,,1
2532,113,0,750,1,,1
2532,91,47.45,180,1,,1
2532,91,47.45,180,1,,1
2532,91,47.45,180,1,,1
2533,113,0,0,1,,1
2534,127,0,0,1,,1
2534,127,0,0,1,,1
2534,127,0,0,1,,1
2534,127,0,0,1,,1
2534,14,120,0,1,,1
2535,53,0,1300,1,,1
2535,97,178,750,1,,1
2536,113,0,750,1,,1
2537,109,243.08,600,1,,1
2538,135,0,600,1,,1
2539,48,0,600,1,,1
2539,67,284.12,1200,1,,1
2539,107,15,50,1,,1
2540,73,260,0,1,,1
2540,73,260,0,1,,1
2540,73,260,0,1,,1
2540,73,260,0,1,,1
2540,113,0,0,1,,1
2541,135,0,600,1,,1
2541,127,0,1150,1,,1
2542,127,0,1150,1,,1
2543,16,100,500,1,,1
2544,127,0,1150,1,,1
2544,55,0,1500,1,,1
2545,113,0,750,1,,1
2545,116,0,600,1,,1
2545,62,310,750,1,,1
2546,16,100,500,1,,1
2547,127,0,1150,1,,1
2548,16,100,500,1,,1
2549,48,0,600,1,,1
2549,53,0,1300,1,,1
2549,116,0,600,1,,1
2550,111,0,0,1,,1
2551,127,0,1150,1,,1
2552,130,0,600,1,,1
2552,91,47.45,180,1,,1
2552,91,47.45,180,1,,1
2552,91,47.45,180,1,,1
2552,91,47.45,180,1,,1
2552,91,47.45,180,1,,1
2552,91,47.45,180,1,,1
2552,53,0,1300,1,,1
2553,127,0,0,1,,1
2553,127,0,0,1,,1
2553,127,0,0,1,,1
2553,113,0,0,1,,1
2553,113,0,0,1,,1
2553,113,0,0,1,,1
2553,113,0,0,1,,1
2554,50,150,500,1,,1
2555,113,0,0,1,,1
2555,113,0,0,1,,1
2556,52,0,1100,1,,1
2557,113,0,750,1,,1
2557,16,100,500,1,,1
2558,135,0,600,1,,1
2559,111,0,850,1,,1
2559,135,0,600,1,,1
2560,116,0,600,1,,1
2561,127,0,1150,1,,1
2561,76,20.75,50,1,,1
2561,62,310,750,1,,1
2561,62,310,750,1,,1
2561,61,310,750,1,,1
2561,61,310,750,1,,1
2561,107,15,50,1,,1
2561,107,15,50,1,,1
2562,62,310,750,1,,1
2563,111,0,850,1,,1
2564,127,0,1150,1,,1
2564,127,0,1150,1,,1
2564,127,0,1150,1,,1
2564,138,0,600,1,,1
2564,55,0,1500,1,,1
2564,55,0,1500,1,,1
2565,97,178,0,1,,1
2565,97,178,0,1,,1
2566,119,0,1300,1,,1
2566,119,0,1300,1,,1
2567,116,0,600,1,,1
2567,16,100,500,1,,1
2568,52,0,1100,1,,1
2568,127,0,1150,1,,1
2568,62,310,750,1,,1
2568,61,310,750,1,,1
2568,52,0,1100,1,,1
2568,52,0,1100,1,,1
2568,77,41.75,50,1,,1
2568,77,41.75,50,1,,1
2569,111,0,850,1,,1
2570,119,0,1300,1,,1
2570,84,536.85,950,1,,1
2570,73,260,700,1,,1
2571,135,0,600,1,,1
2572,127,0,1150,1,,1
2573,113,0,750,1,,1
2575,127,0,1150,1,,1
2575,16,100,500,1,,1
2576,127,0,1150,1,,1
2576,116,0,600,1,,1
2577,16,100,500,1,,1
2578,127,0,0,1,,1
2578,127,0,0,1,,1
2578,127,0,0,1,,1
2579,4,252,750,1,,1
2580,116,0,600,1,,1
2580,73,260,700,1,,1
2581,111,0,850,1,,1
2582,119,0,1300,1,,1
2583,16,100,500,1,,1
2584,119,0,1300,1,,1
2584,135,0,600,1,,1
2584,16,100,500,1,,1
2584,16,100,500,1,,1
2584,131,0,600,1,,1
2585,127,0,1150,1,,1
2586,103,0,600,1,,1
2586,55,0,1500,1,,1
2586,67,284.12,1200,1,,1
2587,127,0,1150,1,,1
2588,135,0,600,1,,1
2589,127,0,0,1,,1
2589,127,0,0,1,,1
2589,113,0,0,1,,1
2589,113,0,0,1,,1
2589,113,0,0,1,,1
2589,113,0,0,1,,1
2589,113,0,0,1,,1
2589,113,0,0,1,,1
2589,113,0,0,1,,1
2589,113,0,0,1,,1
2590,103,0,600,1,,1
2591,84,536.85,950,1,,1
2591,84,536.85,950,1,,1
2592,113,0,750,1,,1
2592,55,0,1500,1,,1
2593,135,0,600,1,,1
2594,135,0,600,1,,1
2595,113,0,750,1,,1
2595,55,0,1500,1,,1
2595,103,0,600,1,,1
2596,16,100,0,1,,1
2596,127,0,0,1,,1
2597,103,0,600,1,,1
2598,127,0,1150,1,,1
2598,52,0,1100,1,,1
2599,103,0,600,1,,1
2600,135,0,600,1,,1
2601,127,0,0,1,,1
2601,127,0,0,1,,1
2601,127,0,0,1,,1
2602,111,0,850,1,,1
2602,82,251.84,700,1,,1
2603,16,100,500,1,,1
2604,119,0,1300,1,,1
2604,119,0,1300,1,,1
2604,115,0,600,1,,1
2604,103,0,600,1,,1
2604,62,310,750,1,,1
2604,61,310,750,1,,1
2605,135,0,600,1,,1
2606,127,0,1150,1,,1
2607,131,0,600,1,,1
2608,131,0,600,1,,1
2609,116,0,600,1,,1
2610,55,0,1500,1,,1
2610,67,284.12,1200,1,,1
2610,127,0,1150,1,,1
2610,65,164,950,1,,1
2610,16,100,500,1,,1
2611,16,100,500,1,,1
2612,135,0,600,1,,1
2613,127,0,1150,1,,1
2613,127,0,1150,1,,1
2614,116,0,600,1,,1
2614,119,0,1300,1,,1
2614,127,0,1150,1,,1
2614,109,243.08,600,1,,1
2614,135,0,600,1,,1
2614,135,0,600,1,,1
2614,52,0,1100,1,,1
2614,52,0,1100,1,,1
2614,52,0,1100,1,,1
2614,107,15,50,1,,1
2614,107,15,50,1,,1
2615,61,310,750,1,,1
2616,16,100,500,1,,1
2617,113,0,0,1,,1
2617,113,0,0,1,,1
2617,113,0,0,1,,1
2617,113,0,0,1,,1
2617,113,0,0,1,,1
2617,113,0,0,1,,1
2617,113,0,0,1,,1
2617,113,0,0,1,,1
2617,113,0,0,1,,1
2617,113,0,0,1,,1
2617,113,0,0,1,,1
2617,113,0,0,1,,1
2618,135,0,600,1,,1
2619,111,0,850,1,,1
2619,16,100,500,1,,1
2620,113,0,0,1,,1
2620,113,0,0,1,,1
2620,113,0,0,1,,1
2621,113,0,750,1,,1
2622,119,0,1300,1,,1
2622,115,0,600,1,,1
2623,111,0,850,1,,1
2624,55,0,1500,1,,1
2625,116,0,600,1,,1
2626,113,0,750,1,,1
2627,16,100,500,1,,1
2628,119,0,1300,1,,1
2628,16,100,500,1,,1
2628,67,284.12,1200,1,,1
2629,103,0,600,1,,1
2630,111,0,850,1,,1
2631,111,0,850,1,,1
2632,113,0,0,1,,1
2632,113,0,0,1,,1
2632,113,0,0,1,,1
2632,113,0,0,1,,1
2632,113,0,0,1,,1
2632,113,0,0,1,,1
2632,113,0,0,1,,1
2632,113,0,0,1,,1
2632,113,0,0,1,,1
2632,113,0,0,1,,1
2632,113,0,0,1,,1
2632,113,0,0,1,,1
2632,113,0,0,1,,1
2632,113,0,0,1,,1
2632,113,0,0,1,,1
2632,113,0,0,1,,1
2633,48,0,600,1,,1
2633,48,0,600,1,,1
2634,116,0,600,1,,1
2635,135,0,600,1,,1
2636,116,0,600,1,,1
2636,16,100,500,1,,1
2637,61,310,750,1,,1
2637,61,310,750,1,,1
2637,61,310,750,1,,1
2637,61,310,750,1,,1
2637,62,310,750,1,,1
2637,62,310,750,1,,1
2637,107,15,50,1,,1
2637,107,15,50,1,,1
2637,127,0,1150,1,,1
2637,76,20.75,50,1,,1
2638,111,0,850,1,,1
2639,111,0,850,1,,1
2639,111,0,850,1,,1
2640,115,0,600,1,,1
2641,119,0,1300,1,,1
2641,103,0,600,1,,1
2642,135,0,600,1,,1
2643,53,0,1300,1,,1
2643,1,200,650,1,,1
2644,53,0,1300,1,,1
2644,116,0,600,1,,1
2644,138,0,600,1,,1
2645,111,0,850,1,,1
2646,53,0,1300,1,,1
2646,115,0,600,1,,1
2647,111,0,850,1,,1
2648,111,0,850,1,,1
2649,48,0,600,1,,1
2649,84,536.85,950,1,,1
2649,111,0,850,1,,1
2650,55,0,1500,1,,1
2650,127,0,1150,1,,1
2650,16,100,500,1,,1
2650,73,260,700,1,,1
2651,111,0,850,1,,1
2652,135,0,600,1,,1
2653,113,0,0,1,,1
2653,113,0,0,1,,1
2653,113,0,0,1,,1
2653,116,0,0,1,,1
2653,113,0,0,1,,1
2653,113,0,0,1,,1
2653,113,0,0,1,,1
2653,113,0,0,1,,1
2653,127,0,0,1,,1
2653,113,0,0,1,,1
2653,113,0,0,1,,1
2653,113,0,0,1,,1
2653,113,0,0,1,,1
2654,16,100,500,1,,1
2655,55,0,1500,1,,2
2655,138,0,600,1,,2
2656,115,0,600,1,,1
2657,67,284.12,1200,1,,2
2658,127,0,1150,1,,1
2659,55,0,1500,1,,1
2659,115,0,600,1,,1
2660,115,0,600,1,,1
2661,93,300,600,1,,1
2662,113,0,0,1,,1
2662,52,0,0,1,,1
2662,67,284.12,0,1,,1
2662,66,290,0,1,,1
2662,66,290,0,1,,1
2662,111,0,0,1,,1
2662,116,0,0,1,,1
2663,4,252,0,1,,1
2663,4,252,0,1,,1
2663,4,252,0,1,,1
2663,4,252,0,1,,1
2663,4,252,0,1,,1
2663,4,252,0,1,,1
2664,113,0,0,1,,1
2664,113,0,0,1,,1
2664,113,0,0,1,,1
2664,113,0,0,1,,1
2664,127,0,0,1,,1
2664,127,0,0,1,,1
2664,127,0,0,1,,1
2665,65,164,950,1,,2
2665,55,0,1500,1,,2
2665,115,0,600,1,,2
2666,113,0,750,1,,1
2667,127,0,1150,1,,1
2667,91,47.45,180,1,,1
2667,91,47.45,180,1,,1
2667,91,47.45,180,1,,1
2667,91,47.45,180,1,,1
2667,91,47.45,180,1,,1
2668,111,0,850,1,,1
2669,116,0,600,1,,1
2669,142,0,500,1,,1
2670,111,0,850,1,,1
2670,131,0,600,1,,1
2671,127,0,1150,1,,1
2671,131,0,600,1,,1
2671,91,47.45,180,1,,1
2671,91,47.45,180,1,,1
2672,53,0,1300,1,,1
2672,138,0,600,1,,1
2673,111,0,850,1,,1
2673,62,310,750,1,,1
2673,142,0,500,1,,1
2674,127,0,1150,1,,1
2674,109,243.08,600,1,,1
2674,76,20.75,50,1,,1
2674,77,41.75,50,1,,1
2674,77,41.75,50,1,,1
2674,52,0,1100,1,,1
2674,52,0,1100,1,,1
2675,113,0,0,1,,1
2675,113,0,0,1,,1
2675,113,0,0,1,,1
2675,113,0,0,1,,1
2675,113,0,0,1,,1
2675,113,0,0,1,,1
2675,113,0,0,1,,1
2675,113,0,0,1,,1
2675,113,0,0,1,,1
2675,113,0,0,1,,1
2675,113,0,0,1,,1
2675,113,0,0,1,,1
2675,127,0,0,1,,1
2676,119,0,1300,1,,1
2676,138,0,600,1,,1
2677,127,0,1150,1,,1
2678,67,284.12,1200,1,,1
2679,115,0,600,1,,1
2680,53,0,1300,1,,1
2681,55,0,1500,1,,1
2681,55,0,1500,1,,1
2681,55,0,1500,1,,1
2681,55,0,1500,1,,1
2681,138,0,600,1,,1
2681,1,200,650,1,,1
2682,61,310,750,1,,1
2682,61,310,750,1,,1
2682,77,41.75,50,1,,1
2683,119,0,1300,1,,1
2684,1,200,650,1,,1
2684,109,243.08,600,1,,1
2685,1,200,650,1,,1
2686,127,0,0,1,,1
2686,127,0,0,1,,1
2686,127,0,0,1,,1
2686,127,0,0,1,,1
2687,116,0,0,1,,1
2687,116,0,0,1,,1
2687,1,200,0,1,,1
2687,1,200,0,1,,1
2687,1,200,0,1,,1
2687,1,200,0,1,,1
2687,138,0,0,1,,1
2687,138,0,0,1,,1
2688,52,0,1100,1,,1
2688,48,0,600,1,,1
2689,115,0,600,1,,1
2690,115,0,600,1,,3
2690,131,0,600,1,,3
2691,67,284.12,1200,1,,1
2691,127,0,1150,1,,1
2692,131,0,600,1,,1
2693,127,0,1150,1,,1
2693,116,0,600,1,,1
2694,111,0,850,1,,1
2695,61,310,750,1,,6
2696,55,0,0,1,,6
2696,55,0,0,1,,6
2696,111,0,0,1,,6
2696,111,0,0,1,,6
2696,116,0,0,1,,6
2696,116,0,0,1,,6
2696,113,0,0,1,,6
2696,113,0,0,1,,6
2696,113,0,0,1,,6
2697,127,0,1150,1,,1
2698,113,0,0,1,,1
2698,113,0,0,1,,1
2698,113,0,0,1,,1
2698,113,0,0,1,,1
2698,113,0,0,1,,1
2698,113,0,0,1,,1
2698,113,0,0,1,,1
2698,113,0,0,1,,1
2699,113,0,0,1,,1
2699,113,0,0,1,,1
2699,113,0,0,1,,1
2699,127,0,0,1,,1
2700,16,100,500,1,,1
2701,103,0,600,1,,1
2702,65,164,950,1,,1
2703,119,0,1300,1,,1
2703,64,212,1150,1,,1
2704,64,212,1150,1,,1
2704,64,212,1150,1,,1
2705,64,212,1150,1,,1
2705,142,0,500,1,,1
2706,116,0,600,1,,1
2706,116,0,600,1,,1
2707,67,284.12,1200,1,,1
2707,55,0,1500,1,,1
2707,1,200,650,1,,1
2707,111,0,850,1,,1
2708,113,0,750,1,,1
2709,103,0,600,1,,1
2709,55,0,1500,1,,1
2710,113,0,750,1,,1
2711,16,100,500,1,,1
2712,61,310,750,1,,1
2712,55,0,1500,1,,1
2712,103,0,600,1,,1
2712,115,0,600,1,,1
2712,55,0,1500,1,,1
2712,107,15,50,1,,1
2713,61,310,750,1,,1
2713,62,310,750,1,,1
2713,107,15,50,1,,1
2714,111,0,850,1,,1
2715,65,164,950,1,,1
2715,113,0,750,1,,1
2716,64,212,0,1,,1
2716,113,0,0,1,,1
2716,113,0,0,1,,1
2716,64,212,0,1,,1
2717,119,0,1300,1,,1
2718,64,212,1150,1,,1
2718,67,284.12,1200,1,,1
2718,107,15,50,1,,1
2719,16,100,500,1,,1
2720,115,0,600,1,,1
2720,103,0,600,1,,1
2721,64,212,1150,1,,1
2722,142,0,500,1,,1
2722,48,0,600,1,,1
2723,64,212,1150,1,,1
2724,53,0,1300,1,,1
2724,103,0,600,1,,1
2725,113,0,0,1,,1
2725,64,212,0,1,,1
2726,113,0,0,1,,1
2727,113,0,0,1,,1
2727,113,0,0,1,,1
2727,113,0,0,1,,1
2727,113,0,0,1,,1
2727,113,0,0,1,,1
2727,113,0,0,1,,1
2727,113,0,0,1,,1
2727,113,0,0,1,,1
2727,113,0,0,1,,1
2727,113,0,0,1,,1
2727,113,0,0,1,,1
2728,142,0,500,1,,1
2728,116,0,600,1,,1
2729,115,0,600,1,,1
2729,111,0,850,1,,1
2730,93,300,600,1,,1
2730,55,0,1500,1,,1
2731,65,164,950,1,,1
2732,111,0,850,1,,1
2732,91,47.45,180,1,,1
2732,91,47.45,180,1,,1
2732,91,47.45,180,1,,1
2733,111,0,850,1,,1
2734,93,300,600,1,,1
2734,119,0,1300,1,,1
2734,116,0,600,1,,1
2735,113,0,0,1,,1
2735,113,0,0,1,,1
2735,113,0,0,1,,1
2735,111,0,0,1,,1
2735,111,0,0,1,,1
2735,111,0,0,1,,1
2736,64,212,1150,1,,1
2736,76,20.75,50,1,,1
2737,64,212,1150,1,,1
2738,115,0,600,1,,1
2738,116,0,600,1,,1
2739,113,0,0,1,,1
2739,113,0,0,1,,1
2739,113,0,0,1,,1
2739,113,0,0,1,,1
2739,113,0,0,1,,1
2739,113,0,0,1,,1
2739,113,0,0,1,,1
2739,113,0,0,1,,1
2739,64,212,0,1,,1
2739,64,212,0,1,,1
2740,111,0,850,1,,1
2741,65,164,950,1,,1
2742,103,0,600,1,,3
2743,93,300,600,1,,1
2744,55,0,1500,1,,2
2744,64,212,1150,1,,2
2745,119,0,1300,1,,2
2746,16,100,500,1,,2
2746,62,310,750,1,,2
2747,61,310,750,1,,1
2748,67,284.12,1200,1,,1
2749,111,0,850,1,,1
2750,111,0,850,1,,2
2751,103,0,600,1,,2
2752,61,310,750,1,,2
2753,113,0,0,1,,2
2753,113,0,0,1,,2
2753,113,0,0,1,,2
2753,113,0,0,1,,2
2753,113,0,0,1,,2
2753,113,0,0,1,,2
2753,113,0,0,1,,2
2753,113,0,0,1,,2
2754,113,0,0,1,,2
2754,113,0,0,1,,2
2754,113,0,0,1,,2
2754,113,0,0,1,,2
2754,113,0,0,1,,2
2754,113,0,0,1,,2
2754,113,0,0,1,,2
2754,113,0,0,1,,2
2755,111,0,850,1,,1
2756,53,0,1300,1,,1
2756,111,0,850,1,,1
2757,64,212,1150,1,,1
2757,64,212,1150,1,,1
2757,67,284.12,1200,1,,1
2757,67,284.12,1200,1,,1
2758,64,212,1150,1,,1
2759,64,212,1150,1,,1
2760,84,536.85,950,1,,1
2760,64,212,1150,1,,1
2760,84,536.85,950,1,,1
2761,62,310,750,1,,1
2762,55,0,1500,1,,1
2762,111,0,850,1,,1
2762,93,300,600,1,,1
2763,109,243.08,600,1,,1
2763,5,182,700,1,,1
2763,61,310,750,1,,1
2764,64,212,1150,1,,1
2764,53,0,1300,1,,1
2765,113,0,750,1,,1
2766,113,0,0,1,,1
2766,113,0,0,1,,1
2766,113,0,0,1,,1
2767,142,0,500,1,,1
2767,55,0,1500,1,,1
2767,93,300,600,1,,1
2768,113,0,750,1,,1
2769,113,0,0,1,,1
2769,113,0,0,1,,1
2769,113,0,0,1,,1
2769,113,0,0,1,,1
2769,113,0,0,1,,1
2769,113,0,0,1,,1
2769,113,0,0,1,,1
2769,113,0,0,1,,1
2769,113,0,0,1,,1
2769,113,0,0,1,,1
2769,113,0,0,1,,1
2769,113,0,0,1,,1
2769,113,0,0,1,,1
2770,103,0,600,1,,1
2771,111,0,850,1,,6
2771,55,0,1500,1,,6
2772,64,212,1150,1,,1
2773,119,0,1300,1,,1
2773,131,0,600,1,,1
2774,93,300,600,1,,1
2775,62,310,750,1,,1
2775,5,182,700,1,,1
2776,111,0,850,1,,1
2776,55,0,1500,1,,1
2777,109,243.08,600,1,,1
2778,111,0,850,1,,1
2779,55,0,1500,1,,1
2779,112,0,600,1,,1
2779,113,0,750,1,,1
2780,16,100,500,1,,1
2781,77,41.75,50,1,,1
2781,55,0,1500,1,,1
2781,55,0,1500,1,,1
2782,91,47.45,180,1,,1
2782,91,47.45,180,1,,1
2782,91,47.45,180,1,,1
2782,91,47.45,180,1,,1
2782,91,47.45,180,1,,1
2782,91,47.45,180,1,,1
2782,111,0,850,1,,1
2782,111,0,850,1,,1
2782,111,0,850,1,,1
2782,67,284.12,1200,1,,1
2782,109,243.08,600,1,,1
2783,109,243.08,600,1,,1
2784,113,0,0,1,,1
2784,113,0,0,1,,1
2784,113,0,0,1,,1
2784,113,0,0,1,,1
2784,64,212,0,1,,1
2784,113,0,0,1,,1
2784,113,0,0,1,,1
2784,113,0,0,1,,1
2784,113,0,0,1,,1
2785,22,85,250,1,,1
2785,52,0,1100,1,,1
2786,93,300,600,1,,1
2787,115,0,600,1,,1
2788,64,212,1150,1,,3
2788,119,0,1300,1,,3
2789,48,0,600,1,,1
2790,111,0,850,1,,1
2791,113,0,0,1,,1
2791,113,0,0,1,,1
2791,113,0,0,1,,1
2791,113,0,0,1,,1
2791,113,0,0,1,,1
2791,113,0,0,1,,1
2791,113,0,0,1,,1
2791,113,0,0,1,,1
2791,113,0,0,1,,1
2791,113,0,0,1,,1
2791,113,0,0,1,,1
2792,113,0,0,1,,1
2792,113,0,0,1,,1
2792,113,0,0,1,,1
2792,113,0,0,1,,1
2793,55,0,1500,1,,1
2794,55,0,1500,1,,1
2795,16,100,500,1,,2
2795,131,0,600,1,,2
2795,53,0,1300,1,,2
2796,113,0,0,1,,1
2797,113,0,750,1,,1
2798,131,0,600,1,,1
2799,64,212,1150,1,,1
2800,109,243.08,600,1,,1
2801,111,0,850,1,,1
2802,142,0,500,1,,1
2803,135,0,500,1,,1
2803,149,0,500,1,,1
2804,148,0,180,1,,1
2804,148,0,180,1,,1
2804,148,0,180,1,,1
2805,113,0,750,1,,1
2805,113,0,750,1,,1
2805,135,0,500,1,,1
2806,149,0,500,1,,1
2807,64,212,1150,1,,1
2808,64,212,1150,1,,1
2808,148,0,180,1,,1
2808,52,0,1100,1,,1
2808,52,0,1100,1,,1
2808,52,0,1100,1,,1
2808,77,41.75,50,1,,1
2809,64,212,0,1,,1
2809,113,0,0,1,,1
2809,113,0,0,1,,1
2809,113,0,0,1,,1
2809,113,0,0,1,,1
2809,64,212,0,1,,1
2809,113,0,0,1,,1
2809,113,0,0,1,,1
2809,113,0,0,1,,1
2809,113,0,0,1,,1
2810,119,0,1300,1,,1
2811,135,0,500,1,,1
2811,62,310,750,1,,1
2812,48,0,600,1,,1
2812,135,0,500,1,,1
2812,135,0,500,1,,1
2813,112,0,600,1,,1
2813,112,0,600,1,,1
2814,135,0,500,1,,1
2815,115,0,600,1,,1
2816,149,0,500,1,,1
2816,149,0,500,1,,1
2816,149,0,500,1,,1
2816,149,0,500,1,,1
2816,149,0,500,1,,1
2816,149,0,500,1,,1
2816,77,41.75,50,1,,1
2817,62,310,750,1,,1
2818,113,0,0,1,,1
2818,111,0,0,1,,1
2819,113,0,0,1,,1
2819,113,0,0,1,,1
2819,113,0,0,1,,1
2819,113,0,0,1,,1
2819,113,0,0,1,,1
2819,113,0,0,1,,1
2819,113,0,0,1,,1
2819,113,0,0,1,,1
2819,113,0,0,1,,1
2819,113,0,0,1,,1
2819,113,0,0,1,,1
2819,113,0,0,1,,1
2819,113,0,0,1,,1
2820,64,212,1150,1,,1
2820,135,0,500,1,,1
2820,149,0,500,1,,1
2820,149,0,500,1,,1
2820,48,0,600,1,,1
2821,64,212,1150,1,,1
2821,62,310,750,1,,1
2822,116,0,600,1,,1
2823,116,0,600,1,,3
2823,131,0,600,1,,3
2825,111,0,850,1,,1
2826,113,0,750,1,,5
2826,149,0,500,1,,5
2827,149,0,500,1,,5
2827,97,178,750,1,,5
2828,111,0,850,1,,1
2828,149,0,500,1,,1
2828,135,0,500,1,,1
2829,150,0,1300,1,,1
2829,111,0,850,1,,1
2829,149,0,500,1,,1
2829,16,100,500,1,,1
2829,53,0,1300,1,,1
2830,113,0,0,1,,1
2830,113,0,0,1,,1
2830,113,0,0,1,,1
2830,113,0,0,1,,1
2830,113,0,0,1,,1
2830,113,0,0,1,,1
2830,113,0,0,1,,1
2830,113,0,0,1,,1
2830,113,0,0,1,,1
2830,113,0,0,1,,1
2830,113,0,0,1,,1
2830,113,0,0,1,,1
2831,113,0,0,1,,1
2831,113,0,0,1,,1
2831,113,0,0,1,,1
2831,113,0,0,1,,1
2832,55,0,1500,1,,1
2832,112,0,600,1,,1
2833,55,0,1500,1,,1
2833,64,212,1150,1,,1
2834,64,212,1150,1,,1
2834,135,0,500,1,,1
2834,135,0,500,1,,1
2834,135,0,500,1,,1
2834,111,0,850,1,,1
2834,149,0,500,1,,1
2835,64,212,1150,1,,1
2836,64,212,1150,1,,1
2836,135,0,500,1,,1
2837,113,0,750,1,,1
2838,64,212,1150,1,,1
2839,48,0,600,1,,1
2839,135,0,500,1,,1
2840,131,0,600,1,,1
2841,55,0,1500,1,,1
2841,55,0,1500,1,,1
2841,55,0,1500,1,,1
2841,111,0,850,1,,1
2841,1,200,650,1,,1
2841,77,41.75,50,1,,1
2841,135,0,500,1,,1
2842,142,0,500,1,,1
2843,135,0,500,1,,1
2844,135,0,500,1,,1
2845,135,0,500,1,,1
2845,135,0,500,1,,1
2845,135,0,500,1,,1
2845,135,0,500,1,,1
2845,135,0,500,1,,1
2845,135,0,500,1,,1
2845,77,41.75,50,1,,1
2846,64,212,1150,1,,1
2847,10,0,650,1,,1
2848,149,0,500,1,,1
2849,64,212,1150,1,,1
2850,113,0,0,1,,1
2851,113,0,0,1,,1
2851,113,0,0,1,,1
2851,113,0,0,1,,1
2851,113,0,0,1,,1
2851,113,0,0,1,,1
2851,113,0,0,1,,1
2851,113,0,0,1,,1
2851,113,0,0,1,,1
2851,113,0,0,1,,1
2851,113,0,0,1,,1
2851,113,0,0,1,,1
2851,113,0,0,1,,1
2851,113,0,0,1,,1
2851,113,0,0,1,,1
2851,113,0,0,1,,1
2852,116,0,600,1,,1
2852,116,0,600,1,,1
2852,112,0,600,1,,1
2853,55,0,1500,1,,1
2854,111,0,850,1,,1
2855,65,164,950,1,,1
2856,113,0,750,1,,1
2857,115,0,600,1,,1
2858,113,0,750,1,,1
2859,55,0,1500,1,,1
2859,64,212,1150,1,,1
2859,77,41.75,50,1,,1
2860,111,0,850,1,,1
2860,55,0,1500,1,,1
2860,16,100,500,1,,1
2861,5,182,700,1,,1
2862,149,0,500,1,,1
2863,116,0,600,1,,1
2864,64,212,1150,1,,1
2865,62,310,750,1,,1
2866,113,0,0,1,,1
2866,113,0,0,1,,1
2866,113,0,0,1,,1
2866,113,0,0,1,,1
2866,113,0,0,1,,1
2866,113,0,0,1,,1
2866,113,0,0,1,,1
2866,113,0,0,1,,1
2866,113,0,0,1,,1
2867,135,0,500,1,,1
2867,135,0,500,1,,1
2867,135,0,500,1,,1
2868,62,310,0,1,,1
2868,62,310,0,1,,1
2868,62,310,0,1,,1
2868,62,310,0,1,,1
2868,62,310,0,1,,1
2868,62,310,0,1,,1
2868,62,310,0,1,,1
2868,62,310,0,1,,1
2868,62,310,0,1,,1
2868,62,310,0,1,,1
2868,62,310,0,1,,1
2868,113,0,0,1,,1
2868,116,0,0,1,,1
2868,116,0,0,1,,1
2868,116,0,0,1,,1
2868,116,0,0,1,,1
2868,116,0,0,1,,1
2868,111,0,0,1,,1
2869,64,212,1150,1,,2
2870,116,0,600,1,,1
2871,111,0,850,1,,1
2872,64,212,1150,1,,1
2873,16,100,500,1,,4
2874,111,0,850,1,,3
2875,64,212,1150,1,,2
2876,149,0,500,1,,2
2877,16,100,500,1,,1
2877,116,0,600,1,,1
2878,150,0,1300,1,,1
2879,64,212,0,1,,6
2879,64,212,0,1,,6
2879,64,212,0,1,,6
2879,64,212,0,1,,6
2880,113,0,0,1,,6
2880,113,0,0,1,,6
2881,22,85,250,1,,1
2882,115,0,600,1,,1
2883,64,212,1150,1,,1
2884,113,0,750,1,,1
2884,53,0,1300,1,,1
2884,111,0,850,1,,1
2884,135,0,500,1,,1
2885,55,0,1500,1,,3
2885,151,148,500,1,,3
2886,119,0,1300,1,,1
2886,5,182,700,1,,1
2886,5,182,700,1,,1
2886,119,0,1300,1,,1
2887,149,0,500,1,,1
2888,149,0,500,1,,1
2888,97,178,750,1,,1
2888,149,0,500,1,,1
2889,111,0,850,1,,3
2890,64,212,0,1,,1
2890,64,212,0,1,,1
2890,64,212,0,1,,1
2890,64,212,0,1,,1
2891,111,0,0,1,,1
2892,149,0,500,1,,1
2893,55,0,1500,1,,1
2893,119,0,1300,1,,1
2893,119,0,1300,1,,1
2893,111,0,850,1,,1
2893,111,0,850,1,,1
2893,111,0,850,1,,1
2894,115,0,600,1,,1
2895,55,0,1500,1,,1
2895,111,0,850,1,,1
2895,62,310,750,1,,1
2895,135,0,500,1,,1
2895,135,0,500,1,,1
2895,149,0,500,1,,1
2895,149,0,500,1,,1
2895,77,41.75,50,1,,1
2895,77,41.75,50,1,,1
2896,52,0,1100,1,,1
2896,115,0,600,1,,1
2899,64,212,0,1,,1
2898,67,284.12,1200,1,,1
2899,113,0,0,1,,1
2899,113,0,0,1,,1
2899,113,0,0,1,,1
2899,113,0,0,1,,1
2899,113,0,0,1,,1
2899,113,0,0,1,,1
2899,113,0,0,1,,1
2899,113,0,0,1,,1
2899,113,0,0,1,,1
2899,113,0,0,1,,1
2899,113,0,0,1,,1
2899,113,0,0,1,,1
2900,64,212,1150,1,,1
2900,135,0,500,1,,1
2900,135,0,500,1,,1
2901,135,0,500,1,,1
2901,112,0,600,1,,1
2902,135,0,500,1,,1
2903,112,0,600,1,,1
2904,115,0,600,1,,4
2904,62,310,750,1,,4
2904,62,310,750,1,,4
2904,77,41.75,50,1,,4
2905,67,284.12,1200,1,,4
2906,111,0,0,1,,1
2906,55,0,0,1,,1
2907,112,0,600,1,,1
2907,151,148,500,1,,1
2908,64,212,1150,1,,5
2909,112,0,600,1,,2
2909,55,0,1500,1,,2
2910,53,0,1300,1,,2
2911,135,0,500,1,,5
2911,149,0,500,1,,5
2912,135,0,500,1,,5
2912,149,0,500,1,,5
2913,151,148,500,1,,1
2913,151,148,500,1,,1
2913,150,0,1300,1,,1
2913,111,0,850,1,,1
2914,111,0,850,1,,1
2915,135,0,500,1,,1
2916,103,0,600,1,,1
2917,64,212,0,1,,1
2917,64,212,0,1,,1
2917,64,212,0,1,,1
2917,113,0,0,1,,1
2917,113,0,0,1,,1
2917,113,0,0,1,,1
2918,151,148,500,1,,2
2918,151,148,500,1,,2
2918,97,178,750,1,,2
2918,55,0,1500,1,,2
2918,67,284.12,1200,1,,2
2918,61,310,750,1,,2
2919,55,0,1500,1,,1
2919,113,0,750,1,,1
2920,55,0,1500,1,,1
2920,55,0,1500,1,,1
2920,131,0,600,1,,1
2920,131,0,600,1,,1
2921,116,0,600,1,,1
2922,53,0,1300,1,,1
2922,115,0,600,1,,1
2922,64,212,1150,1,,1
2923,65,164,950,1,,1
2923,65,164,950,1,,1
2924,113,0,750,1,,1
2925,48,0,600,1,,1
2926,64,212,1150,1,,1
2927,147,0,0,1,,1
2927,147,0,0,1,,1
2927,147,0,0,1,,1
2927,147,0,0,1,,1
2928,113,0,750,1,,1
2928,135,0,500,1,,1
2929,97,178,750,1,,2
2930,119,0,1300,1,,1
2930,115,0,600,1,,1
2931,55,0,1500,1,,1
2931,111,0,850,1,,1
2932,149,0,500,1,,1
2933,115,0,600,1,,1
2934,135,0,500,1,,1
2935,147,0,1150,1,,1
2936,16,100,500,1,,1
2937,147,0,0,1,,1
2937,113,0,0,1,,1
2937,113,0,0,1,,1
2937,113,0,0,1,,1
2937,113,0,0,1,,1
2937,113,0,0,1,,1
2937,113,0,0,1,,1
2937,113,0,0,1,,1
2937,113,0,0,1,,1
2937,113,0,0,1,,1
2937,113,0,0,1,,1
2937,113,0,0,1,,1
2937,113,0,0,1,,1
2938,67,284.12,1200,1,,1
2938,111,0,850,1,,1
2939,150,0,1300,1,,1
2939,111,0,850,1,,1
2939,115,0,600,1,,1
2939,149,0,500,1,,1
2939,150,0,1300,1,,1
2939,115,0,600,1,,1
2939,115,0,600,1,,1
2939,119,0,1300,1,,1
2940,94,117,600,1,,1
2941,16,100,500,1,,1
2941,53,0,1300,1,,1
2942,147,0,1150,1,,1
2942,135,0,500,1,,1
2943,48,0,600,1,,1
2944,147,0,0,1,,1
2944,147,0,0,1,,1
2944,147,0,0,1,,1
2944,147,0,0,1,,1
2944,113,0,0,1,,1
2945,116,0,0,1,,1
2945,113,0,0,1,,1
2946,48,0,600,1,,1
2947,113,0,750,1,,1
2948,67,284.12,1200,1,,1
2949,55,0,1500,1,,1
2949,107,15,50,1,,1
2950,113,0,750,1,,1
2951,113,0,750,1,,1
2951,147,0,1150,1,,1
2952,113,0,750,1,,1
2952,55,0,1500,1,,1
2953,111,0,850,1,,1
2954,135,0,0,1,,1
2955,147,0,0,1,,1
2955,147,0,0,1,,1
2956,113,0,0,1,,1
2956,113,0,0,1,,1
2956,113,0,0,1,,1
2956,113,0,0,1,,1
2956,113,0,0,1,,1
2956,113,0,0,1,,1
2956,113,0,0,1,,1
2956,113,0,0,1,,1
2956,113,0,0,1,,1
2956,113,0,0,1,,1
2956,113,0,0,1,,1
2956,113,0,0,1,,1
2957,113,0,0,1,,1
2957,113,0,0,1,,1
2957,113,0,0,1,,1
2957,113,0,0,1,,1
2958,53,0,1300,1,,1
2959,147,0,1150,1,,1
2959,147,0,1150,1,,1
2959,147,0,1150,1,,1
2959,147,0,1150,1,,1
2959,147,0,1150,1,,1
2960,65,164,950,1,,1
2960,52,0,1100,1,,1
2961,147,0,1150,1,,1
2962,55,0,1500,1,,1
2962,111,0,850,1,,1
2963,147,0,1150,1,,1
2963,67,284.12,1200,1,,1
2964,62,310,750,1,,1
2964,135,0,500,1,,1
2965,135,0,500,1,,1
2966,135,0,500,1,,1
2966,135,0,500,1,,1
2966,135,0,500,1,,1
2966,135,0,500,1,,1
2966,107,15,50,1,,1
2967,111,0,850,1,,1
2968,135,0,500,1,,1
2969,55,0,1500,1,,1
2969,111,0,850,1,,1
2970,113,0,0,1,,1
2970,113,0,0,1,,1
2970,113,0,0,1,,1
2970,113,0,0,1,,1
2970,113,0,0,1,,1
2970,113,0,0,1,,1
2970,113,0,0,1,,1
2970,113,0,0,1,,1
2970,113,0,0,1,,1
2970,113,0,0,1,,1
2970,113,0,0,1,,1
2970,113,0,0,1,,1
2971,52,0,1100,1,,1
2971,151,148,500,1,,1
2972,131,0,600,1,,1
2973,147,0,1150,1,,1
2973,147,0,1150,1,,1
2974,150,0,1300,1,,1
2974,111,0,850,1,,1
2974,116,0,600,1,,1
2975,111,0,850,1,,1
2975,52,0,1100,1,,1
2975,151,148,500,1,,1
2976,113,0,750,1,,1
2976,55,0,1500,1,,1
2976,101,0,600,1,,1
2977,101,0,600,1,,1
2978,147,0,1150,1,,1
2978,67,284.12,1200,1,,1
2978,67,284.12,1200,1,,1
2979,149,0,500,1,,1
2979,135,0,500,1,,1
2979,113,0,750,1,,1
2980,67,284.12,1200,1,,1
2981,147,0,1150,1,,1
2981,149,0,500,1,,1
2981,149,0,500,1,,1
2982,113,0,0,1,,1
2982,113,0,0,1,,1
2982,113,0,0,1,,1
2982,113,0,0,1,,1
2982,113,0,0,1,,1
2982,113,0,0,1,,1
2982,113,0,0,1,,1
2982,113,0,0,1,,1
2982,113,0,0,1,,1
2982,113,0,0,1,,1
2982,113,0,0,1,,1
2982,113,0,0,1,,1
2982,113,0,0,1,,1
2982,113,0,0,1,,1
2982,113,0,0,1,,1
2983,55,0,1500,1,,1
2984,111,0,850,1,,1
2985,147,0,1150,1,,1
2985,147,0,1150,1,,1
2986,101,0,600,1,,2
2987,94,117,600,1,,1
2988,111,0,850,1,,1
2988,119,0,1300,1,,1
2989,113,0,750,1,,1
2989,113,0,750,1,,1
2989,135,0,500,1,,1
2990,113,0,0,1,,1
2990,113,0,0,1,,1
2990,113,0,0,1,,1
2990,113,0,0,1,,1
2990,113,0,0,1,,1
2990,113,0,0,1,,1
2990,113,0,0,1,,1
2990,113,0,0,1,,1
2990,113,0,0,1,,1
2990,113,0,0,1,,1
2990,113,0,0,1,,1
2990,113,0,0,1,,1
2991,113,0,0,1,,1
2991,113,0,0,1,,1
2991,113,0,0,1,,1
2991,113,0,0,1,,1
2991,113,0,0,1,,1
2992,113,0,0,1,,1
2992,111,0,0,1,,1
2993,62,310,750,1,,1
2993,62,310,750,1,,1
2993,77,41.75,50,1,,1
2993,116,0,600,1,,1
2993,111,0,850,1,,1
2993,76,20.75,50,1,,1
2994,116,0,600,1,,2
2995,135,0,500,1,,1
2995,135,0,500,1,,1
2996,16,100,0,1,,1
2996,116,0,0,1,,1
2997,55,0,1500,1,,1
2997,111,0,850,1,,1
2997,116,0,600,1,,1
2998,111,0,0,1,,1
2998,113,0,0,1,,1
2998,131,0,0,1,,1
2999,151,148,0,1,,1
2999,151,148,0,1,,1
2999,151,148,0,1,,1
2999,150,0,0,1,,1
3000,55,0,1500,1,,1
3000,147,0,1150,1,,1
3001,111,0,850,1,,4
3001,111,0,850,1,,4
3001,149,0,500,1,,4
3001,149,0,500,1,,4
3001,149,0,500,1,,4
3001,73,260,700,1,,4
3001,97,178,750,1,,4
3001,135,0,500,1,,4
3001,55,0,1500,1,,4
3002,148,0,180,1,,4
3002,148,0,180,1,,4
3002,148,0,180,1,,4
3002,148,0,180,1,,4
3002,148,0,180,1,,4
3002,148,0,180,1,,4
3002,119,0,1300,1,,4
3003,111,0,850,1,,1
3005,111,0,850,1,,4
3006,55,0,1500,1,,3
3006,94,117,600,1,,3
3006,151,148,500,1,,3
3007,113,0,0,1,,1
3007,113,0,0,1,,1
3007,113,0,0,1,,1
3007,113,0,0,1,,1
3007,113,0,0,1,,1
3007,113,0,0,1,,1
3007,113,0,0,1,,1
3007,113,0,0,1,,1
3007,113,0,0,1,,1
3007,113,0,0,1,,1
3007,113,0,0,1,,1
3007,113,0,0,1,,1
3007,113,0,0,1,,1
3007,113,0,0,1,,1
3007,113,0,0,1,,1
3007,113,0,0,1,,1
3008,147,0,1150,1,,2
3009,116,0,600,1,,1
3009,116,0,600,1,,1
3010,55,0,1500,1,,1
3010,55,0,1500,1,,1
3010,77,41.75,50,1,,1
3010,77,41.75,50,1,,1
3011,131,0,600,1,,1
3012,93,300,600,1,,1
3012,93,300,600,1,,1
3013,131,0,600,1,,1
3014,62,310,750,1,,1
3015,116,0,600,1,,1
3016,113,0,750,1,,1
3016,151,148,500,1,,1
3017,55,0,0,1,,1
3017,131,0,0,1,,1
3017,116,0,0,1,,1
3017,113,0,0,1,,1
3017,113,0,0,1,,1
3018,113,0,0,1,,1
3018,113,0,0,1,,1
3018,113,0,0,1,,1
3018,113,0,0,1,,1
3018,113,0,0,1,,1
3018,113,0,0,1,,1
3018,113,0,0,1,,1
3018,113,0,0,1,,1
3018,113,0,0,1,,1
3018,113,0,0,1,,1
3018,113,0,0,1,,1
3018,113,0,0,1,,1
3018,113,0,0,1,,1
3018,113,0,0,1,,1
3019,65,164,950,1,,1
3020,119,0,1300,1,,1
3020,151,148,500,1,,1
3021,116,0,600,1,,1
3022,94,117,600,1,,1
3023,62,310,750,1,,1
3024,111,0,850,1,,1
3025,111,0,850,1,,1
3025,55,0,1500,1,,1
3026,55,0,1500,1,,1
3027,113,0,0,1,,1
3027,113,0,0,1,,1
3027,113,0,0,1,,1
3027,5,182,0,1,,1
3028,113,0,0,1,,1
3028,113,0,0,1,,1
3028,113,0,0,1,,1
3028,113,0,0,1,,1
3028,113,0,0,1,,1
3028,113,0,0,1,,1
3028,113,0,0,1,,1
3028,113,0,0,1,,1
3028,113,0,0,1,,1
3028,113,0,0,1,,1
3028,113,0,0,1,,1
3029,113,0,0,1,,1
3030,55,0,1500,1,,1
3030,67,284.12,1200,1,,1
3030,111,0,850,1,,1
3030,111,0,850,1,,1
3031,116,0,600,1,,1
3031,151,148,500,1,,1
3032,111,0,850,1,,1
3032,151,148,500,1,,1
3033,149,0,500,1,,1
3034,101,0,600,1,,1
3034,55,0,1500,1,,1
3035,119,0,1300,1,,1
3035,151,148,500,1,,1
3036,65,164,950,1,,1
3036,65,164,950,1,,1
3038,113,0,0,1,,1
3038,113,0,0,1,,1
3038,113,0,0,1,,1
3038,113,0,0,1,,1
3038,113,0,0,1,,1
3038,113,0,0,1,,1
3038,113,0,0,1,,1
3038,113,0,0,1,,1
3038,113,0,0,1,,1
3038,113,0,0,1,,1
3038,113,0,0,1,,1
3038,113,0,0,1,,1
3038,113,0,0,1,,1
3038,113,0,0,1,,1
3038,113,0,0,1,,1
3039,135,0,0,1,,1
3039,135,0,0,1,,1
3039,135,0,0,1,,1
3039,4,252,0,1,,1
3039,4,252,0,1,,1
3039,113,0,0,1,,1
3039,113,0,0,1,,1
3039,113,0,0,1,,1
3039,113,0,0,1,,1
3039,111,0,0,1,,1
3039,111,0,0,1,,1
3040,147,0,1150,1,,1
3041,147,0,1150,1,,1
3041,147,0,1150,1,,1
3041,147,0,1150,1,,1
3041,111,0,850,1,,1
3041,148,0,180,1,,1
3041,148,0,180,1,,1
3041,149,0,500,1,,1
3041,149,0,500,1,,1
3042,113,0,750,1,,1
3042,113,0,750,1,,1
3043,55,0,1500,1,,1
3043,113,0,750,1,,1
3044,113,0,0,1,,1
3044,113,0,0,1,,1
3044,113,0,0,1,,1
3044,113,0,0,1,,1
3044,113,0,0,1,,1
3044,113,0,0,1,,1
3044,113,0,0,1,,1
3044,113,0,0,1,,1
3044,113,0,0,1,,1
3044,113,0,0,1,,1
3044,113,0,0,1,,1
3044,113,0,0,1,,1
3045,94,117,0,1,,1
3045,94,117,0,1,,1
3045,111,0,0,1,,1
3045,113,0,0,1,,1
3045,113,0,0,1,,1
3045,113,0,0,1,,1
3046,111,0,850,1,,1
3046,135,0,500,1,,1
3047,149,0,500,1,,1
3047,149,0,500,1,,1
3047,111,0,850,1,,1
3047,151,148,500,1,,1
3048,87,491.32,950,1,,1
3048,149,0,500,1,,1
3048,1,200,650,1,,1
3049,151,148,500,1,,1
3049,119,0,1300,1,,1
3050,147,0,1150,1,,1
3051,147,0,1150,1,,1
3052,5,182,0,1,,1
3052,111,0,0,1,,1
3052,110,162.2,0,1,,1
3052,94,117,0,1,,1
3052,158,0,0,1,,1
3052,87,491.32,0,1,,1
3053,151,148,500,1,,1
3054,91,47.45,180,1,,1
3054,91,47.45,180,1,,1
3054,91,47.45,180,1,,1
3054,91,47.45,180,1,,1
3054,149,0,500,1,,1
3054,52,0,1100,1,,1
3054,52,0,1100,1,,1
3055,113,0,0,1,,1
3055,113,0,0,1,,1
3055,113,0,0,1,,1
3055,113,0,0,1,,1
3055,113,0,0,1,,1
3055,113,0,0,1,,1
3055,113,0,0,1,,1
3055,113,0,0,1,,1
3055,113,0,0,1,,1
3055,113,0,0,1,,1
3055,113,0,0,1,,1
3055,113,0,0,1,,1
3055,113,0,0,1,,1
3055,113,0,0,1,,1
3056,111,0,850,1,,1
3057,110,162.2,600,1,,1
3058,158,0,750,1,,1
3059,135,0,500,1,,1
3059,135,0,500,1,,1
3059,97,178,750,1,,1
3060,55,0,1500,1,,1
3060,4,252,750,1,,1
3061,151,148,500,1,,1
3061,116,0,600,1,,1
3062,135,0,500,1,,1
3063,147,0,1150,1,,1
3064,113,0,0,1,,1
3064,113,0,0,1,,1
3064,113,0,0,1,,1
3064,113,0,0,1,,1
3064,113,0,0,1,,1
3064,113,0,0,1,,1
3064,113,0,0,1,,1
3064,113,0,0,1,,1
3064,113,0,0,1,,1
3064,113,0,0,1,,1
3064,113,0,0,1,,1
3064,113,0,0,1,,1
3065,113,0,0,1,,1
3065,113,0,0,1,,1
3065,113,0,0,1,,1
3065,113,0,0,1,,1
3066,151,148,0,1,,1
3067,93,300,600,1,,1
3068,113,0,750,1,,1
3068,113,0,750,1,,1
3069,131,0,600,1,,1
3070,5,182,700,1,,1
3070,147,0,1150,1,,1
3070,87,491.32,950,1,,1
3071,88,225.35,700,1,,1
3072,158,0,750,1,,1
3073,149,0,500,1,,1
3074,147,0,0,1,,1
3074,147,0,0,1,,1
3074,147,0,0,1,,1
3075,147,0,0,1,,1
3075,55,0,0,1,,1
3075,151,148,0,1,,1
3075,111,0,0,1,,1
3075,152,0,0,1,,1
3076,147,0,1150,1,,1
3077,147,0,1150,1,,1
3077,123,256,700,1,,1
3077,123,256,700,1,,1
3077,87,491.32,950,1,,1
3077,158,0,750,1,,1
3077,48,0,600,1,,1
3077,107,15,50,1,,1
3078,111,0,850,1,,1
3079,67,284.12,1200,1,,1
3079,111,0,850,1,,1
3080,147,0,1150,1,,1
3081,115,0,600,1,,1
3082,147,0,1150,1,,1
3083,147,0,1150,1,,1
3083,147,0,1150,1,,1
3084,147,0,1150,1,,1
3084,162,0,750,1,,1
3084,162,0,750,1,,1
3084,1,200,650,1,,1
3084,1,200,650,1,,1
3084,87,491.32,950,1,,1
3084,161,0,500,1,,1
3084,147,0,1150,1,,1
3085,158,0,750,1,,1
3085,88,225.35,700,1,,1
3086,147,0,0,1,,1
3086,147,0,0,1,,1
3086,147,0,0,1,,1
3086,147,0,0,1,,1
3087,111,0,0,1,,1
3087,123,256,0,1,,1
3088,135,0,500,1,,2
3088,111,0,850,1,,2
3089,158,0,750,1,,5
3089,123,256,700,1,,5
3090,147,0,1150,1,,5
3091,93,300,600,1,,4
3091,123,256,700,1,,4
3093,147,0,1150,1,,3
3093,162,0,750,1,,3
3093,55,0,1500,1,,3
3093,111,0,850,1,,3
3093,111,0,850,1,,3
3094,113,0,750,1,,5
3094,151,148,500,1,,5
3095,111,0,850,1,,5
3096,87,491.32,950,1,,1
3096,87,491.32,950,1,,1
3096,158,0,750,1,,1
3096,162,0,750,1,,1
3096,162,0,750,1,,1
3096,149,0,500,1,,1
3096,149,0,500,1,,1
3096,149,0,500,1,,1
3096,149,0,500,1,,1
3096,107,15,50,1,,1
3096,107,15,50,1,,1
3096,107,15,50,1,,1
3097,151,148,0,1,,5
3098,113,0,0,1,,3
3098,113,0,0,1,,3
3098,113,0,0,1,,3
3098,113,0,0,1,,3
3098,113,0,0,1,,3
3098,113,0,0,1,,3
3098,113,0,0,1,,3
3098,113,0,0,1,,3
3098,113,0,0,1,,3
3098,113,0,0,1,,3
3098,113,0,0,1,,3
3098,113,0,0,1,,3
3098,113,0,0,1,,3
3098,113,0,0,1,,3
3098,113,0,0,1,,3
3099,52,0,1100,1,,1
3100,48,0,600,1,,1
3101,158,0,750,1,,1
3101,123,256,700,1,,1
3101,147,0,1150,1,,1
3102,101,0,600,1,,1
3102,101,0,600,1,,1
3102,123,256,700,1,,1
3102,55,0,1500,1,,1
3103,101,0,600,1,,1
3104,113,0,0,1,,1
3104,113,0,0,1,,1
3104,113,0,0,1,,1
3104,113,0,0,1,,1
3104,113,0,0,1,,1
3104,113,0,0,1,,1
3104,113,0,0,1,,1
3104,113,0,0,1,,1
3104,113,0,0,1,,1
3104,113,0,0,1,,1
3104,113,0,0,1,,1
3104,113,0,0,1,,1
3105,113,0,0,1,,1
3105,113,0,0,1,,1
3105,113,0,0,1,,1
3105,113,0,0,1,,1
3106,116,0,600,1,,1
3107,147,0,1150,1,,1
3107,162,0,750,1,,1
3108,113,0,750,1,,1
3108,116,0,600,1,,1
3109,55,0,1500,1,,1
3109,111,0,850,1,,1
3110,151,148,500,1,,1
3111,101,0,600,1,,1
3111,158,0,750,1,,1
3112,114,0,350,1,,1
3112,114,0,350,1,,1
3113,161,0,500,1,,1
3114,77,41.75,0,1,,1
3114,111,0,0,1,,1
3114,111,0,0,1,,1
3114,87,491.32,0,1,,1
3115,113,0,0,1,,1
3115,113,0,0,1,,1
3115,113,0,0,1,,1
3115,113,0,0,1,,1
3115,113,0,0,1,,1
3115,113,0,0,1,,1
3115,113,0,0,1,,1
3115,113,0,0,1,,1
3115,113,0,0,1,,1
3115,113,0,0,1,,1
3115,113,0,0,1,,1
3115,113,0,0,1,,1
3115,113,0,0,1,,1
3115,113,0,0,1,,1
3115,113,0,0,1,,1
3116,147,0,1150,1,,1
3116,147,0,1150,1,,1
3116,55,0,1250,1,,1
3116,55,0,1250,1,,1
3117,55,0,1500,1,,1
3117,111,0,850,1,,1
3118,93,300,600,1,,1
3119,52,0,650,1,,1
3119,101,0,600,1,,1
3120,158,0,750,1,,1
3120,87,491.32,950,1,,1
3120,93,300,600,1,,1
3121,111,0,850,1,,1
3122,158,0,750,1,,1
3122,5,182,700,1,,1
3122,113,0,750,1,,1
3123,111,0,850,1,,1
3124,113,0,750,1,,1
3125,113,0,0,1,,1
3125,113,0,0,1,,1
3125,113,0,0,1,,1
3125,113,0,0,1,,1
3125,113,0,0,1,,1
3125,113,0,0,1,,1
3125,113,0,0,1,,1
3125,113,0,0,1,,1
3125,113,0,0,1,,1
3125,113,0,0,1,,1
3125,113,0,0,1,,1
3125,113,0,0,1,,1
3126,65,164,950,1,,1
3126,162,0,750,1,,1
3127,111,0,0,1,,1
3128,147,0,1150,1,,1
3128,76,20.75,50,1,,1
3129,111,0,850,1,,1
3130,111,0,850,1,,1
3130,55,0,1250,1,,1
3131,16,100,600,1,,1
3131,93,300,600,1,,1
3132,116,0,600,1,,1
3133,115,0,600,1,,1
3133,55,0,1250,1,,1
3134,131,0,600,1,,1
3134,162,0,750,1,,1
3134,147,0,1150,1,,1
3134,76,20.75,50,1,,1
3135,113,0,0,1,,1
3135,113,0,0,1,,1
3135,113,0,0,1,,1
3135,113,0,0,1,,1
3135,113,0,0,1,,1
3135,113,0,0,1,,1
3135,113,0,0,1,,1
3135,113,0,0,1,,1
3135,113,0,0,1,,1
3135,113,0,0,1,,1
3135,113,0,0,1,,1
3135,113,0,0,1,,1
3135,113,0,0,1,,1
3135,113,0,0,1,,1
3135,113,0,0,1,,1
3136,113,0,0,1,,1
3136,66,290,0,1,,1
3136,66,290,0,1,,1
3136,140,0,0,1,,1
3137,93,300,600,1,,1
3138,93,300,600,1,,1
3138,158,0,750,1,,1
3139,135,0,500,1,,1
3140,131,0,600,1,,1
3141,149,0,500,1,,1
3142,116,0,600,1,,1
3142,158,0,750,1,,1
3142,123,256,700,1,,1
3142,116,0,600,1,,1
3142,161,0,600,1,,1
3143,111,0,850,1,,1
3143,111,0,850,1,,1
3144,116,0,600,1,,1
3145,111,0,850,1,,1
3146,53,0,1000,1,,1
3146,131,0,600,1,,1
3147,161,0,600,1,,1
3147,111,0,850,1,,1
3147,131,0,600,1,,1
3147,113,0,750,1,,1
3148,116,0,600,1,,1
3149,116,0,600,1,,1
3150,147,0,1150,1,,1
3151,147,0,0,1,,1
3151,147,0,0,1,,1
3151,147,0,0,1,,1
3151,113,0,0,1,,1
3151,113,0,0,1,,1
3151,113,0,0,1,,1
3151,113,0,0,1,,1
3152,48,0,0,1,,1
3152,110,162.2,0,1,,1
3152,131,0,0,1,,1
3152,113,0,0,1,,1
3152,113,0,0,1,,1
3152,52,0,0,1,,1
3152,52,0,0,1,,1
3153,113,0,750,1,,1
3153,161,0,600,1,,1
3154,113,0,750,1,,1
3155,52,0,650,1,,1
3155,113,0,750,1,,1
3155,3,150,600,1,,1
3156,161,0,600,1,,1
3157,149,0,500,1,,1
3158,87,491.32,950,1,,1
3158,87,491.32,950,1,,1
3159,111,0,850,1,,1
3160,147,0,1150,1,,1
3161,147,0,0,1,,1
3161,147,0,0,1,,1
3161,147,0,0,1,,1
3162,161,0,600,1,,1
3162,113,0,750,1,,1
3162,113,0,750,1,,1
3162,87,491.32,950,1,,1
3163,161,0,600,1,,1
3163,114,0,350,1,,1
3163,114,0,350,1,,1
3163,113,0,750,1,,1
3164,135,0,500,1,,1
3165,110,162.2,600,1,,1
3165,111,0,850,1,,1
3166,87,491.32,950,1,,1
3166,158,0,750,1,,1
3166,147,0,1150,1,,1
3166,123,256,700,1,,1
3166,123,256,700,1,,1
3166,123,256,700,1,,1
3166,77,41.75,50,1,,1
3167,161,0,600,1,,1
3168,147,0,1150,1,,1
3169,123,256,700,1,,1
3169,116,0,600,1,,1
3169,116,0,600,1,,1
3170,113,0,0,1,,1
3170,113,0,0,1,,1
3170,113,0,0,1,,1
3170,147,0,0,1,,1
3170,147,0,0,1,,1
3170,147,0,0,1,,1
3171,145,0,600,1,,1
3172,138,0,600,1,,1
3173,53,0,1000,1,,1
3173,145,0,600,1,,1
3174,116,0,0,1,,1
3175,111,0,850,1,,1
3175,111,0,850,1,,1
3175,115,0,600,1,,1
3175,161,0,600,1,,1
3175,162,0,750,1,,1
3176,55,0,1250,1,,1
3177,111,0,850,1,,1
3178,139,0,750,1,,1
3178,116,0,600,1,,1
3178,119,0,1300,1,,1
3179,147,0,0,1,,1
3179,147,0,0,1,,1
3179,147,0,0,1,,1
3181,53,0,1000,1,,1
3181,4,252,750,1,,1
3181,4,252,750,1,,1
3181,4,252,750,1,,1
3181,4,252,750,1,,1
3182,147,0,1150,1,,1
3182,113,0,750,1,,1
3182,161,0,600,1,,1
3182,161,0,600,1,,1
3184,55,0,1250,1,,1
3184,119,0,1300,1,,1
3185,123,256,700,1,,1
3185,123,256,700,1,,1
3186,113,0,750,1,,1
3186,113,0,750,1,,1
3186,113,0,750,1,,1
3187,116,0,600,1,,1
3188,111,0,850,1,,1
3189,147,0,1150,1,,1
3189,53,0,1000,1,,1
3190,48,0,600,1,,1
3191,138,0,600,1,,1
3191,150,0,1300,1,,1
3192,161,0,600,1,,1
3192,48,0,600,1,,1
3192,123,256,700,1,,1
3193,147,0,0,1,,1
3193,147,0,0,1,,1
3193,147,0,0,1,,1
3193,147,0,0,1,,1
3194,111,0,0,1,,1
3194,145,0,0,1,,1
3195,147,0,1150,1,,1
3196,158,0,750,1,,1
3196,123,256,700,1,,1
3197,145,0,600,1,,1
3198,113,0,750,1,,1
3198,113,0,750,1,,1
3199,113,0,750,1,,1
3199,113,0,750,1,,1
3199,113,0,750,1,,1
3199,135,0,500,1,,1
3199,135,0,500,1,,1
3200,52,0,650,1,,1
3201,48,0,600,1,,1
3201,48,0,600,1,,1
3201,135,0,500,1,,1
3202,147,0,1150,1,,1
3203,138,0,600,1,,1
3203,4,252,750,1,,1
3204,110,162.2,600,1,,1
3205,121,0,0,1,,1
3205,113,0,0,1,,1
3205,113,0,0,1,,1
3205,113,0,0,1,,1
3206,147,0,0,1,,1
3206,147,0,0,1,,1
3206,147,0,0,1,,1
3206,147,0,0,1,,1
3206,113,0,0,1,,1
3207,53,0,1000,1,,1
3207,149,0,500,1,,1
3207,149,0,500,1,,1
3207,97,178,750,1,,1
3208,111,0,850,1,,1
3209,65,164,0,1,,1
3209,65,164,0,1,,1
3209,147,0,0,1,,1
3209,162,0,0,1,,1
3209,52,0,0,1,,1
3209,149,0,0,1,,1
3209,135,0,0,1,,1
3209,111,0,0,1,,1
3209,111,0,0,1,,1
3210,147,0,1150,1,,1
3211,147,0,1150,1,,1
3211,147,0,1150,1,,1
3212,55,0,1250,1,,1
3212,116,0,600,1,,1
3213,138,0,600,1,,3
3213,55,0,1250,1,,3
3214,147,0,1150,1,,1
3214,123,256,700,1,,1
3214,138,0,600,1,,1
3215,110,162.2,600,1,,4
3216,113,0,0,1,,1
3216,113,0,0,1,,1
3216,113,0,0,1,,1
3216,147,0,0,1,,1
3216,147,0,0,1,,1
3216,147,0,0,1,,1
3217,123,256,700,1,,1
3217,123,256,700,1,,1
3218,147,0,1150,1,,1
3219,123,256,700,1,,1
3220,111,0,850,1,,1
3221,65,164,950,1,,1
3222,55,0,1250,1,,1
3222,1,200,650,1,,1
3223,77,41.75,50,1,,1
3223,162,0,750,1,,1
3223,162,0,750,1,,1
3224,161,0,600,1,,1
3224,161,0,600,1,,1
3225,119,0,1300,1,,1
3226,123,256,700,1,,1
3227,113,0,0,1,,1
3227,147,0,0,1,,1
3227,113,0,0,1,,1
3227,116,0,0,1,,1
3228,147,0,0,1,,1
3228,147,0,0,1,,1
3228,147,0,0,1,,1
3228,147,0,0,1,,1
3228,116,0,0,1,,1
3229,115,0,600,1,,1
3229,123,256,700,1,,1
3230,55,0,1250,1,,1
3230,123,256,700,1,,1
3231,113,0,750,1,,1
3232,111,0,850,1,,1
3233,116,0,600,1,,1
3233,145,0,600,1,,1
3233,138,0,600,1,,1
3233,53,0,1000,1,,1
3233,53,0,1000,1,,1
3234,162,0,750,1,,1
3234,147,0,1150,1,,1
3234,5,182,700,1,,1
3235,52,0,650,1,,1
3235,52,0,650,1,,1
3235,52,0,650,1,,1
3235,107,15,50,1,,1
3235,111,0,850,1,,1
3235,149,0,500,1,,1
3236,116,0,600,1,,1
3236,116,0,600,1,,1
3237,116,0,600,1,,1
3237,147,0,1150,1,,1
3237,115,0,600,1,,1
3238,147,0,0,1,,1
3238,147,0,0,1,,1
3238,147,0,0,1,,1
3238,147,0,0,1,,1
3239,138,0,600,1,,1
3240,110,162.2,600,1,,1
3240,52,0,650,1,,1
3240,145,0,600,1,,1
3241,111,0,850,1,,1
3242,119,0,1300,1,,3
3242,111,0,850,1,,3
3242,164,215,600,1,,3
3243,145,0,600,1,,4
3243,113,0,750,1,,4
3243,119,0,1300,1,,4
3244,55,0,1250,1,,3
3245,111,0,850,1,,2
3246,111,0,850,1,,1
3246,111,0,850,1,,1
3246,119,0,1300,1,,1
3246,145,0,600,1,,1
3247,147,0,1150,1,,4
3247,158,0,750,1,,4
3247,123,256,700,1,,4
3247,138,0,600,1,,4
3247,147,0,1150,1,,4
3247,145,0,600,1,,4
3247,123,256,700,1,,4
3247,87,491.32,950,1,,4
3248,87,491.32,950,1,,1
3248,138,0,600,1,,1
3249,113,0,0,1,,2
3249,147,0,0,1,,2
3249,147,0,0,1,,2
3249,147,0,0,1,,2
3250,113,0,750,1,,1
3251,113,0,750,1,,1
3252,147,0,1150,1,,1
3253,53,0,1000,1,,2
3254,87,491.32,950,1,,1
3255,115,0,600,1,,1
3256,111,0,850,1,,1
3256,87,491.32,950,1,,1
3257,145,0,600,1,,1
3258,147,0,1150,1,,1
3258,138,0,600,1,,1
3258,147,0,1150,1,,1
3259,1,200,650,1,,1
3260,111,0,850,1,,1
3260,123,256,700,1,,1
3261,116,0,600,1,,1
3262,48,0,600,1,,1
3262,52,0,650,1,,1
3262,147,0,1150,1,,1
3263,87,491.32,950,1,,1
3263,147,0,1150,1,,1
3265,158,0,750,1,,1
3265,111,0,850,1,,1
3265,111,0,850,1,,1
3265,115,0,600,1,,1
3265,55,0,1250,1,,1
3266,123,256,700,1,,1
3267,161,0,600,1,,1
3268,111,0,0,1,,1
3268,73,260,0,1,,1
3268,115,0,0,1,,1
3269,115,0,600,1,,1
3269,123,256,700,1,,1
3269,123,256,700,1,,1
3270,113,0,0,1,,1
3270,113,0,0,1,,1
3270,113,0,0,1,,1
3270,147,0,0,1,,1
3270,147,0,0,1,,1
3270,113,0,0,1,,1
3270,113,0,0,1,,1
3270,113,0,0,1,,1
3270,113,0,0,1,,1
3271,147,0,1150,1,,1
3272,55,0,1250,1,,1
3272,138,0,600,1,,1
3273,115,0,600,1,,1
3274,115,0,600,1,,1
3274,119,0,1300,1,,1
3275,123,256,700,1,,1
3276,115,0,600,1,,1
3277,159,0,700,1,,1
3277,123,256,700,1,,1
3278,147,0,1150,1,,1
3279,123,256,700,1,,1
3280,147,0,1150,1,,1
3280,5,182,700,1,,1
3280,55,0,1250,1,,1
3280,149,0,500,1,,1
3280,55,0,1250,1,,1
3280,55,0,1250,1,,1
3280,87,491.32,950,1,,1
3280,77,41.75,50,1,,1
3280,1,200,650,1,,1
3281,123,256,0,1,,1
3281,123,256,0,1,,1
3282,147,0,0,1,,1
3282,147,0,0,1,,1
3282,147,0,0,1,,1
3282,147,0,0,1,,1
3282,113,0,0,1,,1
3283,87,491.32,950,1,,1
3283,1,200,650,1,,1
3284,151,148,600,1,,1
3285,52,0,650,1,,1
3286,138,0,600,1,,1
3286,158,0,750,1,,1
3286,149,0,500,1,,1
3286,113,0,750,1,,1
3287,138,0,600,1,,1
3287,87,491.32,950,1,,1
3289,161,0,600,1,,1
3289,123,256,700,1,,1
3289,123,256,700,1,,1
3289,87,491.32,950,1,,1
3289,87,491.32,950,1,,1
3289,111,0,850,1,,1
3289,116,0,600,1,,1
3290,147,0,1150,1,,1
3291,111,0,0,1,,1
3291,111,0,0,1,,1
3291,113,0,0,1,,1
3292,111,0,850,1,,1
3292,111,0,850,1,,1
3292,52,0,650,1,,1
3293,87,491.32,950,1,,1
3293,158,0,750,1,,1
3294,53,0,1000,1,,1
3295,147,0,0,1,,1
3295,147,0,0,1,,1
3295,147,0,0,1,,1
3295,147,0,0,1,,1
3296,111,0,850,1,,1
3297,111,0,850,1,,1
3297,111,0,850,1,,1
3297,52,0,650,1,,1
3298,111,0,850,1,,1
3299,147,0,1150,1,,1
3300,123,256,700,1,,1
3301,138,0,600,1,,1
3302,65,164,950,1,,1
3303,147,0,1150,1,,1
3304,55,0,1250,1,,1
3304,157,0,600,1,,1
3306,87,491.32,950,1,,1
3306,157,0,600,1,,1
3306,116,0,600,1,,1
3306,149,0,500,1,,1
3306,149,0,500,1,,1
3306,116,0,600,1,,1
3308,111,0,850,1,,1
3309,111,0,0,1,,1
3309,135,0,0,1,,1
3310,147,0,0,1,,1
3310,147,0,0,1,,1
3310,116,0,0,1,,1
3311,113,0,750,1,,1
3313,123,256,700,1,,1
3314,113,0,750,1,,1
3315,147,0,0,1,,1
3315,147,0,0,1,,1
3315,147,0,0,1,,1
3315,147,0,0,1,,1
3316,111,0,0,1,,1
3316,87,491.32,0,1,,1
3317,149,0,500,1,,1
3318,111,0,850,1,,1
3319,147,0,1150,1,,1
3320,116,0,600,1,,1
3320,123,256,700,1,,1
3321,111,0,850,1,,1
3321,151,148,600,1,,1
3322,55,0,1250,1,,1
3323,149,0,500,1,,1
3324,147,0,0,1,,1
3324,147,0,0,1,,1
3324,147,0,0,1,,1
3324,147,0,0,1,,1
3324,111,0,0,1,,1
3324,157,0,0,1,,1
3324,157,0,0,1,,1
3324,113,0,0,1,,1
3325,123,256,700,1,,1
3326,113,0,750,1,,1
3326,159,0,700,1,,1
3327,87,491.32,950,1,,1
3327,107,15,50,1,,1
3327,111,0,850,1,,1
3327,87,491.32,950,1,,1
3328,52,0,650,1,,1
3329,52,0,650,1,,1
3330,147,0,1150,1,,1
3330,147,0,1150,1,,1
3330,147,0,1150,1,,1
3330,161,0,600,1,,1
3330,159,0,700,1,,1
3330,159,0,700,1,,1
3330,111,0,850,1,,1
3330,123,256,700,1,,1
3331,161,0,600,1,,1
3332,147,0,1150,1,,1
3332,123,256,700,1,,1
3333,131,0,600,1,,1
3333,53,0,1000,1,,1
3334,123,256,700,1,,1
3335,147,0,0,1,,1
3335,147,0,0,1,,1
3335,147,0,0,1,,1
3335,147,0,0,1,,1
3336,147,0,1150,1,,1
3337,111,0,850,1,,1
3338,65,164,950,1,,1
3339,87,491.32,950,1,,1
3340,67,284.12,0,1,,1
3340,53,0,0,1,,1
3341,113,0,750,1,,1
3341,111,0,850,1,,1
3342,162,0,750,1,,1
3343,87,491.32,950,1,,1
3343,157,0,600,1,,1
3344,123,256,700,1,,1
3344,123,256,700,1,,1
3344,131,0,600,1,,1
3344,113,0,750,1,,1
3344,113,0,750,1,,1
3345,123,256,700,1,,1
3345,158,0,750,1,,1
3346,48,0,600,1,,1
3346,48,0,600,1,,1
3346,135,0,500,1,,1
3346,53,0,1000,1,,1
3347,123,256,700,1,,1
3348,151,148,600,1,,1
3349,113,0,0,1,,1
3349,113,0,0,1,,1
3349,113,0,0,1,,1
3349,113,0,0,1,,1
3349,113,0,0,1,,1
3349,113,0,0,1,,1
3349,113,0,0,1,,1
3349,113,0,0,1,,1
3349,113,0,0,1,,1
3349,113,0,0,1,,1
3349,113,0,0,1,,1
3349,113,0,0,1,,1
3349,113,0,0,1,,1
3349,113,0,0,1,,1
3349,113,0,0,1,,1
3349,113,0,0,1,,1
3350,111,0,850,1,,1
3350,22,85,250,1,,1
3351,55,0,1250,1,,1
3353,111,0,850,1,,1
3354,129,0,600,1,,1
3354,158,0,750,1,,1
3355,111,0,850,1,,1
3356,111,0,850,1,,1
3356,55,0,1250,1,,1
3357,111,0,850,1,,1
3358,161,0,600,1,,1
3359,147,0,1150,1,,1
3359,147,0,1150,1,,1
3359,147,0,1150,1,,1
3360,113,0,750,1,,1
3360,113,0,750,1,,1
3361,147,0,1150,1,,1
3361,87,491.32,950,1,,1
3362,111,0,850,1,,1
3363,115,0,600,1,,1
3363,115,0,600,1,,1
3364,111,0,850,1,,1
3364,111,0,850,1,,1
3364,55,0,1250,1,,1
3365,123,256,700,1,,1
3365,116,0,600,1,,1
3366,159,0,700,1,,1
3366,123,256,700,1,,1
3366,77,41.75,50,1,,1
3367,113,0,750,1,,1
3368,158,0,750,1,,1
3369,147,0,1150,1,,1
3369,149,0,500,1,,1
3369,123,256,700,1,,1
3370,48,0,0,1,,1
3371,147,0,0,1,,1
3371,147,0,0,1,,1
3371,113,0,0,1,,1
3372,147,0,1150,1,,1
3373,4,252,750,1,,1
3373,4,252,750,1,,1
3373,4,252,750,1,,1
3373,4,252,750,1,,1
3373,55,0,1250,1,,1
3374,119,0,1300,1,,1
3374,123,256,700,1,,1
3375,149,0,500,1,,1
3376,111,0,850,1,,1
3377,116,0,600,1,,1
3377,168,0,4080,1,,1
3377,113,0,750,1,,1
3378,116,0,600,1,,1
3379,115,0,600,1,,1
3379,129,0,600,1,,1
3380,119,0,1300,1,,1
3381,123,256,700,1,,1
3382,159,0,700,1,,1
3383,113,0,750,1,,1
3383,97,178,750,1,,1
3384,123,256,700,1,,1
3384,159,0,700,1,,1
3384,77,41.75,50,1,,1
3385,87,491.32,950,1,,1
3385,147,0,1150,1,,1
3386,142,0,600,1,,1
3386,119,0,1300,1,,1
3386,111,0,850,1,,1
3387,147,0,1150,1,,1
3388,123,256,700,1,,1
3388,123,256,700,1,,1
3389,113,0,0,1,,1
3389,113,0,0,1,,1
3389,113,0,0,1,,1
3389,113,0,0,1,,1
3389,147,0,0,1,,1
3389,147,0,0,1,,1
3389,147,0,0,1,,1
3390,52,0,650,1,,1
3391,151,148,600,1,,1
3391,151,148,600,1,,1
3391,116,0,600,1,,1
3391,116,0,600,1,,1
3392,129,0,600,1,,1
3392,53,0,1000,1,,1
3393,55,0,1250,1,,1
3393,129,0,600,1,,1
3394,65,164,950,1,,1
3394,135,0,500,1,,1
3395,4,252,750,1,,1
3396,113,0,0,1,,1
3396,113,0,0,1,,1
3396,113,0,0,1,,1
3396,113,0,0,1,,1
3396,113,0,0,1,,1
3396,113,0,0,1,,1
3396,147,0,0,1,,1
3396,113,0,0,1,,1
3396,113,0,0,1,,1
3396,113,0,0,1,,1
3397,111,0,850,1,,1
3397,123,256,700,1,,1
3398,162,0,750,1,,1
3399,123,256,700,1,,1
3400,111,0,850,1,,1
3400,116,0,600,1,,1
3400,116,0,600,1,,1
3400,158,0,750,1,,1
3400,87,491.32,950,1,,1
3401,147,0,1150,1,,1
3401,116,0,600,1,,1
3401,129,0,600,1,,1
3401,119,0,1300,1,,1
3402,4,252,750,1,,1
3402,7,145,750,1,,1
3402,7,145,750,1,,1
3402,97,178,750,1,,1
3403,158,0,750,1,,1
3403,123,256,700,1,,1
3404,147,0,1150,1,,1
3404,147,0,1150,1,,1
3405,159,0,700,1,,1
3405,123,256,700,1,,1
3406,157,0,600,1,,1
3406,119,0,1300,1,,1
3407,147,0,0,1,,1
3407,147,0,0,1,,1
3407,147,0,0,1,,1
3408,159,0,700,1,,1
3409,147,0,1150,1,,1
3409,52,0,650,1,,1
3411,162,0,750,1,,1
3411,111,0,850,1,,1
3411,162,0,750,1,,1
3411,167,0,600,1,,1
3412,55,0,1250,1,,1
3412,131,0,600,1,,1
3412,76,20.75,50,1,,1
3413,131,0,600,1,,1
3414,131,0,600,1,,1
3415,147,0,1150,1,,1
3415,123,256,700,1,,1
3416,138,0,600,1,,1
3417,151,148,600,1,,1
3417,147,0,1150,1,,1
3418,115,0,600,1,,1
3419,157,0,600,1,,1
3420,123,256,0,1,,1
3420,147,0,0,1,,1
3421,119,0,1300,1,,1
3421,157,0,600,1,,1
3422,151,148,600,1,,1
3422,111,0,850,1,,1
3422,147,0,1150,1,,1
3422,147,0,1150,1,,1
3422,147,0,1150,1,,1
3422,123,256,700,1,,1
3422,67,284.12,1250,1,,1
3423,129,0,600,1,,1
3423,52,0,650,1,,1
3424,111,0,0,1,,1
3424,131,0,0,1,,1
3424,55,0,0,1,,1
3424,55,0,0,1,,1
3424,151,148,0,1,,1
3425,147,0,0,1,,1
3425,147,0,0,1,,1
3425,147,0,0,1,,1
3426,111,0,850,1,,1
3427,116,0,600,1,,1
3428,55,0,1250,1,,1
3428,157,0,600,1,,1
3429,116,0,600,1,,1
3429,116,0,600,1,,1
3430,111,0,850,1,,1
3431,48,0,600,1,,1
3432,55,0,1250,1,,1
3433,167,0,600,1,,1
3434,113,0,750,1,,1
3435,115,0,600,1,,1
3435,167,0,600,1,,1
3436,167,0,600,1,,1
3437,55,0,1250,1,,1
3437,167,0,600,1,,1
3437,113,0,750,1,,1
3437,113,0,750,1,,1
3438,123,256,700,1,,1
3439,111,0,850,1,,1
3440,167,0,600,1,,1
3440,116,0,600,1,,1
3442,77,41.75,50,1,,1
3443,87,491.32,950,1,,1
3444,27,180,750,1,,1
3444,167,0,600,1,,1
3444,27,180,750,1,,1
3445,119,0,1300,1,,1
3446,147,0,1150,1,,1
3446,87,491.32,950,1,,1
3446,55,0,1250,1,,1
3446,55,0,1250,1,,1
3446,77,41.75,50,1,,1
3447,149,0,500,1,,1
3447,149,0,500,1,,1
3447,111,0,850,1,,1
3448,158,0,750,1,,1
3448,147,0,1150,1,,1
3448,55,0,1250,1,,1
3449,147,0,0,1,,1
3449,147,0,0,1,,1
3449,147,0,0,1,,1
3449,147,0,0,1,,1
3450,1,200,0,1,,1
3450,76,20.75,0,1,,1
3450,64,212,0,1,,1
3451,116,0,600,1,,1
3451,116,0,600,1,,1
3452,55,0,1250,1,,1
3452,4,252,750,1,,1
3452,4,252,750,1,,1
3452,55,0,1250,1,,1
3452,55,0,1250,1,,1
3452,149,0,500,1,,1
3452,149,0,500,1,,1
3452,113,0,750,1,,1
3452,113,0,750,1,,1
3453,64,212,1150,1,,1
3454,64,212,1150,1,,1
3454,64,212,1150,1,,1
3454,64,212,1150,1,,1
3455,119,0,1300,1,,1
3455,111,0,850,1,,1
3455,111,0,850,1,,1
3455,149,0,500,1,,1
3455,149,0,500,1,,1
3455,149,0,500,1,,1
3455,123,256,700,1,,1
3455,107,15,50,1,,1
3456,162,0,750,1,,1
3456,64,212,1150,1,,1
3456,158,0,750,1,,1
3456,138,0,600,1,,1
3456,97,178,750,1,,1
3456,119,0,1300,1,,1
3456,64,212,1150,1,,1
3457,87,491.32,950,1,,1
3457,87,491.32,950,1,,1
3458,64,212,0,1,,1
3459,142,0,600,1,,1
3459,162,0,750,1,,1
3460,65,164,950,1,,1
3461,142,0,600,1,,1
3462,116,0,600,1,,1
3462,116,0,600,1,,1
3463,64,212,0,1,,1
3463,64,212,0,1,,1
3463,64,212,0,1,,1
3464,157,0,600,1,,1
3465,64,212,1150,1,,1
3465,87,491.32,950,1,,1
3466,138,0,600,1,,1
3467,123,256,700,1,,1
3468,64,212,1150,1,,1
3468,87,491.32,950,1,,1
3469,119,0,1300,1,,1
3469,119,0,1300,1,,1
3470,157,0,600,1,,1
3470,167,0,600,1,,1
3471,116,0,600,1,,1
3471,116,0,600,1,,1
3472,123,256,700,1,,1
3473,111,0,850,1,,1
3474,113,0,0,1,,1
3474,64,212,0,1,,1
3474,64,212,0,1,,1
3474,111,0,0,1,,1
3474,135,0,0,1,,1
3474,149,0,0,1,,1
3474,55,0,0,1,,1
3474,138,0,0,1,,1
3474,111,0,0,1,,1
3475,64,212,0,1,,1
3475,113,0,0,1,,1
3475,113,0,0,1,,1
3475,113,0,0,1,,1
3476,159,0,700,1,,1
3476,159,0,700,1,,1
3477,158,0,750,1,,1
3477,48,0,600,1,,1
3478,149,0,500,1,,1
3479,111,0,850,1,,1
3480,167,0,600,1,,1
3480,111,0,850,1,,1
3481,55,0,1250,1,,1
3482,113,0,0,1,,1
3483,53,0,1000,1,,1
3484,48,0,600,1,,1
3485,111,0,850,1,,1
3485,113,0,750,1,,1
3486,151,148,0,1,,1
3487,123,256,700,1,,1
3487,111,0,850,1,,1
3488,111,0,850,1,,1
3488,111,0,850,1,,1
3489,64,212,1150,1,,1
3489,53,0,1000,1,,1
3490,55,0,1250,1,,1
3490,87,491.32,950,1,,1
3490,4,252,750,1,,1
3491,123,256,700,1,,1
3491,77,41.75,50,1,,1
3491,116,0,600,1,,1
3492,151,148,600,1,,1
3493,64,212,0,1,,1
3493,64,212,0,1,,1
3493,64,212,0,1,,1
3494,87,491.32,950,1,,1
3494,64,212,1150,1,,1
3494,162,0,750,1,,1
3495,110,162.2,600,1,,1
3496,151,148,600,1,,1
3497,159,0,700,1,,1
3498,158,0,750,1,,1
3499,55,0,1250,1,,1
3500,147,0,1150,1,,1
3501,131,0,600,1,,1
3501,111,0,850,1,,1
3501,123,256,700,1,,1
3501,53,0,1000,1,,1
3501,48,0,600,1,,1
3501,158,0,750,1,,1
3501,87,491.32,950,1,,1
3501,158,0,750,1,,1
3501,87,491.32,950,1,,1
3501,157,0,600,1,,1
3502,87,491.32,950,1,,1
3503,147,0,1150,1,,1
3503,147,0,1150,1,,1
3504,55,0,1250,1,,1
3505,115,0,600,1,,1
3506,111,0,850,1,,1
3506,123,256,700,1,,1
3507,119,0,1300,1,,1
3508,111,0,850,1,,1
3509,147,0,0,1,,1
3509,151,148,0,1,,1
3509,151,148,0,1,,1
3510,162,0,750,1,,1
3511,147,0,1150,1,,1
3511,48,0,600,1,,1
3512,111,0,850,1,,1
3514,147,0,1150,1,,2
3514,147,0,1150,1,,2
3514,147,0,1150,1,,2
3515,147,0,1150,1,,1
3516,123,256,700,1,,1
3517,111,0,850,1,,1
3517,111,0,850,1,,1
3518,123,256,700,1,,1
3519,113,0,0,1,,1
3520,113,0,750,1,,1
3521,157,0,600,1,,1
3522,147,0,1150,1,,1
3522,147,0,1150,1,,1
3522,135,0,500,1,,1
3522,135,0,500,1,,1
3523,151,148,600,1,,2
3523,151,148,600,1,,2
3523,113,0,750,1,,2
3524,113,0,750,1,,2
3524,113,0,750,1,,2
3524,113,0,750,1,,2
3525,147,0,1150,1,,1
3525,162,0,750,1,,1
3525,87,491.32,950,1,,1
3525,151,148,600,1,,1
3526,147,0,1150,1,,2
3526,147,0,1150,1,,2
3526,5,182,700,1,,2
3527,147,0,1150,1,,1
3528,115,0,0,1,,1
3529,123,256,700,1,,2
3529,113,0,750,1,,2
3530,147,0,1150,1,,1
3530,135,0,500,1,,1
3530,159,0,700,1,,1
3531,147,0,0,1,,2
3531,147,0,0,1,,2
3532,123,256,700,1,,1
3532,123,256,700,1,,1
3532,147,0,1150,1,,1
3532,147,0,1150,1,,1
3533,116,0,600,1,,1
3534,111,0,850,1,,1
3535,135,0,500,1,,1
3535,135,0,500,1,,1
3536,159,0,700,1,,1
3537,113,0,750,1,,1
3537,113,0,750,1,,1
3537,113,0,750,1,,1
3537,52,0,650,1,,1
3537,87,491.32,950,1,,1
3538,158,0,750,1,,1
3539,113,0,0,1,,1
3539,113,0,0,1,,1
3540,147,0,0,1,,1
3540,147,0,0,1,,1
3540,147,0,0,1,,1
3541,123,256,700,1,,1
3542,111,0,850,1,,1
3543,67,284.12,1250,1,,1
3543,147,0,1150,1,,1
3543,87,491.32,950,1,,1
3544,167,0,600,1,,1
3545,111,0,850,1,,1
3546,65,164,950,1,,1
3547,116,0,600,1,,1
3548,52,0,650,1,,1
3549,167,0,600,1,,1
3549,147,0,1150,1,,1
3550,52,0,650,1,,1
3550,159,0,700,1,,1
3550,107,15,50,1,,1
3551,87,491.32,950,1,,1
3551,87,491.32,950,1,,1
3551,87,491.32,950,1,,1
3551,158,0,750,1,,1
3551,158,0,750,1,,1
3551,111,0,850,1,,1
3551,113,0,750,1,,1
3551,113,0,750,1,,1
3551,53,0,1000,1,,1
3552,113,0,750,1,,1
3552,123,256,700,1,,1
3552,123,256,700,1,,1
3552,167,0,600,1,,1
3553,167,0,600,1,,1
3553,123,256,700,1,,1
3553,113,0,750,1,,1
3553,113,0,750,1,,1
3553,131,0,600,1,,1
3554,123,256,700,1,,1
3555,113,0,0,1,,1
3555,52,0,0,1,,1
3556,147,0,0,1,,1
3556,147,0,0,1,,1
3556,147,0,0,1,,1
3557,162,0,750,1,,1
3558,116,0,600,1,,1
3558,116,0,600,1,,1
3559,142,0,600,1,,1
3560,142,0,600,1,,1
3560,111,0,850,1,,1
3560,111,0,850,1,,1
3560,55,0,1250,1,,1
3560,55,0,1250,1,,1
3561,119,0,1300,1,,1
3562,147,0,0,1,,1
3562,147,0,0,1,,1
3562,147,0,0,1,,1
3562,147,0,0,1,,1
3563,151,148,0,1,,1
3563,151,148,0,1,,1
3563,147,0,0,1,,1
3564,147,0,1150,1,,1
3565,52,0,650,1,,1
3566,111,0,850,1,,1
3567,1,200,650,1,,1
3568,111,0,850,1,,1
3569,131,0,600,1,,1
3569,55,0,1250,1,,1
3570,151,148,600,1,,1
3571,147,0,1150,1,,1
3571,147,0,1150,1,,1
3571,55,0,1250,1,,1
3571,142,0,600,1,,1
3572,111,0,0,1,,1
3573,53,0,1000,1,,1
3573,53,0,1000,1,,1
3573,77,41.75,50,1,,1
3574,52,0,650,1,,1
3574,48,0,600,1,,1
3574,48,0,600,1,,1
3574,157,0,600,1,,1
3575,162,0,750,1,,1
3576,115,0,600,1,,1
3576,55,0,1250,1,,1
3576,55,0,1250,1,,1
3576,113,0,750,1,,1
3577,87,491.32,950,1,,1
3577,142,0,600,1,,1
3577,123,256,700,1,,1
3578,135,0,500,1,,1
3578,135,0,500,1,,1
3578,157,0,600,1,,1
3578,157,0,600,1,,1
3579,111,0,850,1,,1
3579,111,0,850,1,,1
3580,135,0,500,1,,1
3580,52,0,650,1,,1
3580,113,0,750,1,,1
3581,115,0,600,1,,1
3582,147,0,0,1,,1
3582,113,0,0,1,,1
3582,113,0,0,1,,1
3582,113,0,0,1,,1
3582,113,0,0,1,,1
3583,157,0,600,1,,1
3584,147,0,1150,1,,1
3585,119,0,1300,1,,1
3585,111,0,850,1,,1
3585,157,0,600,1,,1
3586,119,0,1300,1,,1
3587,147,0,1150,1,,1
3587,157,0,600,1,,1
3588,147,0,1150,1,,1
3589,123,256,700,1,,1
3590,113,0,750,1,,1
3591,123,256,700,1,,1
3592,147,0,1150,1,,1
3593,113,0,750,1,,1
3593,135,0,500,1,,1
3593,142,0,600,1,,1
3594,113,0,750,1,,1
3595,115,0,600,1,,1
3595,115,0,600,1,,1
3595,53,0,1000,1,,1
3595,53,0,1000,1,,1
3596,113,0,0,1,,1
3596,113,0,0,1,,1
3596,113,0,0,1,,1
3596,113,0,0,1,,1
3596,147,0,0,1,,1
3596,147,0,0,1,,1
3596,147,0,0,1,,1
3597,119,0,1300,1,,1
3597,1,200,650,1,,1
3598,147,0,1150,1,,1
3599,157,0,600,1,,1
3600,158,0,750,1,,1
3601,147,0,1150,1,,1
3602,123,256,700,1,,1
3603,162,0,750,1,,1
3603,151,148,600,1,,1
3603,151,148,600,1,,1
3603,162,0,750,1,,1
3604,55,0,1250,1,,1
3605,53,0,1000,1,,1
3605,115,0,600,1,,1
3606,151,148,600,1,,1
3607,119,0,1300,1,,1
3607,7,145,750,1,,1
3607,111,0,850,1,,1
3609,116,0,600,1,,1
3609,116,0,600,1,,1
3609,111,0,850,1,,1
3610,123,256,0,1,,1
3610,123,256,0,1,,1
3610,123,256,0,1,,1
3610,123,256,0,1,,1
3610,55,0,0,1,,1
3610,55,0,0,1,,1
3610,111,0,0,1,,1
3610,111,0,0,1,,1
3610,151,148,0,1,,1
3610,73,260,0,1,,1
3610,116,0,0,1,,1
3610,116,0,0,1,,1
3611,116,0,600,1,,1
3611,116,0,600,1,,1
3611,116,0,600,1,,1
3612,123,256,700,1,,1
3612,53,0,1000,1,,1
3613,111,0,850,1,,1
3614,147,0,0,1,,1
3614,116,0,0,1,,1
3614,116,0,0,1,,1
3614,147,0,0,1,,1
3615,162,0,750,1,,1
3616,147,0,1150,1,,1
3617,113,0,750,1,,1
3617,113,0,750,1,,1
3618,116,0,0,1,,1
3618,113,0,0,1,,1
3618,135,0,0,1,,1
3618,159,0,0,1,,1
3618,123,256,0,1,,1
3619,111,0,850,1,,1
3619,142,0,600,1,,1
3620,97,178,0,1,,1
3620,73,260,0,1,,1
3621,159,0,0,1,,1
3621,73,260,0,1,,1
3622,111,0,850,1,,1
3622,147,0,1150,1,,1
3623,162,0,750,1,,1
3623,113,0,750,1,,1
3623,159,0,700,1,,1
3624,158,0,750,1,,1
3624,87,491.32,950,1,,1
3624,151,148,600,1,,1
3625,111,0,850,1,,1
3625,111,0,850,1,,1
3625,111,0,850,1,,1
3626,158,0,750,1,,1
3626,158,0,750,1,,1
3626,52,0,650,1,,1
3626,77,41.75,50,1,,1
3627,111,0,0,1,,1
3627,113,0,0,1,,1
3628,147,0,1150,1,,1
3628,67,284.12,1250,1,,1
3628,107,15,50,1,,1
3628,151,148,600,1,,1
3629,147,0,0,1,,1
3629,147,0,0,1,,1
3629,147,0,0,1,,1
3629,147,0,0,1,,1
3630,52,0,650,1,,1
3631,157,0,600,1,,1
3632,157,0,600,1,,1
3632,119,0,1300,1,,1
3632,77,41.75,50,1,,1
3633,66,290,750,1,,1
3633,66,290,750,1,,1
3633,159,0,700,1,,1
3633,66,290,750,1,,1
3633,123,256,700,1,,1
3633,123,256,700,1,,1
3633,159,0,700,1,,1
3633,154,0,750,1,,1
3634,162,0,750,1,,1
3634,162,0,750,1,,1
3635,157,0,600,1,,1
3635,55,0,1250,1,,1
3635,55,0,1250,1,,1
3636,147,0,0,1,,1
3636,147,0,0,1,,1
3637,87,491.32,950,1,,1
3637,55,0,1250,1,,1
3638,123,256,700,1,,1
3638,53,0,1000,1,,1
3639,123,256,700,1,,1
3640,123,256,700,1,,1
3641,116,0,0,1,,1
3641,116,0,0,1,,1
3641,113,0,0,1,,1
3641,115,0,0,1,,1
3641,111,0,0,1,,1
3642,111,0,850,1,,1
3643,7,145,0,1,,1
3643,147,0,0,1,,1
3643,147,0,0,1,,1
3643,113,0,0,1,,1
3643,113,0,0,1,,1
3645,151,148,600,1,,1
3646,111,0,850,1,,1
3647,111,0,850,1,,1
3648,111,0,850,1,,1
3649,151,148,600,1,,1
3650,111,0,850,1,,1
3650,111,0,850,1,,1
3651,147,0,1150,1,,1
3652,147,0,1150,1,,1
3652,151,148,600,1,,1
3653,147,0,1150,1,,1
3653,111,0,850,1,,1
3653,87,491.32,950,1,,1
3653,87,491.32,950,1,,1
3653,52,0,650,1,,1
3653,52,0,650,1,,1
3653,52,0,650,1,,1
3653,52,0,650,1,,1
3653,77,41.75,50,1,,1
3654,113,0,0,1,,1
3654,113,0,0,1,,1
3654,5,182,0,1,,1
3654,5,182,0,1,,1
3655,111,0,850,1,,1
3656,115,0,600,1,,1
3656,119,0,1300,1,,1
3657,123,256,700,1,,1
3658,123,256,0,1,,1
3660,1,200,0,1,,1
3660,7,145,0,1,,1
3661,113,0,0,1,,1
3661,113,0,0,1,,1
3661,113,0,0,1,,1
3661,113,0,0,1,,1
3661,113,0,0,1,,1
3661,113,0,0,1,,1
3661,113,0,0,1,,1
3661,113,0,0,1,,1
3661,113,0,0,1,,1
3661,113,0,0,1,,1
3661,113,0,0,1,,1
3661,113,0,0,1,,1
3661,113,0,0,1,,1
3661,113,0,0,1,,1
3661,113,0,0,1,,1
3661,113,0,0,1,,1
3662,151,148,600,1,,1
3663,151,148,600,1,,1
3664,55,0,1250,1,,1
3665,151,148,600,1,,1
3666,157,0,600,1,,1
3666,67,284.12,1250,1,,1
3666,158,0,750,1,,1
3667,113,0,750,1,,1
3668,53,0,1000,1,,1
3668,147,0,1150,1,,1
3669,113,0,750,1,,1
3670,111,0,850,1,,1
3671,115,0,600,1,,1
3672,151,148,600,1,,1
3673,119,0,1300,1,,1
3674,123,256,700,1,,1
3675,111,0,850,1,,1
3675,111,0,850,1,,1
3675,53,0,1000,1,,1
3676,147,0,0,1,,1
3676,147,0,0,1,,1
3676,147,0,0,1,,1
3677,129,0,600,1,,1
3678,48,0,0,1,,1
3679,48,0,600,1,,1
3680,123,256,700,1,,1
3681,97,178,0,1,,1
3681,73,260,0,1,,1
3682,115,0,600,1,,1
3682,48,0,600,1,,1
3682,159,0,700,1,,1
3682,151,148,600,1,,1
3684,119,0,1300,1,,1
3684,77,41.75,50,1,,1
3684,111,0,850,1,,1
3685,151,148,600,1,,1
3685,48,0,600,1,,1
3686,87,491.32,950,1,,1
3686,87,491.32,950,1,,1
3686,123,256,700,1,,1
3686,158,0,750,1,,1
3686,158,0,750,1,,1
3686,87,491.32,950,1,,1
3686,87,491.32,950,1,,1
3686,55,0,1250,1,,1
3686,107,15,50,1,,1
3686,123,256,700,1,,1
3687,111,0,850,1,,1
3687,111,0,850,1,,1
3688,55,0,1250,1,,1
3689,119,0,1300,1,,1
3690,119,0,1300,1,,1
3691,141,0,0,1,,1
3691,141,0,0,1,,1
3691,5,182,0,1,,1
3691,5,182,0,1,,1
3691,113,0,0,1,,1
3691,113,0,0,1,,1
3692,147,0,0,1,,1
3692,147,0,0,1,,1
3692,147,0,0,1,,1
3693,151,148,600,1,,1
3694,147,0,1150,1,,1
3695,94,117,600,1,,1
3695,162,0,750,1,,1
3695,52,0,650,1,,1
3696,113,0,750,1,,1
3696,113,0,750,1,,1
3696,151,148,600,1,,1
3697,147,0,1150,1,,1
3697,147,0,1150,1,,1
3698,119,0,1300,1,,1
3699,151,148,600,1,,1
3700,111,0,850,1,,1
3700,151,148,600,1,,1
3701,111,0,850,1,,1
3702,123,256,700,1,,1
3703,111,0,850,1,,1
3704,147,0,0,1,,1
3704,147,0,0,1,,1
3704,147,0,0,1,,1
3704,147,0,0,1,,1
3705,87,491.32,950,1,,1
3705,123,256,700,1,,1
3705,113,0,750,1,,1
3705,113,0,750,1,,1
3706,147,0,1150,1,,1
3707,123,256,700,1,,1
3707,123,256,700,1,,1
3708,111,0,850,1,,1
3708,159,0,700,1,,1
3709,157,0,600,1,,1
3710,123,256,700,1,,1
3711,111,0,850,1,,1
3712,94,117,600,1,,1
3713,5,182,700,1,,1
3715,129,0,600,1,,1
3716,48,0,600,1,,1
3716,151,148,600,1,,1
3717,113,0,0,1,,1
3717,123,256,0,1,,1
3717,77,41.75,0,1,,1
3717,129,0,0,1,,1
3717,87,491.32,0,1,,1
3718,147,0,0,1,,1
3718,147,0,0,1,,1
3718,147,0,0,1,,1
3718,113,0,0,1,,1
3718,113,0,0,1,,1
3719,111,0,850,1,,1
3720,147,0,1150,1,,1
3721,129,0,600,1,,1
3721,119,0,1300,1,,1
3721,151,148,600,1,,1
3721,151,148,600,1,,1
3722,97,178,750,1,,1
3722,97,178,750,1,,1
3722,159,0,700,1,,1
3722,159,0,700,1,,1
3722,162,0,750,1,,1
3723,151,148,600,1,,1
3724,147,0,1150,1,,1
3724,48,0,600,1,,1
3724,123,256,700,1,,1
3724,162,0,750,1,,1
3724,52,0,650,1,,1
3724,151,148,600,1,,1
3725,113,0,0,1,,1
3725,113,0,0,1,,1
3725,113,0,0,1,,1
3725,147,0,0,1,,1
3725,113,0,0,1,,1
3725,113,0,0,1,,1
3725,113,0,0,1,,1
3725,113,0,0,1,,1
3725,113,0,0,1,,1
3725,113,0,0,1,,1
3726,65,164,950,1,,1
3726,87,491.32,950,1,,1
3726,147,0,1150,1,,1
3726,123,256,700,1,,1
3727,111,0,850,1,,1
3727,52,0,650,1,,1
3728,94,117,600,1,,1
3729,119,0,1300,1,,1
3730,123,256,700,1,,1
3731,123,256,700,1,,1
3732,147,0,1150,1,,1
3733,111,0,850,1,,1
3734,111,0,850,1,,1
3735,159,0,700,1,,1
3736,159,0,700,1,,1
3737,123,256,700,1,,1
3738,123,256,700,1,,1
3738,123,256,700,1,,1
3739,53,0,1000,1,,1
3740,48,0,0,1,,1
3741,113,0,750,1,,1
3742,158,0,750,1,,1
3742,87,491.32,950,1,,1
3743,116,0,0,1,,1
3743,116,0,0,1,,1
3743,113,0,0,1,,1
3744,147,0,0,1,,1
3744,147,0,0,1,,1
3744,147,0,0,1,,1
3745,116,0,600,1,,1
3746,147,0,1150,1,,1
3746,147,0,1150,1,,1
3746,147,0,1150,1,,1
3747,147,0,1150,1,,1
3747,147,0,1150,1,,1
3747,123,256,700,1,,1
3747,123,256,700,1,,1
3748,151,148,600,1,,1
3749,157,0,600,1,,1
3749,159,0,700,1,,1
3750,150,0,1300,1,,1
3750,94,117,600,1,,1
3750,151,148,600,1,,1
3750,107,15,50,1,,1
3751,111,0,850,1,,1
3752,111,0,850,1,,1
3752,129,0,600,1,,1
3753,147,0,1150,1,,1
3754,111,0,850,1,,1
3755,52,0,650,1,,1
3755,52,0,650,1,,1
3755,94,117,600,1,,1
3755,151,148,600,1,,1
3756,151,148,600,1,,1
3757,4,252,750,1,,1
3757,52,0,650,1,,1
3757,48,0,600,1,,1
3757,52,0,650,1,,1
3758,116,0,600,1,,1
3759,140,0,750,1,,1
3760,163,0,700,1,,1
3761,147,0,0,1,,1
3761,147,0,0,1,,1
3761,147,0,0,1,,1
3761,113,0,0,1,,1
3761,113,0,0,1,,1
3761,113,0,0,1,,1
3761,113,0,0,1,,1
3762,163,0,0,1,,1
3762,163,0,0,1,,1
3762,151,148,0,1,,1
3762,151,148,0,1,,1
3762,151,148,0,1,,1
3762,5,182,0,1,,1
3762,52,0,0,1,,1
3762,147,0,0,1,,1
3762,113,0,0,1,,1
3763,151,148,600,1,,1
3764,111,0,850,1,,1
3765,4,252,750,1,,1
3766,159,0,700,1,,1
3766,87,491.32,950,1,,1
3766,119,0,1300,1,,1
3767,113,0,750,1,,1
3768,116,0,600,1,,1
3768,52,0,650,1,,1
3769,52,0,650,1,,1
3769,107,15,50,1,,1
3770,53,0,1000,1,,1
3770,53,0,1000,1,,1
3770,142,0,600,1,,1
3770,97,178,750,1,,1
3770,67,284.12,1250,1,,1
3770,67,284.12,1250,1,,1
3770,67,284.12,1250,1,,1
3770,107,15,50,1,,1
3770,163,0,700,1,,1
3771,147,0,1150,1,,1
3771,53,0,1000,1,,1
3772,147,0,1150,1,,1
3772,158,0,750,1,,1
3772,142,0,600,1,,1
3772,67,284.12,1250,1,,1
3772,119,0,1300,1,,1
3772,107,15,50,1,,1
3772,119,0,1300,1,,1
3772,5,182,700,1,,1
3772,129,0,600,1,,1
3772,87,491.32,950,1,,1
3773,111,0,850,1,,1
3774,113,0,750,1,,1
3775,129,0,600,1,,1
3776,67,284.12,1250,1,,1
3777,147,0,0,1,,1
3777,147,0,0,1,,1
3777,147,0,0,1,,1
3777,147,0,0,1,,1
3777,94,117,0,1,,1
3777,113,0,0,1,,1
3777,87,491.32,0,1,,1
3778,119,0,1300,1,,1
3778,111,0,850,1,,1
3779,94,117,600,1,,1
3780,151,148,600,1,,1
3781,147,0,1150,1,,1
3782,65,164,950,1,,1
3783,162,0,750,1,,1
3783,107,15,50,1,,1
3784,4,252,750,1,,1
3785,147,0,1150,1,,1
3785,163,0,700,1,,1
3786,163,0,700,1,,1
3787,142,0,600,1,,1
3788,116,0,600,1,,1
3789,147,0,1150,1,,1
3790,111,0,850,1,,1
3790,52,0,650,1,,1
3791,147,0,0,1,,1
3791,147,0,0,1,,1
3791,147,0,0,1,,1
3792,147,0,0,1,,1
3793,140,0,750,1,,1
3793,140,0,750,1,,1
3793,140,0,750,1,,1
3793,142,0,600,1,,1
3794,142,0,600,1,,1
3794,113,0,750,1,,1
3795,116,0,600,1,,1
3796,87,491.32,950,1,,1
3797,94,117,600,1,,1
3798,151,148,600,1,,1
3799,113,0,750,1,,1
3800,157,0,600,1,,1
3800,55,0,1250,1,,1
3801,142,0,600,1,,1
3801,157,0,600,1,,1
3802,163,0,700,1,,1
3803,116,0,600,1,,1
3804,157,0,600,1,,1
3804,157,0,600,1,,1
3805,163,0,700,1,,1
3806,154,0,750,1,,1
3806,154,0,750,1,,1
3806,116,0,600,1,,1
3806,163,0,700,1,,1
3807,147,0,1150,1,,1
3808,119,0,1300,1,,1
3809,7,145,0,1,,1
3809,7,145,0,1,,1
3809,7,145,0,1,,1
3809,113,0,0,1,,1
3810,147,0,0,1,,1
3810,147,0,0,1,,1
3810,147,0,0,1,,1
3810,116,0,0,1,,1
3811,142,0,600,1,,1
3812,119,0,1300,1,,1
3812,147,0,1150,1,,1
3813,138,0,600,1,,1
3814,111,0,850,1,,1
3814,157,0,600,1,,1
3815,113,0,750,1,,1
3815,55,0,1250,1,,1
3815,163,0,700,1,,1
3815,107,15,50,1,,1
3816,142,0,600,1,,1
3817,55,0,1250,1,,1
3817,111,0,850,1,,1
3818,119,0,1300,1,,1
3818,157,0,600,1,,1
3819,53,0,1000,1,,1
3819,111,0,850,1,,1
3819,157,0,600,1,,1
3820,170,0,600,1,,1
3820,55,0,1250,1,,1
3821,87,491.32,950,1,,1
3821,170,0,600,1,,1
3822,119,0,1300,1,,1
3822,157,0,600,1,,1
3824,52,0,650,1,,1
3825,119,0,1300,1,,1
3826,147,0,0,1,,1
3826,147,0,0,1,,1
3826,147,0,0,1,,1
3827,53,0,1000,1,,1
3828,163,0,700,1,,1
3829,52,0,650,1,,1
3830,171,0,1500,1,,1
3831,116,0,600,1,,1
3832,111,0,850,1,,1
3833,163,0,700,1,,1
3834,147,0,1150,1,,1
3834,87,491.32,950,1,,1
3835,163,0,700,1,,1
3836,163,0,700,1,,1
3837,147,0,1150,1,,1
3837,55,0,1250,1,,1
3837,87,491.32,950,1,,1
3838,163,0,700,1,,1
3838,163,0,700,1,,1
3838,113,0,750,1,,1
3838,142,0,600,1,,1
3839,163,0,700,1,,1
3840,159,0,700,1,,1
3841,87,491.32,950,1,,1
3841,87,491.32,950,1,,1
3841,87,491.32,950,1,,1
3841,163,0,700,1,,1
3841,107,15,50,1,,1
3842,147,0,1150,1,,1
3842,147,0,1150,1,,1
3842,147,0,1150,1,,1
3842,52,0,650,1,,1
3842,147,0,1150,1,,1
3842,116,0,600,1,,1
3843,116,0,0,1,,1
3843,5,182,0,1,,1
3843,147,0,0,1,,1
3843,147,0,0,1,,1
3843,147,0,0,1,,1
3843,147,0,0,1,,1
3843,113,0,0,1,,1
3843,76,20.75,0,1,,1
3844,147,0,1150,1,,1
3845,147,0,1150,1,,1
3846,111,0,850,1,,1
3846,55,0,1250,1,,1
3847,55,0,1250,1,,1
3848,65,164,950,1,,1
3848,67,284.12,1250,1,,1
3848,142,0,600,1,,1
3848,65,164,950,1,,1
3848,87,491.32,950,1,,1
3848,67,284.12,1250,1,,1
3849,111,0,850,1,,1
3849,147,0,1150,1,,1
3850,163,0,700,1,,1
3851,147,0,1150,1,,1
3852,111,0,850,1,,1
3853,113,0,750,1,,1
3854,55,0,0,1,,1
3854,111,0,0,1,,1
3855,147,0,0,1,,1
3855,147,0,0,1,,1
3856,147,0,1150,1,,1
3856,163,0,700,1,,1
3857,159,0,700,1,,1
3858,142,0,600,1,,1
3859,111,0,850,1,,1
3860,147,0,1150,1,,1
3860,147,0,1150,1,,1
3861,163,0,700,1,,1
3862,142,0,600,1,,1
3862,113,0,750,1,,1
3863,113,0,750,1,,1
3864,142,0,600,1,,1
3864,113,0,750,1,,1
3866,111,0,850,1,,1
3866,138,0,600,1,,1
3866,55,0,1250,1,,1
3867,142,0,600,1,,1
3867,111,0,850,1,,1
3868,163,0,700,1,,1
3869,170,0,600,1,,1
3869,87,491.32,950,1,,1
3870,147,0,1150,1,,1
3870,67,284.12,1250,1,,1
3870,67,284.12,1250,1,,1
3870,107,15,50,1,,1
3871,147,0,0,1,,1
3871,147,0,0,1,,1
3871,147,0,0,1,,1
3871,113,0,0,1,,1
3872,111,0,850,1,,1
3873,116,0,600,1,,1
3873,159,0,700,1,,1
3874,142,0,600,1,,1
3874,113,0,750,1,,1
3875,119,0,1300,1,,1
3875,157,0,600,1,,1
3875,142,0,600,1,,1
3876,60,280,1000,1,,1
3877,147,0,1150,1,,1
3878,113,0,750,1,,1
3879,116,0,600,1,,1
3880,119,0,1300,1,,1
3880,97,178,750,1,,1
3881,113,0,750,1,,1
3882,52,0,650,1,,1
3883,53,0,1000,1,,1
3884,113,0,0,1,,1
3884,113,0,0,1,,1
3884,113,0,0,1,,1
3884,147,0,0,1,,1
3884,113,0,0,1,,1
3884,113,0,0,1,,1
3884,113,0,0,1,,1
3884,113,0,0,1,,1
3885,111,0,850,1,,1
3885,116,0,600,1,,1
3886,111,0,850,1,,1
3886,111,0,850,1,,1
3886,113,0,750,1,,1
3887,87,491.32,950,1,,1
3887,87,491.32,950,1,,1
3888,111,0,850,1,,1
3890,55,0,1250,1,,1
3890,170,0,600,1,,1
3890,116,0,600,1,,1
3891,61,310,750,1,,1
3891,1,200,650,1,,1
3891,87,491.32,950,1,,1
3892,147,0,1150,1,,1
3892,65,164,950,1,,1
3892,157,0,600,1,,1
3893,119,0,1300,1,,1
3893,111,0,850,1,,1
3893,111,0,850,1,,1
3894,170,0,600,1,,1
3895,138,0,600,1,,1
3896,142,0,600,1,,1
3897,147,0,0,1,,1
3897,147,0,0,1,,1
3897,147,0,0,1,,1
3897,147,0,0,1,,1
3898,48,0,600,1,,1
3898,142,0,600,1,,1
3900,119,0,1300,1,,1
3901,111,0,850,1,,1
3901,119,0,1300,1,,1
3902,159,0,700,1,,1
3903,111,0,850,1,,1
3903,87,491.32,950,1,,1
3903,116,0,600,1,,1
3904,111,0,850,1,,1
3905,113,0,750,1,,1
3905,113,0,750,1,,1
3906,119,0,1300,1,,1
3906,1,200,650,1,,1
3906,116,0,600,1,,1
3907,111,0,850,1,,1
3907,87,491.32,950,1,,1
3908,163,0,700,1,,1
3908,142,0,600,1,,1
3909,147,0,1150,1,,1
3909,147,0,1150,1,,1
3909,87,491.32,950,1,,1
3909,163,0,700,1,,1
3909,163,0,700,1,,1
3910,55,0,1250,1,,1
3910,157,0,600,1,,1
3911,55,0,1250,1,,1
3911,107,15,50,1,,1
3912,159,0,700,1,,1
3913,111,0,850,1,,1
3913,87,491.32,950,1,,1
3913,142,0,600,1,,1
3913,163,0,700,1,,1
3914,147,0,0,1,,1
3914,147,0,0,1,,1
3915,5,182,0,1,,1
3915,142,0,0,1,,1
3915,111,0,0,1,,1
3916,111,0,850,1,,1
3917,55,0,1250,1,,1
3917,170,0,600,1,,1
3917,1,200,650,1,,1
3917,62,310,750,1,,1
3918,159,0,700,1,,1
3918,52,0,650,1,,1
3919,52,0,650,1,,1
3920,116,0,600,1,,1
3920,116,0,600,1,,1
3921,147,0,1150,1,,1
3922,142,0,600,1,,1
3923,5,182,700,1,,1
3924,157,0,600,1,,1
3924,55,0,1250,1,,1
3925,142,0,600,1,,1
3926,138,0,600,1,,1
3927,116,0,600,1,,1
3928,55,0,1250,1,,1
3928,138,0,600,1,,1
3929,55,0,1250,1,,1
3930,113,0,0,1,,1
3930,113,0,0,1,,1
3930,142,0,0,1,,1
3930,116,0,0,1,,1
3930,153,0,0,1,,1
3930,153,0,0,1,,1
3930,153,0,0,1,,1
3930,153,0,0,1,,1
3930,153,0,0,1,,1
3930,97,178,0,1,,1
3931,147,0,0,1,,1
3931,147,0,0,1,,1
3931,147,0,0,1,,1
3931,147,0,0,1,,1
3932,163,0,700,1,,1
3932,110,162.2,600,1,,1
3933,116,0,600,1,,1
3933,116,0,600,1,,1
3933,163,0,700,1,,1
3933,163,0,700,1,,1
3933,161,0,600,1,,1
3934,142,0,600,1,,1
3935,113,0,750,1,,1
3936,55,0,1250,1,,1
3936,147,0,1150,1,,1
3937,113,0,750,1,,1
3937,113,0,750,1,,1
3937,113,0,750,1,,1
3937,5,182,700,1,,1
3938,163,0,700,1,,1
3939,111,0,850,1,,1
3940,119,0,1300,1,,1
3941,52,0,650,1,,1
3941,157,0,600,1,,1
3941,116,0,600,1,,1
3941,116,0,600,1,,1
3942,147,0,0,1,,1
3942,116,0,0,1,,1
3942,147,0,0,1,,1
3942,113,0,0,1,,1
3942,113,0,0,1,,1
3942,113,0,0,1,,1
3942,113,0,0,1,,1
3942,147,0,0,1,,1
3942,142,0,0,1,,1
3943,111,0,850,1,,1
3944,147,0,1150,1,,1
3945,111,0,850,1,,1
3945,62,310,750,1,,1
3945,62,310,750,1,,1
3945,107,15,50,1,,1
3946,52,0,650,1,,1
3946,170,0,600,1,,1
3947,147,0,1150,1,,1
3947,119,0,1300,1,,1
3948,142,0,600,1,,1
3949,116,0,600,1,,1
3950,138,0,600,1,,1
3950,170,0,600,1,,1
3951,116,0,600,1,,1
3951,142,0,600,1,,1
3952,138,0,600,1,,1
3952,142,0,600,1,,1
3953,111,0,850,1,,1
3954,55,0,1250,1,,1
3954,157,0,600,1,,1
3955,87,491.32,950,1,,1
3955,138,0,600,1,,1
3956,138,0,600,1,,1
3956,52,0,650,1,,1
3957,116,0,600,1,,1
3957,111,0,850,1,,1
3958,147,0,1150,1,,1
3959,147,0,0,1,,1
3959,147,0,0,1,,1
3960,55,0,0,1,,1
3960,111,0,0,1,,1
3961,107,15,50,1,,1
3961,163,0,700,1,,1
3961,119,0,1300,1,,1
3963,147,0,1150,1,,1
3964,147,0,1150,1,,1
3965,113,0,750,1,,1
3966,131,0,600,1,,1
3966,142,0,600,1,,1
3967,142,0,600,1,,1
3967,48,0,600,1,,1
3968,129,0,600,1,,1
3969,113,0,750,1,,1
3970,116,0,600,1,,1
3971,142,0,600,1,,1
3972,67,284.12,1250,1,,1
3972,55,0,1250,1,,1
3972,116,0,600,1,,1
3972,116,0,600,1,,1
3972,113,0,750,1,,1
3972,113,0,750,1,,1
3972,116,0,600,1,,1
3972,142,0,600,1,,1
3973,129,0,600,1,,1
3974,142,0,600,1,,1
3974,113,0,750,1,,1
3975,131,0,600,1,,1
3975,55,0,1250,1,,1
3976,48,0,600,1,,1
3976,111,0,850,1,,1
3976,111,0,850,1,,1
3976,142,0,600,1,,1
3976,142,0,600,1,,1
3977,142,0,600,1,,1
3977,111,0,850,1,,1
3978,113,0,750,1,,1
3979,147,0,0,1,,1
3979,147,0,0,1,,1
3979,147,0,0,1,,1
3979,159,0,0,1,,1
3979,159,0,0,1,,1
3979,159,0,0,1,,1
3979,107,15,0,1,,1
3980,113,0,0,1,,1
3980,113,0,0,1,,1
3980,113,0,0,1,,1
3981,48,0,600,1,,1
3982,113,0,750,1,,1
3982,131,0,600,1,,1
3982,52,0,650,1,,1
3982,142,0,600,1,,1
3983,113,0,750,1,,1
3984,147,0,1150,1,,1
3985,158,0,750,1,,1
3985,111,0,850,1,,1
3986,131,0,600,1,,1
3987,94,117,600,1,,1
3988,170,0,600,1,,1
3989,170,0,600,1,,1
3989,111,0,850,1,,1
3989,111,0,850,1,,1
3989,111,0,850,1,,1
3990,116,0,600,1,,1
3990,7,145,750,1,,1
3990,7,145,750,1,,1
3990,147,0,1150,1,,1
3990,147,0,1150,1,,1
3990,147,0,1150,1,,1
3990,116,0,600,1,,1
3991,142,0,600,1,,1
3992,116,0,600,1,,1
3993,119,0,1300,1,,1
3993,111,0,850,1,,1
3993,111,0,850,1,,1
3993,142,0,600,1,,1
3994,116,0,600,1,,1
3994,116,0,600,1,,1
3994,163,0,700,1,,1
3995,113,0,750,1,,1
3995,147,0,1150,1,,1
3995,147,0,1150,1,,1
3995,52,0,650,1,,1
3995,116,0,600,1,,1
3996,113,0,750,1,,1
3997,7,145,750,1,,1
3997,7,145,750,1,,1
3998,119,0,1300,1,,1
3999,163,0,700,1,,1
3999,116,0,600,1,,1
4000,55,0,0,1,,1
4000,55,0,0,1,,1
4000,111,0,0,1,,1
4000,140,0,0,1,,1
4000,140,0,0,1,,1
4000,140,0,0,1,,1
4000,140,0,0,1,,1
4000,140,0,0,1,,1
4000,158,0,0,1,,1
4000,87,491.32,0,1,,1
4000,154,0,0,1,,1
4000,154,0,0,1,,1
4000,116,0,0,1,,1
4001,116,0,600,1,,1
4002,147,0,0,1,,1
4002,147,0,0,1,,1
4002,147,0,0,1,,1
4002,147,0,0,1,,1
4003,116,0,600,1,,1
4004,154,0,0,1,,1
4004,154,0,0,1,,1
4005,159,0,700,1,,1
4006,111,0,850,1,,1
4007,67,284.12,0,1,,1
4008,111,0,850,1,,1
4009,113,0,750,1,,1
4009,142,0,600,1,,1
4010,142,0,600,1,,1
4011,87,491.32,950,1,,1
4011,87,491.32,950,1,,1
4012,147,0,1150,1,,1
4013,113,0,750,1,,1
4014,48,0,600,1,,1
4015,111,0,850,1,,1
4016,161,0,600,1,,1
4017,147,0,0,1,,1
4017,113,0,0,1,,1
4017,113,0,0,1,,1
4017,113,0,0,1,,1
4017,113,0,0,1,,1
4018,142,0,600,1,,1
4018,48,0,600,1,,1
4019,53,0,1000,1,,1
4020,53,0,1000,1,,1
4021,53,0,1000,1,,1
4022,147,0,1150,1,,1
4023,55,0,1250,1,,1
4023,113,0,750,1,,1
4024,1,200,0,1,,1
4024,1,200,0,1,,1
4025,157,0,600,1,,1
4026,111,0,850,1,,1
4026,111,0,850,1,,1
4027,163,0,700,1,,1
4029,111,0,850,1,,1
4030,158,0,750,1,,1
4031,147,0,0,1,,1
4031,147,0,0,1,,1
4031,147,0,0,1,,1
4032,94,117,600,1,,1
4033,142,0,0,1,,1
4034,129,0,600,1,,1
4034,131,0,600,1,,1
4034,55,0,1250,1,,1
4034,55,0,1250,1,,1
4034,113,0,750,1,,1
4034,113,0,750,1,,1
4034,113,0,750,1,,1
4034,113,0,750,1,,1
4035,159,0,700,1,,1
4036,142,0,600,1,,1
4037,65,164,950,1,,1
4038,119,0,1300,1,,1
4039,147,0,1150,1,,1
4039,159,0,700,1,,1
4041,94,117,600,1,,1
4042,111,0,850,1,,1
4042,67,284.12,1250,1,,1
4043,159,0,700,1,,1
4044,87,491.32,950,1,,1
4044,52,0,650,1,,1
4044,52,0,650,1,,1
4045,158,0,750,1,,1
4046,87,491.32,950,1,,1
4047,147,0,0,1,,1
4047,147,0,0,1,,1
4047,147,0,0,1,,1
4047,113,0,0,1,,1
4047,113,0,0,1,,1
4048,111,0,850,1,,1
4048,61,310,750,1,,1
4048,61,310,750,1,,1
4048,159,0,700,1,,1
4048,159,0,700,1,,1
4048,107,15,50,1,,1
4048,107,15,50,1,,1
4049,142,0,600,1,,1
4049,129,0,600,1,,1
4050,142,0,600,1,,1
4050,142,0,600,1,,1
4051,116,0,600,1,,1
4051,119,0,1300,1,,1
4052,129,0,600,1,,1
4052,116,0,600,1,,1
4053,113,0,750,1,,1
4054,159,0,700,1,,1
4054,52,0,650,1,,1
4054,55,0,1250,1,,1
4055,129,0,600,1,,1
4055,87,491.32,950,1,,1
4056,87,491.32,950,1,,1
4056,147,0,1150,1,,1
4057,131,0,600,1,,1
4057,53,0,1000,1,,1
4058,170,0,600,1,,1
4059,113,0,750,1,,1
4060,131,0,600,1,,1
4061,147,0,1150,1,,1
4062,147,0,0,1,,1
4062,147,0,0,1,,1
4062,116,0,0,1,,1
4063,159,0,700,1,,1
4063,163,0,700,1,,1
4064,61,310,750,1,,1
4065,111,0,850,1,,1
4065,111,0,850,1,,1
4065,52,0,650,1,,1
4065,52,0,650,1,,1
4066,61,310,750,1,,1
4067,131,0,600,1,,1
4068,1,200,0,1,,1
4068,5,182,0,1,,1
4069,111,0,850,1,,1
4070,163,0,700,1,,1
4071,67,284.12,0,1,,1
4072,116,0,600,1,,1
4072,116,0,600,1,,1
4072,113,0,750,1,,1
4073,147,0,0,1,,1
4073,113,0,0,1,,1
4073,113,0,0,1,,1
4073,113,0,0,1,,1
4073,113,0,0,1,,1
4073,113,0,0,1,,1
4073,113,0,0,1,,1
4074,48,0,600,1,,1
4075,159,0,700,1,,1
4076,157,0,600,1,,1
4076,55,0,1250,1,,1
4077,158,0,750,1,,1
4077,87,491.32,950,1,,1
4077,157,0,600,1,,1
4077,157,0,600,1,,1
4078,142,0,600,1,,1
4079,147,0,0,1,,1
4079,147,0,0,1,,1
4079,147,0,0,1,,1
4079,147,0,0,1,,1
4079,116,0,0,1,,1
4079,113,0,0,1,,1
4079,153,0,0,1,,1
4079,153,0,0,1,,1
4079,153,0,0,1,,1
4079,113,0,0,1,,1
4079,113,0,0,1,,1
4080,107,15,0,1,,1
4081,67,284.12,1250,1,,1
4081,113,0,750,1,,1
4082,116,0,600,1,,1
4083,97,178,750,1,,1
4084,142,0,600,1,,1
4085,147,0,1150,1,,1
4085,147,0,1150,1,,1
4085,147,0,1150,1,,1
4085,147,0,1150,1,,1
4085,163,0,700,1,,1
4085,163,0,700,1,,1
4085,87,491.32,950,1,,1
4085,53,0,1000,1,,1
4086,147,0,1150,1,,1
4086,147,0,1150,1,,1
4086,147,0,1150,1,,1
4086,116,0,600,1,,1
4087,161,0,600,1,,1
4088,52,0,650,1,,1
4088,157,0,600,1,,1
4089,113,0,750,1,,1
4089,113,0,750,1,,1
4089,142,0,600,1,,1
4090,163,0,700,1,,1
4090,129,0,600,1,,1
4090,129,0,600,1,,1
4090,61,310,750,1,,1
4090,159,0,700,1,,1
4090,107,15,50,1,,1
4091,111,0,850,1,,1
4092,111,0,850,1,,1
4093,147,0,1150,1,,1
4093,55,0,1250,1,,1
4093,142,0,600,1,,1
4093,119,0,1300,1,,1
4093,139,0,750,1,,1
4093,107,15,50,1,,1
4093,116,0,600,1,,1
4094,142,0,600,1,,1
4094,113,0,750,1,,1
4095,116,0,600,1,,1
4095,142,0,600,1,,1
4095,140,0,750,1,,1
4096,158,0,0,1,,1
4096,158,0,0,1,,1
4096,116,0,0,1,,1
4096,116,0,0,1,,1
4096,87,491.32,0,1,,1
4096,111,0,0,1,,1
4096,147,0,0,1,,1
4096,147,0,0,1,,1
4097,116,0,600,1,,1
4098,142,0,600,1,,1
4099,163,0,700,1,,1
4099,157,0,600,1,,1
4101,142,0,600,1,,1
4101,131,0,600,1,,1
4102,113,0,750,1,,1
4103,163,0,700,1,,1
4104,113,0,750,1,,1
4104,116,0,600,1,,1
4105,159,0,700,1,,1
4105,157,0,600,1,,1
4106,142,0,600,1,,1
4107,147,0,0,1,,1
4107,147,0,0,1,,1
4107,116,0,0,1,,1
4107,147,0,0,1,,1
4108,142,0,600,1,,1
4109,147,0,1150,1,,1
4109,142,0,600,1,,1
4110,159,0,700,1,,1
4111,116,0,600,1,,1
4111,116,0,600,1,,1
4112,170,0,600,1,,1
4112,52,0,650,1,,1
4113,163,0,700,1,,1
4114,111,0,850,1,,1
4115,119,0,1300,1,,1
4116,113,0,750,1,,1
4116,159,0,700,1,,1
4116,163,0,700,1,,1
4116,107,15,50,1,,1
4117,116,0,600,1,,1
4117,142,0,600,1,,1
4118,142,0,600,1,,1
4119,157,0,600,1,,1
4120,116,0,600,1,,1
4120,116,0,600,1,,1
4120,116,0,600,1,,1
4120,163,0,700,1,,1
4121,113,0,0,1,,1
4121,113,0,0,1,,1
4121,113,0,0,1,,1
4121,147,0,0,1,,1
4121,147,0,0,1,,1
4121,113,0,0,1,,1
4121,113,0,0,1,,1
4121,113,0,0,1,,1
4121,147,0,0,1,,1
4122,142,0,600,1,,1
4123,142,0,600,1,,1
4124,116,0,0,1,,1
4125,129,0,600,1,,1
4125,55,0,1250,1,,1
4126,113,0,750,1,,1
4127,113,0,750,1,,1
4128,111,0,850,1,,1
4128,111,0,850,1,,1
4128,113,0,750,1,,1
4129,142,0,600,1,,1
4129,94,117,600,1,,1
4129,61,310,750,1,,1
4130,163,0,700,1,,1
4130,113,0,750,1,,1
4131,163,0,700,1,,1
4131,142,0,600,1,,1
4131,116,0,600,1,,1
4132,142,0,600,1,,1
4133,87,491.32,950,1,,1
4133,87,491.32,950,1,,1
4133,142,0,600,1,,1
4133,129,0,600,1,,1
4133,87,491.32,950,1,,1
4133,107,15,50,1,,1
4133,94,117,600,1,,1
4134,111,0,850,1,,1
4135,116,0,600,1,,1
4136,157,0,600,1,,1
4137,147,0,0,1,,1
4137,147,0,0,1,,1
4137,147,0,0,1,,1
4137,147,0,0,1,,1
4137,116,0,0,1,,1
4137,5,182,0,1,,1
4137,5,182,0,1,,1
4137,1,200,0,1,,1
4137,142,0,0,1,,1
4137,113,0,0,1,,1
4137,113,0,0,1,,1
4137,116,0,0,1,,1
4138,163,0,700,1,,1
4138,163,0,700,1,,1
4139,170,0,600,1,,1
4139,170,0,600,1,,1
4140,142,0,600,1,,1
4140,147,0,1150,1,,1
4140,147,0,1150,1,,1
4141,142,0,600,1,,1
4142,113,0,750,1,,1
4143,170,0,0,1,,1
4143,129,0,0,1,,1
4144,87,491.32,950,1,,1
4144,87,491.32,950,1,,1
4144,107,15,50,1,,1
4145,55,0,1250,1,,1
4146,157,0,600,1,,1
4146,87,491.32,950,1,,1
4147,147,0,1150,1,,1
4148,140,0,750,1,,1
4148,140,0,750,1,,1
4148,140,0,750,1,,1
4148,140,0,750,1,,1
4148,140,0,750,1,,1
4148,140,0,750,1,,1
4148,140,0,750,1,,1
4148,140,0,750,1,,1
4149,157,0,600,1,,1
4149,142,0,600,1,,1
4149,1,200,650,1,,1
4149,163,0,700,1,,1
4149,163,0,700,1,,1
4149,55,0,1250,1,,1
4149,158,0,750,1,,1
4150,119,0,1300,1,,1
4150,119,0,1300,1,,1
4150,170,0,600,1,,1
4150,170,0,600,1,,1
4150,129,0,600,1,,1
4150,129,0,600,1,,1
4151,163,0,700,1,,1
4151,163,0,700,1,,1
4152,110,162.2,600,1,,1
4153,113,0,750,1,,1
4154,116,0,600,1,,1
4155,111,0,850,1,,1
4155,163,0,700,1,,1
4156,147,0,0,1,,1
4156,147,0,0,1,,1
4157,113,0,0,1,,1
4157,113,0,0,1,,1
4157,116,0,0,1,,1
4157,151,148,0,1,,1
4157,4,252,0,1,,1
4157,153,0,0,1,,1
4157,153,0,0,1,,1
4158,111,0,0,1,,1
4159,55,0,1250,1,,1
4159,129,0,600,1,,1
4159,157,0,600,1,,1
4159,52,0,650,1,,1
4160,116,0,600,1,,1
4160,113,0,750,1,,1
4161,147,0,1150,1,,1
4161,87,491.32,950,1,,1
4162,163,0,700,1,,1
4163,1,200,650,1,,1
4163,55,0,1250,1,,1
4164,147,0,1150,1,,1
4164,67,284.12,1250,1,,1
4165,116,0,600,1,,1
4165,116,0,600,1,,1
4166,142,0,600,1,,1
4167,147,0,1150,1,,1
4168,147,0,0,1,,1
4168,147,0,0,1,,1
4168,147,0,0,1,,1
4169,159,0,700,1,,1
4169,159,0,700,1,,1
4170,113,0,750,1,,1
4171,170,0,600,1,,1
4172,129,0,600,1,,1
4172,113,0,750,1,,1
4172,113,0,750,1,,1
4173,111,0,850,1,,1
4174,48,0,600,1,,1
4174,113,0,750,1,,1
4175,147,0,1150,1,,1
4175,76,20.75,50,1,,1
4176,131,0,600,1,,1
4177,159,0,700,1,,1
4178,151,148,600,1,,1
4178,151,148,600,1,,1
4178,151,148,600,1,,1
4178,151,148,600,1,,1
4178,151,148,600,1,,1
4178,151,148,600,1,,1
4178,151,148,600,1,,1
4178,151,148,600,1,,1
4178,151,148,600,1,,1
4178,151,148,600,1,,1
4178,151,148,600,1,,1
4178,151,148,600,1,,1
4179,147,0,1150,1,,1
4180,142,0,600,1,,1
4180,48,0,600,1,,1
4181,142,0,600,1,,1
4182,52,0,650,1,,1
4183,87,491.32,950,1,,1
4183,113,0,750,1,,1
4184,147,0,1150,1,,1
4185,147,0,1150,1,,1
4185,55,0,1250,1,,1
4186,159,0,700,1,,1
4186,147,0,1150,1,,1
4187,111,0,0,1,,1
4187,142,0,0,1,,1
4187,87,491.32,0,1,,1
4187,139,0,0,1,,1
4188,142,0,600,1,,1
4189,113,0,0,1,,1
4189,113,0,0,1,,1
4189,113,0,0,1,,1
4189,113,0,0,1,,1
4189,113,0,0,1,,1
4189,147,0,0,1,,1
4190,163,0,700,1,,1
4191,158,0,750,1,,1
4192,116,0,600,1,,1
4193,129,0,600,1,,1
4194,129,0,600,1,,1
4194,55,0,1250,1,,1
4195,87,491.32,950,1,,1
4195,116,0,600,1,,1
4195,142,0,600,1,,1
4196,129,0,600,1,,1
4196,129,0,600,1,,1
4196,53,0,1000,1,,1
4196,53,0,1000,1,,1
4197,53,0,1000,1,,1
4197,129,0,600,1,,1
4198,67,284.12,1250,1,,1
4199,163,0,700,1,,1
4200,157,0,600,1,,1
4200,158,0,750,1,,1
4200,87,491.32,950,1,,1
4201,131,0,600,1,,1
4202,163,0,700,1,,1
4202,116,0,600,1,,1
4203,157,0,600,1,,1
4204,142,0,600,1,,1
4205,163,0,700,1,,1
4206,147,0,1150,1,,1
4206,147,0,1150,1,,1
4207,111,0,850,1,,1
4208,48,0,600,1,,1
4208,87,491.32,950,1,,1
4209,67,284.12,1250,1,,1
4209,157,0,600,1,,1
4210,158,0,750,1,,1
4210,142,0,600,1,,1
4210,113,0,750,1,,1
4211,159,0,700,1,,1
4212,157,0,600,1,,1
4213,1,200,650,1,,1
4214,142,0,600,1,,1
4215,147,0,0,1,,1
4215,147,0,0,1,,1
4215,147,0,0,1,,1
4215,113,0,0,1,,1
4215,113,0,0,1,,1
4215,113,0,0,1,,1
4216,116,0,0,1,,1
4216,116,0,0,1,,1
4216,116,0,0,1,,1
4216,116,0,0,1,,1
4216,113,0,0,1,,1
4216,1,200,0,1,,1
4216,1,200,0,1,,1
4216,111,0,0,1,,1
4216,142,0,0,1,,1
4216,87,491.32,0,1,,1
4216,87,491.32,0,1,,1
4216,5,182,0,1,,1
4216,1,200,0,1,,1
4217,87,491.32,950,1,,1
4218,142,0,600,1,,1
4219,147,0,1150,1,,1
4220,157,0,600,1,,1
4221,87,491.32,950,1,,1
4221,111,0,850,1,,1
4222,139,0,750,1,,1
4222,87,491.32,950,1,,1
4222,158,0,750,1,,1
4223,157,0,600,1,,1
4223,158,0,750,1,,1
4223,87,491.32,950,1,,1
4223,158,0,750,1,,1
4223,142,0,600,1,,1
4224,129,0,600,1,,1
4225,163,0,700,1,,1
4226,147,0,1150,1,,1
4227,111,0,850,1,,1
4227,87,491.32,950,1,,1
4228,147,0,0,1,,1
4228,147,0,0,1,,1
4228,113,0,0,1,,1
4228,113,0,0,1,,1
4228,113,0,0,1,,1
4228,147,0,0,1,,1
4228,113,0,0,1,,1
4228,113,0,0,1,,1
4228,113,0,0,1,,1
4229,142,0,600,1,,1
4230,129,0,600,1,,1
4230,111,0,850,1,,1
4230,147,0,1150,1,,1
4231,142,0,600,1,,1
4232,55,0,1250,1,,1
4232,129,0,600,1,,1
4233,111,0,850,1,,1
4234,116,0,600,1,,1
4235,142,0,600,1,,1
4235,142,0,600,1,,1
4235,113,0,750,1,,1
4235,113,0,750,1,,1
4236,157,0,600,1,,1
4237,7,145,750,1,,1
4238,163,0,700,1,,1
4239,67,284.12,1250,1,,1
4239,48,0,600,1,,1
4239,113,0,750,1,,1
4240,65,164,950,1,,1
4241,111,0,850,1,,1
4242,142,0,0,1,,1
4242,113,0,0,1,,1
4242,113,0,0,1,,1
4242,113,0,0,1,,1
4242,113,0,0,1,,1
4242,113,0,0,1,,1
4242,113,0,0,1,,1
4242,113,0,0,1,,1
4242,113,0,0,1,,1
4242,113,0,0,1,,1
4242,113,0,0,1,,1
4243,55,0,1250,1,,1
4244,111,0,850,1,,1
4245,147,0,1150,1,,1
4246,119,0,1300,1,,1
4247,62,310,750,1,,1
4248,170,0,600,1,,1
4248,113,0,750,1,,1
4249,119,0,1300,1,,1
4249,157,0,600,1,,1
4249,111,0,850,1,,1
4250,157,0,600,1,,1
4250,50,150,500,1,,1
4250,119,0,1300,1,,1
4251,147,0,1150,1,,1
4251,131,0,600,1,,1
4251,170,0,600,1,,1
4251,163,0,700,1,,1
4251,163,0,700,1,,1
4251,163,0,700,1,,1
4251,163,0,700,1,,1
4252,147,0,0,1,,1
4252,147,0,0,1,,1
4252,147,0,0,1,,1
4253,5,182,0,1,,1
4253,5,182,0,1,,1
4253,116,0,0,1,,1
4253,116,0,0,1,,1
4253,116,0,0,1,,1
4253,116,0,0,1,,1
4253,116,0,0,1,,1
4253,116,0,0,1,,1
4253,1,200,0,1,,1
4253,1,200,0,1,,1
4253,1,200,0,1,,1
4253,1,200,0,1,,1
4253,1,200,0,1,,1
4253,116,0,0,1,,1
4253,116,0,0,1,,1
4253,116,0,0,1,,1
4253,116,0,0,1,,1
4253,116,0,0,1,,1
4254,170,0,600,1,,1
4255,147,0,1150,1,,1
4255,52,0,650,1,,1
4255,50,150,500,1,,1
4256,170,0,600,1,,1
4256,125,0,500,1,,1
4257,163,0,700,1,,1
4258,142,0,600,1,,1
4259,116,0,600,1,,1
4260,62,310,750,1,,1
4261,113,0,750,1,,1
4262,147,0,1150,1,,1
4263,55,0,1250,1,,1
4263,107,15,50,1,,1
4264,111,0,850,1,,1
4264,111,0,850,1,,1
4264,119,0,1300,1,,1
4265,170,0,600,1,,1
4266,95,164,600,1,,1
4267,116,0,600,1,,1
4267,113,0,750,1,,1
4267,116,0,600,1,,1
4268,73,260,700,1,,1
4268,147,0,1150,1,,1
4269,142,0,600,1,,1
4269,111,0,850,1,,1
4270,147,0,1150,1,,1
4270,147,0,1150,1,,1
4270,55,0,1250,1,,1
4271,147,0,0,1,,1
4271,147,0,0,1,,1
4271,147,0,0,1,,1
4272,142,0,600,1,,1
4273,147,0,1150,1,,1
4274,48,0,600,1,,1
4274,95,164,600,1,,1
4275,116,0,0,1,,1
4275,111,0,0,1,,1
4275,142,0,0,1,,1
4275,4,252,0,1,,1
4275,4,252,0,1,,1
4275,4,252,0,1,,1
4276,142,0,600,1,,1
4277,110,162.2,600,1,,1
4278,142,0,600,1,,1
4279,163,0,0,1,,1
4279,159,0,0,1,,1
4279,5,182,0,1,,1
4279,139,0,0,1,,1
4279,139,0,0,1,,1
4280,113,0,750,1,,1
4280,113,0,750,1,,1
4280,3,150,600,1,,1
4281,111,0,850,1,,1
4282,116,0,600,1,,1
4283,116,0,600,1,,1
4283,163,0,700,1,,1
4284,3,150,0,1,,1
4285,113,0,750,1,,1
4285,113,0,750,1,,1
4285,113,0,750,1,,1
4285,157,0,600,1,,1
4286,111,0,850,1,,1
4286,111,0,850,1,,1
4287,163,0,700,1,,1
4287,116,0,600,1,,1
4287,3,150,600,1,,1
4288,157,0,600,1,,1
4288,94,117,600,1,,1
4288,55,0,1250,1,,1
4288,119,0,1300,1,,1
4289,158,0,750,1,,1
4289,111,0,850,1,,1
4289,3,150,600,1,,1
4290,147,0,0,1,,1
4290,147,0,0,1,,1
4290,147,0,0,1,,1
4290,147,0,0,1,,1
4290,147,0,0,1,,1
4290,147,0,0,1,,1
4290,147,0,0,1,,1
4290,55,0,0,1,,1
4290,55,0,0,1,,1
4290,55,0,0,1,,1
4290,7,145,0,1,,1
4290,95,164,0,1,,1
4291,61,310,750,1,,1
4292,113,0,750,1,,1
4292,113,0,750,1,,1
4292,3,150,600,1,,1
4292,61,310,750,1,,1
4292,159,0,700,1,,1
4292,111,0,850,1,,1
4293,159,0,700,1,,1
4293,48,0,600,1,,1
4294,73,260,700,1,,1
4294,147,0,1150,1,,1
4294,87,491.32,950,1,,1
4294,163,0,700,1,,1
4295,3,150,600,1,,1
4295,119,0,1300,1,,1
4296,95,164,600,1,,1
4297,95,164,600,1,,1
4297,158,0,750,1,,1
4297,87,491.32,950,1,,1
4298,113,0,750,1,,1
4299,111,0,850,1,,1
4300,125,0,500,1,,1
4301,53,0,1000,1,,1
4301,157,0,600,1,,1
4302,147,0,1150,1,,1
4302,52,0,650,1,,1
4303,158,0,0,1,,1
4303,111,0,0,1,,1
4304,147,0,1150,1,,1
4305,111,0,850,1,,1
4305,52,0,650,1,,1
4305,116,0,600,1,,1
4306,116,0,600,1,,1
4307,94,117,600,1,,1
4308,147,0,0,1,,1
4308,147,0,0,1,,1
4309,147,0,1150,1,,1
4310,55,0,0,1,,1
4310,157,0,0,1,,1
4311,147,0,1150,1,,1
4311,62,310,750,1,,1
4311,62,310,750,1,,1
4311,107,15,50,1,,1
4311,76,20.75,50,1,,1
4312,87,491.32,950,1,,1
4313,175,0,600,1,,1
4314,111,0,850,1,,1
4315,159,0,700,1,,1
4316,159,0,700,1,,1
4316,101,0,600,1,,1
4317,147,0,1150,1,,1
4317,76,20.75,50,1,,1
4318,131,0,600,1,,1
4318,50,150,500,1,,1
4319,50,150,500,1,,1
4319,111,0,850,1,,1
4320,50,150,500,1,,1
4320,50,150,500,1,,1
4320,50,150,500,1,,1
4321,55,0,1250,1,,1
4321,147,0,1150,1,,1
4322,147,0,1150,1,,1
4322,147,0,1150,1,,1
4323,113,0,0,1,,1
4324,147,0,0,1,,1
4324,147,0,0,1,,1
4324,147,0,0,1,,1
4325,157,0,600,1,,1
4326,3,150,600,1,,1
4327,147,0,1150,1,,1
4327,52,0,650,1,,1
4327,139,0,750,1,,1
4327,116,0,600,1,,1
4328,52,0,650,1,,1
4329,53,0,1000,1,,1
4330,147,0,1150,1,,1
4330,158,0,750,1,,1
4331,147,0,1150,1,,1
4332,116,0,600,1,,1
4332,116,0,600,1,,1
4332,147,0,1150,1,,1
4332,163,0,700,1,,1
4333,147,0,1150,1,,1
4334,147,0,1150,1,,1
4335,147,0,1150,1,,1
4335,147,0,1150,1,,1
4336,159,0,700,1,,1
4336,147,0,1150,1,,1
4337,147,0,1150,1,,1
4337,147,0,1150,1,,1
4337,147,0,1150,1,,1
4337,116,0,600,1,,1
4338,113,0,0,1,,1
4338,116,0,0,1,,1
4338,116,0,0,1,,1
4338,147,0,0,1,,1
4338,147,0,0,1,,1
4338,147,0,0,1,,1
4338,147,0,0,1,,1
4338,111,0,0,1,,1
4339,147,0,1150,1,,1
4339,55,0,1250,1,,1
4340,53,0,1000,1,,1
4340,116,0,600,1,,1
4340,3,150,600,1,,1
4341,175,0,600,1,,1
4342,95,164,600,1,,1
4342,52,0,650,1,,1
4343,87,491.32,950,1,,1
4343,116,0,600,1,,1
4344,101,0,600,1,,1
4344,67,284.12,1250,1,,1
4345,116,0,600,1,,1
4346,157,0,600,1,,1
4347,147,0,1150,1,,1
4347,147,0,1150,1,,1
4347,87,491.32,950,1,,1
4347,55,0,1250,1,,1
4348,67,284.12,1250,1,,1
4349,119,0,1300,1,,1
4350,111,0,850,1,,1
4351,1,200,650,1,,1
4352,158,0,750,1,,1
4352,1,200,650,1,,1
4353,101,0,600,1,,1
4353,101,0,600,1,,1
4353,62,310,750,1,,1
4354,111,0,850,1,,1
4354,50,150,500,1,,1
4354,62,310,750,1,,1
4354,175,0,600,1,,1
4355,163,0,700,1,,1
4355,50,150,500,1,,1
4356,113,0,750,1,,1
4356,62,310,750,1,,1
4357,163,0,700,1,,1
4358,95,164,600,1,,1
4358,119,0,1300,1,,1
4358,101,0,600,1,,1
4358,163,0,700,1,,1
4358,163,0,700,1,,1
4359,163,0,700,1,,1
4359,163,0,700,1,,1
4359,107,15,50,1,,1
4360,101,0,600,1,,1
4361,113,0,750,1,,1
4362,147,0,1150,1,,1
4363,94,117,600,1,,1
4364,50,150,500,1,,1
4365,147,0,0,1,,1
4365,147,0,0,1,,1
4365,147,0,0,1,,1
4366,175,0,600,1,,1
4367,159,0,700,1,,1
4368,157,0,600,1,,1
4369,116,0,600,1,,1
4369,113,0,750,1,,1
4369,163,0,700,1,,1
4369,159,0,700,1,,1
4369,50,150,500,1,,1
4369,147,0,1150,1,,1
4370,163,0,700,1,,1
4371,175,0,600,1,,1
4372,48,0,600,1,,1
4373,147,0,1150,1,,1
4373,147,0,1150,1,,1
4373,147,0,1150,1,,1
4373,87,491.32,950,1,,1
4373,116,0,600,1,,1
4374,159,0,700,1,,1
4375,94,117,600,1,,1
4376,111,0,850,1,,1
4377,175,0,600,1,,1
4378,159,0,700,1,,1
4379,147,0,1150,1,,1
4380,94,117,600,1,,1
4380,55,0,1250,1,,1
4381,55,0,1250,1,,1
4382,131,0,600,1,,1
4383,129,0,600,1,,1
4383,131,0,600,1,,1
4384,147,0,0,1,,1
4384,113,0,0,1,,1
4384,113,0,0,1,,1
4384,113,0,0,1,,1
4384,113,0,0,1,,1
4384,113,0,0,1,,1
4385,157,0,0,1,,1
4385,175,0,0,1,,1
4385,55,0,0,1,,1
4385,55,0,0,1,,1
4385,111,0,0,1,,1
4386,87,491.32,950,1,,1
4387,111,0,850,1,,1
4388,116,0,600,1,,1
4388,147,0,1150,1,,1
4389,94,117,600,1,,1
4390,87,491.32,950,1,,1
4391,157,0,600,1,,1
4392,147,0,0,1,,1
4392,147,0,0,1,,1
4392,147,0,0,1,,1
4392,147,0,0,1,,1
4392,3,150,0,1,,1
4392,3,150,0,1,,1
4392,147,0,0,1,,1
4393,139,0,750,1,,1
4394,87,491.32,950,1,,1
4394,5,182,700,1,,1
4394,55,0,1250,1,,1
4395,113,0,750,1,,1
4396,4,252,750,1,,1
4397,159,0,700,1,,1
4398,158,0,750,1,,1
4398,87,491.32,950,1,,1
4398,147,0,1150,1,,1
4399,157,0,600,1,,1
4400,147,0,1150,1,,1
4401,129,0,600,1,,1
4401,129,0,600,1,,1
4402,129,0,600,1,,1
4403,158,0,750,1,,1
4403,101,0,600,1,,1
4404,111,0,850,1,,1
4404,111,0,850,1,,1
4405,95,164,600,1,,1
4405,160,0,950,1,,1
4406,147,0,1150,1,,1
4407,116,0,0,1,,1
4407,116,0,0,1,,1
4407,116,0,0,1,,1
4407,116,0,0,1,,1
4407,3,150,0,1,,1
4407,3,150,0,1,,1
4407,116,0,0,1,,1
4407,116,0,0,1,,1
4407,116,0,0,1,,1
4407,116,0,0,1,,1
4407,116,0,0,1,,1
4407,116,0,0,1,,1
4407,116,0,0,1,,1
4407,147,0,0,1,,1
4407,147,0,0,1,,1
4407,147,0,0,1,,1
4407,147,0,0,1,,1
4408,129,0,600,1,,1
4409,55,0,1250,1,,1
4409,55,0,1250,1,,1
4409,111,0,850,1,,1
4409,111,0,850,1,,1
4409,3,150,600,1,,1
4410,163,0,700,1,,1
4410,61,310,750,1,,1
4410,61,310,750,1,,1
4410,61,310,750,1,,1
4410,61,310,750,1,,1
4410,67,284.12,1250,1,,1
4410,107,15,50,1,,1
4410,107,15,50,1,,1
4410,147,0,1150,1,,1
4411,111,0,850,1,,1
4412,163,0,700,1,,1
4413,119,0,1300,1,,1
4414,116,0,600,1,,1
4415,52,0,650,1,,1
4416,94,117,600,1,,1
4416,154,0,750,1,,1
4417,147,0,1150,1,,1
4417,125,0,500,1,,1
4418,111,0,850,1,,1
4418,55,0,1250,1,,1
4419,67,284.12,1250,1,,1
4419,125,0,500,1,,1
4420,147,0,1150,1,,1
4420,147,0,1150,1,,1
4420,76,20.75,50,1,,1
4420,76,20.75,50,1,,1
4420,62,310,750,1,,1
4420,62,310,750,1,,1
4420,62,310,750,1,,1
4420,131,0,600,1,,1
4420,119,0,1300,1,,1
4420,107,15,50,1,,1
4421,125,0,500,1,,1
4422,125,0,500,1,,1
4423,147,0,0,1,,1
4423,147,0,0,1,,1
4423,147,0,0,1,,1
4423,147,0,0,1,,1
4424,52,0,650,1,,1
4425,147,0,1150,1,,1
4425,61,310,750,1,,1
4426,111,0,850,1,,1
4426,159,0,700,1,,1
4426,163,0,700,1,,1
4427,139,0,750,1,,1
4428,95,164,600,1,,1
4428,158,0,750,1,,1
4428,116,0,600,1,,1
4429,98,190,0,1,,1
4429,98,190,0,1,,1
4430,3,150,600,1,,1
4430,147,0,1150,1,,1
4431,113,0,750,1,,1
4432,52,0,650,1,,1
4432,95,164,600,1,,1
4433,157,0,600,1,,1
4433,113,0,750,1,,1
4433,119,0,1300,1,,1
4434,95,164,600,1,,1
4435,119,0,1300,1,,1
4435,110,162.2,600,1,,1
4436,65,164,950,1,,1
4436,65,164,950,1,,1
4436,113,0,750,1,,1
4437,147,0,1150,1,,1
4438,111,0,850,1,,1
4439,147,0,1150,1,,1
4440,95,164,600,1,,1
4440,52,0,650,1,,1
4441,147,0,0,1,,1
4441,113,0,0,1,,1
4441,113,0,0,1,,1
4441,113,0,0,1,,1
4441,113,0,0,1,,1
4441,113,0,0,1,,1
4441,147,0,0,1,,1
4441,147,0,0,1,,1
4441,55,0,0,1,,1
4441,147,0,0,1,,1
4441,147,0,0,1,,1
4442,55,0,0,1,,1
4442,55,0,0,1,,1
4443,147,0,1150,1,,1
4443,67,284.12,1250,1,,1
4444,3,150,600,1,,1
4445,111,0,0,1,,1
4446,95,164,600,1,,1
4447,111,0,850,1,,1
4448,181,410,600,1,,1
4448,3,150,600,1,,1
4449,3,150,600,1,,1
4450,147,0,1150,1,,1
4450,147,0,1150,1,,1
4450,3,150,600,1,,1
4450,3,150,600,1,,1
4451,55,0,0,1,,1
4451,111,0,0,1,,1
4451,181,410,0,1,,1
4452,147,0,0,1,,1
4452,147,0,0,1,,1
4452,147,0,0,1,,1
4452,147,0,0,1,,1
4453,181,410,600,1,,1
4454,181,410,0,1,,1
4454,181,410,0,1,,1
4454,181,410,0,1,,1
4455,163,0,700,1,,1
4455,181,410,600,1,,1
4456,3,150,600,1,,1
4457,50,150,500,1,,1
4458,111,0,850,1,,1
4459,55,0,1250,1,,1
4459,163,0,700,1,,1
4459,95,164,600,1,,1
4460,119,0,1300,1,,1
4460,107,15,50,1,,1
4461,50,150,500,1,,1
4462,95,164,0,1,,1
4463,55,0,1250,1,,1
4463,147,0,1150,1,,1
4464,98,190,750,1,,1
4464,98,190,750,1,,1
4464,98,190,750,1,,1
4464,48,0,600,1,,1
4465,181,410,0,1,,1
4466,181,410,600,1,,1
4467,113,0,0,1,,1
4467,113,0,0,1,,1
4467,113,0,0,1,,1
4467,113,0,0,1,,1
4468,159,0,700,1,,1
4469,147,0,1150,1,,1
4470,111,0,850,1,,1
4471,94,117,600,1,,1
4472,131,0,600,1,,1
4472,119,0,1300,1,,1
4473,113,0,750,1,,1
4473,3,150,600,1,,1
4474,53,0,1000,1,,1
4475,116,0,600,1,,1
4476,147,0,1150,1,,1
4476,53,0,1000,1,,1
4477,147,0,0,1,,1
4477,147,0,0,1,,1
4477,147,0,0,1,,1
4477,147,0,0,1,,1
4478,160,0,950,1,,1
4478,98,190,750,1,,1
4479,163,0,700,1,,1
4479,163,0,700,1,,1
4481,163,0,700,1,,1
4483,73,260,700,1,,1
4483,1,200,650,1,,1
4484,129,0,600,1,,1
4484,181,410,600,1,,1
4485,147,0,1150,1,,1
4485,160,0,950,1,,1
4486,65,164,950,1,,1
4487,147,0,0,1,,1
4487,147,0,0,1,,1
4487,116,0,0,1,,1
4487,116,0,0,1,,1
4487,113,0,0,1,,1
4487,113,0,0,1,,1
4488,62,310,750,1,,1
4488,62,310,750,1,,1
4488,159,0,700,1,,1
4488,159,0,700,1,,1
4488,163,0,700,1,,1
4488,52,0,650,1,,1
4488,107,15,50,1,,1
4488,107,15,50,1,,1
4489,181,410,600,1,,1
4490,55,0,1250,1,,1
4491,95,164,600,1,,1
4491,55,0,1250,1,,1
4491,159,0,700,1,,1
4491,95,164,600,1,,1
4492,159,0,700,1,,1
4493,62,310,750,1,,1
4494,159,0,700,1,,1
4494,181,410,600,1,,1
4495,55,0,1250,1,,1
4496,116,0,600,1,,1
4496,55,0,1250,1,,1
4496,50,150,500,1,,1
4497,147,0,1150,1,,1
4497,147,0,1150,1,,1
4497,55,0,1250,1,,1
4497,55,0,1250,1,,1
4498,159,0,700,1,,1
4499,129,0,600,1,,1
4499,62,310,750,1,,1
4500,52,0,650,1,,1
4500,131,0,600,1,,1
4501,67,284.12,0,1,,1
4501,116,0,0,1,,1
4501,116,0,0,1,,1
4501,116,0,0,1,,1
4501,116,0,0,1,,1
4501,113,0,0,1,,1
4502,147,0,0,1,,1
4502,147,0,0,1,,1
4502,147,0,0,1,,1
4503,62,310,750,1,,1
4503,129,0,600,1,,1
4504,50,150,500,1,,1
4504,55,0,1250,1,,1
4504,125,0,500,1,,1
4504,111,0,850,1,,1
4505,116,0,600,1,,1
4506,159,0,700,1,,1
4506,119,0,1300,1,,1
4506,95,164,600,1,,1
4507,101,0,600,1,,1
4508,125,0,500,1,,1
4509,98,190,750,1,,1
4509,98,190,750,1,,1
4509,98,190,750,1,,1
4509,147,0,1150,1,,1
4510,95,164,600,1,,1
4510,125,0,500,1,,1
4511,116,0,600,1,,1
4511,116,0,600,1,,1
4512,55,0,1250,1,,1
4512,73,260,700,1,,1
4513,180,0,750,1,,1
4514,111,0,850,1,,1
4514,147,0,1150,1,,1
4514,48,0,600,1,,1
4515,111,0,850,1,,1
4515,65,164,950,1,,1
4515,159,0,700,1,,1
4516,5,182,0,1,,1
4516,5,182,0,1,,1
4516,5,182,0,1,,1
4516,5,182,0,1,,1
4516,94,117,0,1,,1
4516,94,117,0,1,,1
4516,125,0,0,1,,1
4516,113,0,0,1,,1
4516,113,0,0,1,,1
4516,113,0,0,1,,1
4516,1,200,0,1,,1
4516,1,200,0,1,,1
4516,7,145,0,1,,1
4517,147,0,0,1,,1
4517,147,0,0,1,,1
4518,111,0,850,1,,1
4518,158,0,750,1,,1
4519,111,0,850,1,,1
4519,160,0,950,1,,1
4520,111,0,850,1,,1
4521,159,0,700,1,,1
4522,163,0,700,1,,1
4523,116,0,600,1,,1
4523,116,0,600,1,,1
4524,3,150,600,1,,1
4525,159,0,700,1,,1
4525,111,0,850,1,,1
4525,111,0,850,1,,1
4526,53,0,1000,1,,1
4526,48,0,600,1,,1
4527,3,150,600,1,,1
4528,111,0,850,1,,1
4528,55,0,1250,1,,1
4529,113,0,750,1,,1
4530,163,0,700,1,,1
4531,147,0,1150,1,,1
4532,111,0,850,1,,1
4532,111,0,850,1,,1
4533,160,0,950,1,,1
4533,147,0,1150,1,,1
4534,113,0,750,1,,1
4535,147,0,1150,1,,1
4535,116,0,600,1,,1
4535,116,0,600,1,,1
4536,163,0,700,1,,1
4536,163,0,700,1,,1
4537,119,0,1300,1,,1
4537,101,0,600,1,,1
4537,3,150,600,1,,1
4538,113,0,0,1,,1
4538,113,0,0,1,,1
4538,152,0,0,1,,1
4538,70,250,0,1,,1
4538,116,0,0,1,,1
4538,147,0,0,1,,1
4538,147,0,0,1,,1
4538,147,0,0,1,,1
4538,147,0,0,1,,1
4539,147,0,0,1,,1
4540,111,0,850,1,,1
4541,131,0,600,1,,1
4542,95,164,600,1,,1
4543,160,0,950,1,,1
4543,111,0,850,1,,1
4543,129,0,600,1,,1
4544,65,164,950,1,,1
4545,163,0,700,1,,1
4546,95,164,600,1,,1
4547,94,117,600,1,,1
4547,119,0,1300,1,,1
4548,113,0,750,1,,1
4549,142,0,600,1,,1
4549,111,0,850,1,,1
4549,111,0,850,1,,1
4550,142,0,600,1,,1
4551,160,0,950,1,,1
4551,98,190,750,1,,1
4552,142,0,600,1,,1
4553,111,0,850,1,,1
4553,52,0,650,1,,1
4554,158,0,0,1,,1
4554,113,0,0,1,,1
4554,142,0,0,1,,1
4554,147,0,0,1,,1
4554,113,0,0,1,,1
4554,147,0,0,1,,1
4554,147,0,0,1,,1
4555,147,0,1150,1,,1
4555,147,0,1150,1,,1
4556,158,0,750,1,,1
4556,94,117,600,1,,1
4556,50,150,500,1,,1
4556,159,0,700,1,,1
4556,48,0,600,1,,1
4557,94,117,600,1,,1
4557,160,0,950,1,,1
4557,160,0,950,1,,1
4557,112,0,600,1,,1
4557,178,0,650,1,,1
4557,73,260,700,1,,1
4557,55,0,1250,1,,1
4557,131,0,600,1,,1
4557,160,0,950,1,,1
4557,160,0,950,1,,1
4557,125,0,500,1,,1
4557,55,0,1250,1,,1
4557,94,117,600,1,,1
4557,95,164,600,1,,1
4557,113,0,750,1,,1
4557,147,0,1150,1,,1
4557,62,310,750,1,,1
4558,111,0,850,1,,1
4559,48,0,600,1,,1
4559,50,150,500,1,,1
4560,62,310,750,1,,1
4560,119,0,1300,1,,1
4560,119,0,1300,1,,1
4560,131,0,600,1,,1
4560,131,0,600,1,,1
4560,111,0,850,1,,1
4561,113,0,750,1,,1
4561,116,0,600,1,,1
4562,55,0,1250,1,,1
4563,147,0,0,1,,1
4563,147,0,0,1,,1
4563,147,0,0,1,,1
4564,113,0,0,1,,1
4564,113,0,0,1,,1
4564,113,0,0,1,,1
4564,146,250,0,1,,1
4565,55,0,1250,1,,1
4565,111,0,850,1,,1
4566,160,0,950,1,,1
4566,55,0,1250,1,,1
4567,147,0,1150,1,,1
4568,112,0,600,1,,1
4568,163,0,700,1,,1
4569,119,0,1300,1,,1
4570,159,0,700,1,,1
4571,113,0,750,1,,1
4572,55,0,1250,1,,1
4572,142,0,600,1,,1
4572,147,0,1150,1,,1
4573,163,0,700,1,,1
4574,111,0,850,1,,1
4575,98,190,750,1,,1
4575,98,190,750,1,,1
4576,116,0,600,1,,1
4577,159,0,700,1,,1
4578,113,0,750,1,,1
4579,94,117,600,1,,1
4579,55,0,1250,1,,1
4579,163,0,700,1,,1
4580,147,0,1150,1,,1
4580,163,0,700,1,,1
4581,147,0,1150,1,,1
4581,55,0,1250,1,,1
4582,142,0,0,1,,1
4582,113,0,0,1,,1
4582,113,0,0,1,,1
4582,146,250,0,1,,1
4582,98,190,0,1,,1
4582,98,190,0,1,,1
4582,147,0,0,1,,1
4582,147,0,0,1,,1
4583,116,0,600,1,,1
4584,67,284.12,1250,1,,1
4584,67,284.12,1250,1,,1
4584,61,310,750,1,,1
4584,61,310,750,1,,1
4584,61,310,750,1,,1
4584,147,0,1150,1,,1
4584,107,15,50,1,,1
4584,107,15,50,1,,1
4584,147,0,1150,1,,1
4585,98,190,0,1,,1
4585,180,0,0,1,,1
4586,113,0,750,1,,1
4587,48,0,600,1,,1
4588,111,0,850,1,,1
4588,119,0,1300,1,,1
4589,94,117,600,1,,1
4590,163,0,700,1,,1
4591,111,0,850,1,,1
4592,142,0,600,1,,1
4592,116,0,600,1,,1
4593,147,0,1150,1,,1
4593,158,0,750,1,,1
4593,147,0,1150,1,,1
4593,160,0,950,1,,1
4594,111,0,850,1,,1
4595,111,0,850,1,,1
4596,52,0,650,1,,1
4597,147,0,0,1,,1
4597,147,0,0,1,,1
4597,147,0,0,1,,1
4597,147,0,0,1,,1
4598,129,0,0,1,,1
4598,129,0,0,1,,1
4598,98,190,0,1,,1
4598,55,0,0,1,,1
4599,61,310,750,1,,1
4600,159,0,700,1,,1
4601,55,0,1250,1,,1
4602,159,0,700,1,,1
4603,113,0,750,1,,1
4604,157,0,600,1,,1
4604,119,0,1300,1,,1
4605,111,0,850,1,,1
4605,52,0,650,1,,1
4605,142,0,600,1,,1
4606,113,0,750,1,,1
4607,142,0,600,1,,1
4608,111,0,850,1,,1
4609,163,0,700,1,,1
4609,116,0,600,1,,1
4610,129,0,600,1,,1
4610,159,0,700,1,,1
4611,157,0,600,1,,1
4611,55,0,1250,1,,1
4612,116,0,600,1,,1
4612,159,0,700,1,,1
4613,147,0,0,1,,1
4613,147,0,0,1,,1
4613,147,0,0,1,,1
4613,113,0,0,1,,1
4613,113,0,0,1,,1
4613,147,0,0,1,,1
4613,147,0,0,1,,1
4613,113,0,0,1,,1
4614,163,0,700,1,,1
4615,112,0,600,1,,1
4615,158,0,750,1,,1
4616,111,0,850,1,,1
4617,147,0,1150,1,,1
4618,119,0,1300,1,,1
4619,147,0,1150,1,,1
4619,158,0,750,1,,1
4620,111,0,850,1,,1
4620,55,0,1250,1,,1
4621,157,0,600,1,,1
4621,158,0,750,1,,1
4622,55,0,1250,1,,1
4622,125,0,500,1,,1
4623,157,0,600,1,,1
4624,62,310,750,1,,1
4624,50,150,500,1,,1
4624,130,0,600,1,,1
4624,159,0,700,1,,1
4625,147,0,1150,1,,1
4626,130,0,600,1,,1
4627,158,0,750,1,,1
4628,147,0,0,1,,1
4628,147,0,0,1,,1
4628,147,0,0,1,,1
4628,147,0,0,1,,1
4628,113,0,0,1,,1
4628,113,0,0,1,,1
4628,113,0,0,1,,1
4628,116,0,0,1,,1
4629,140,0,0,1,,1
4629,140,0,0,1,,1
4629,140,0,0,1,,1
4629,140,0,0,1,,1
4629,140,0,0,1,,1
4629,140,0,0,1,,1
4629,140,0,0,1,,1
4629,140,0,0,1,,1
4629,140,0,0,1,,1
4629,140,0,0,1,,1
4629,140,0,0,1,,1
4629,140,0,0,1,,1
4629,113,0,0,1,,1
4630,125,0,500,1,,1
4631,142,0,600,1,,1
4631,147,0,1150,1,,1
4632,111,0,850,1,,1
4633,142,0,600,1,,1
4633,94,117,600,1,,1
4634,116,0,600,1,,1
4634,119,0,1300,1,,1
4634,139,0,750,1,,1
4635,55,0,1250,1,,1
4635,130,0,600,1,,1
4636,163,0,700,1,,1
4637,160,0,950,1,,1
4637,160,0,950,1,,1
4637,147,0,1150,1,,1
4638,119,0,1300,1,,1
4638,94,117,600,1,,1
4639,131,0,600,1,,1
4640,130,0,600,1,,1
4640,142,0,600,1,,1
4641,142,0,0,1,,1
4641,116,0,0,1,,1
4641,113,0,0,1,,1
4641,113,0,0,1,,1
4641,113,0,0,1,,1
4641,113,0,0,1,,1
4641,113,0,0,1,,1
4641,113,0,0,1,,1
4641,147,0,0,1,,1
4642,130,0,600,1,,1
4643,159,0,700,1,,1
4644,55,0,1250,1,,1
4644,55,0,1250,1,,1
4644,130,0,600,1,,1
4644,147,0,1150,1,,1
4645,163,0,700,1,,1
4645,158,0,750,1,,1
4646,131,0,600,1,,1
4647,55,0,1250,1,,1
4647,111,0,850,1,,1
4648,157,0,600,1,,1
4648,52,0,650,1,,1
4649,111,0,850,1,,1
4650,116,0,600,1,,1
4650,112,0,600,1,,1
4650,55,0,1250,1,,1
4650,159,0,700,1,,1
4650,176,0,600,1,,1
4651,147,0,1150,1,,1
4652,142,0,600,1,,1
4653,147,0,1150,1,,1
4653,147,0,1150,1,,1
4653,147,0,1150,1,,1
4654,55,0,1250,1,,1
4655,113,0,750,1,,1
4656,55,0,1250,1,,1
4656,111,0,850,1,,1
4657,119,0,1300,1,,1
4657,111,0,850,1,,1
4657,111,0,850,1,,1
4658,112,0,600,1,,1
4659,62,310,750,1,,1
4659,62,310,750,1,,1
4660,163,0,700,1,,1
4660,116,0,600,1,,1
4661,142,0,600,1,,1
4662,181,410,600,1,,1
4663,116,0,600,1,,1
4663,111,0,850,1,,1
4663,158,0,750,1,,1
4663,116,0,600,1,,1
4664,113,0,0,1,,1
4664,113,0,0,1,,1
4664,113,0,0,1,,1
4664,113,0,0,1,,1
4665,55,0,0,1,,1
4665,55,0,0,1,,1
4665,113,0,0,1,,1
4665,113,0,0,1,,1
4666,119,0,1300,1,,1
4666,176,0,600,1,,1
4667,147,0,1150,1,,1
4668,159,0,700,1,,1
4669,111,0,850,1,,1
4670,142,0,600,1,,1
4671,113,0,750,1,,1
4671,160,0,950,1,,1
4671,142,0,600,1,,1
4672,112,0,600,1,,1
4672,95,164,600,1,,1
4672,116,0,600,1,,1
4672,181,410,600,1,,1
4673,55,0,1250,1,,1
4673,55,0,1250,1,,1
4673,142,0,600,1,,1
4673,142,0,600,1,,1
4674,55,0,1250,1,,1
4675,181,410,600,1,,1
4676,113,0,750,1,,1
4676,142,0,600,1,,1
4677,181,410,600,1,,1
4678,142,0,600,1,,1
4679,112,0,600,1,,1
4679,52,0,650,1,,1
4679,113,0,750,1,,1
4680,111,0,850,1,,1
4681,94,117,0,1,,1
4681,55,0,0,1,,1
4681,55,0,0,1,,1
4681,113,0,0,1,,1
4681,147,0,0,1,,1
4681,113,0,0,1,,1
4681,73,260,0,1,,1
4681,181,410,0,1,,1
4681,181,410,0,1,,1
4681,107,15,0,1,,1
4681,119,0,0,1,,1
4681,119,0,0,1,,1
4682,147,0,0,1,,1
4682,147,0,0,1,,1
4682,147,0,0,1,,1
4682,147,0,0,1,,1
4683,113,0,750,1,,1
4683,113,0,750,1,,1
4683,95,164,600,1,,1
4683,95,164,600,1,,1
4684,55,0,1250,1,,1
4684,179,0,600,1,,1
4685,55,0,1250,1,,1
4685,159,0,700,1,,1
4686,111,0,850,1,,1
4687,111,0,850,1,,1
4688,111,0,850,1,,1
4688,111,0,850,1,,1
4688,147,0,1150,1,,1
4688,147,0,1150,1,,1
4689,52,0,650,1,,1
4689,181,410,600,1,,1
4690,131,0,600,1,,1
4691,142,0,600,1,,1
4693,111,0,850,1,,1
4693,61,310,750,1,,1
4694,104,0,1150,1,,1
4695,67,284.12,1250,1,,1
4696,113,0,750,1,,1
4697,159,0,700,1,,1
4697,159,0,700,1,,1
4697,52,0,650,1,,1
4698,104,0,1150,1,,1
4699,104,0,0,1,,1
4699,104,0,0,1,,1
4699,104,0,0,1,,1
4700,163,0,700,1,,1
4701,111,0,850,1,,1
4702,142,0,600,1,,1
4703,55,0,1250,1,,1
4703,181,410,600,1,,1
4703,181,410,600,1,,1
4704,142,0,600,1,,1
4704,116,0,600,1,,1
4705,119,0,1300,1,,1
4706,159,0,700,1,,1
4706,142,0,600,1,,1
4707,142,0,600,1,,1
4708,104,0,0,1,,1
4708,104,0,0,1,,1
4708,113,0,0,1,,1
4708,113,0,0,1,,1
4708,113,0,0,1,,1
4708,113,0,0,1,,1
4709,55,0,1250,1,,1
4709,55,0,1250,1,,1
4709,176,0,600,1,,1
4710,113,0,750,1,,1
4710,163,0,700,1,,1
4710,52,0,650,1,,1
4711,61,310,750,1,,1
4712,146,250,700,1,,1
4713,142,0,600,1,,1
4714,113,0,750,1,,1
4715,116,0,600,1,,1
4715,160,0,950,1,,1
4715,163,0,700,1,,1
4716,142,0,600,1,,1
4716,158,0,750,1,,1
4716,116,0,600,1,,1
4717,112,0,600,1,,1
4717,158,0,750,1,,1
4718,113,0,750,1,,1
4719,104,0,1150,1,,1
4719,3,150,600,1,,1
4720,116,0,0,1,,1
4720,116,0,0,1,,1
4720,139,0,0,1,,1
4720,139,0,0,1,,1
4720,116,0,0,1,,1
4721,159,0,700,1,,1
4723,113,0,0,1,,1
4723,113,0,0,1,,1
4723,113,0,0,1,,1
4723,113,0,0,1,,1
4723,113,0,0,1,,1
4723,113,0,0,1,,1
4723,104,0,0,1,,1
4724,104,0,1150,1,,1
4725,179,0,600,1,,1
4726,160,0,950,1,,1
4726,160,0,950,1,,1
4726,160,0,950,1,,1
4726,107,15,50,1,,1
4727,61,310,750,1,,1
4728,95,164,600,1,,1
4730,142,0,600,1,,1
4730,61,310,750,1,,1
4730,107,15,50,1,,1
4730,104,0,1150,1,,1
4731,142,0,600,1,,1
4732,53,0,1000,1,,1
4732,104,0,1150,1,,1
4733,104,0,1150,1,,1
4734,55,0,1250,1,,1
4734,129,0,600,1,,1
4735,104,0,1150,1,,1
4735,176,0,600,1,,1
4736,176,0,600,1,,1
4737,104,0,1150,1,,1
4737,61,310,750,1,,1
4737,61,310,750,1,,1
4738,129,0,600,1,,1
4739,104,0,0,1,,1
4739,104,0,0,1,,1
4739,104,0,0,1,,1
4739,104,0,0,1,,1
4739,113,0,0,1,,1
4740,104,0,1150,1,,1
4741,94,117,600,1,,1
4742,159,0,700,1,,1
4743,116,0,600,1,,1
4743,76,20.75,50,1,,1
4744,131,0,600,1,,1
4744,111,0,850,1,,1
4745,55,0,1250,1,,1
4746,160,0,950,1,,1
4746,160,0,950,1,,1
4746,176,0,600,1,,1
4747,176,0,600,1,,1
4748,104,0,1150,1,,1
4749,116,0,600,1,,1
4749,142,0,600,1,,1
4750,180,0,750,1,,1
4750,180,0,750,1,,1
4750,180,0,750,1,,1
4750,180,0,750,1,,1
4750,180,0,750,1,,1
4750,119,0,1300,1,,1
4750,119,0,1300,1,,1
4750,116,0,600,1,,1
4751,119,0,1300,1,,1
4751,48,0,600,1,,1
4752,104,0,0,1,,1
4752,113,0,0,1,,1
4752,113,0,0,1,,1
4752,113,0,0,1,,1
4753,158,0,750,1,,1
4753,160,0,950,1,,1
4753,182,0,600,1,,1
4754,159,0,700,1,,1
4755,111,0,850,1,,1
4755,52,0,650,1,,1
4756,182,0,600,1,,1
4756,111,0,850,1,,1
4756,111,0,850,1,,1
4757,65,164,950,1,,1
4758,104,0,1150,1,,1
4759,113,0,750,1,,1
4759,142,0,600,1,,1
4760,158,0,750,1,,1
4760,160,0,950,1,,1
4760,98,190,750,1,,1
4760,113,0,750,1,,1
4761,104,0,0,1,,1
4761,104,0,0,1,,1
4761,104,0,0,1,,1
4761,104,0,0,1,,1
4762,48,0,600,1,,1
4763,159,0,700,1,,1
4764,159,0,700,1,,1
4765,159,0,700,1,,1
4766,113,0,750,1,,1
4766,142,0,600,1,,1
4767,131,0,600,1,,1
4768,182,0,600,1,,1
4768,182,0,600,1,,1
4768,142,0,600,1,,1
4769,131,0,600,1,,1
4769,111,0,850,1,,1
4770,142,0,600,1,,1
4771,113,0,0,1,,1
4771,113,0,0,1,,1
4771,113,0,0,1,,1
4771,113,0,0,1,,1
4771,113,0,0,1,,1
4771,113,0,0,1,,1
4771,113,0,0,1,,1
4771,113,0,0,1,,1
4771,113,0,0,1,,1
4771,113,0,0,1,,1
4771,113,0,0,1,,1
4772,55,0,1250,1,,1
4772,53,0,1000,1,,1
4773,111,0,850,1,,1
4773,159,0,700,1,,1
4773,160,0,950,1,,1
4774,104,0,1150,1,,1
4774,104,0,1150,1,,1
4775,111,0,850,1,,1
4776,182,0,600,1,,1
4776,182,0,600,1,,1
4776,182,0,600,1,,1
4776,182,0,600,1,,1
4776,182,0,600,1,,1
4777,55,0,1250,1,,1
4777,55,0,1250,1,,1
4777,176,0,600,1,,1
4777,179,0,600,1,,1
4778,111,0,850,1,,1
4778,52,0,650,1,,1
4778,119,0,1300,1,,1
4779,55,0,1250,1,,1
4779,55,0,1250,1,,1
4779,111,0,850,1,,1
4779,179,0,600,1,,1
4780,104,0,1150,1,,1
4780,55,0,1250,1,,1
4782,116,0,600,1,,1
4782,110,162.2,600,1,,1
4783,104,0,0,1,,1
4783,104,0,0,1,,1
4783,113,0,0,1,,1
4783,113,0,0,1,,1
4784,1,200,0,1,,1
4784,116,0,0,1,,1
4784,116,0,0,1,,1
4785,116,0,600,1,,1
4785,48,0,600,1,,1
4786,182,0,600,1,,1
4787,73,260,700,1,,1
4788,119,0,1300,1,,1
4789,159,0,700,1,,1
4790,160,0,950,1,,1
4791,142,0,600,1,,1
4792,159,0,700,1,,1
4792,104,0,1150,1,,1
4793,104,0,1150,1,,1
4794,111,0,850,1,,1
4795,111,0,850,1,,1
4795,142,0,600,1,,1
4795,131,0,600,1,,1
4796,113,0,750,1,,1
4796,113,0,750,1,,1
4796,142,0,600,1,,1
4797,111,0,850,1,,1
4798,104,0,0,1,,1
4798,104,0,0,1,,1
4798,104,0,0,1,,1
4798,104,0,0,1,,1
4799,55,0,1250,1,,1
4799,111,0,850,1,,1
4800,95,164,600,1,,1
4800,62,310,750,1,,1
4801,104,0,1150,1,,1
4801,163,0,700,1,,1
4802,55,0,1250,1,,1
4802,173,0,1250,1,,1
4802,62,310,750,1,,1
4802,62,310,750,1,,1
4802,104,0,1150,1,,1
4802,107,15,50,1,,1
4802,107,15,50,1,,1
4803,48,0,600,1,,1
4803,62,310,750,1,,1
4804,179,0,600,1,,1
4804,55,0,1250,1,,1
4805,111,0,850,1,,1
4805,111,0,850,1,,1
4807,52,0,650,1,,1
4807,104,0,1150,1,,1
4808,111,0,850,1,,1
4808,111,0,850,1,,1
4809,104,0,1150,1,,1
4809,111,0,850,1,,1
4810,3,150,600,1,,1
4811,142,0,600,1,,1
4812,3,150,600,1,,1
4813,104,0,0,1,,1
4813,104,0,0,1,,1
4813,104,0,0,1,,1
4813,104,0,0,1,,1
4814,179,0,600,1,,1
4815,158,0,750,1,,1
4815,3,150,600,1,,1
4816,146,250,700,1,,1
4817,159,0,700,1,,1
4818,52,0,650,1,,1
4818,179,0,600,1,,1
4819,3,150,600,1,,1
4820,173,0,1250,1,,1
4821,159,0,700,1,,1
4822,3,150,600,1,,1
4823,159,0,700,1,,1
4824,55,0,1250,1,,1
4825,131,0,600,1,,1
4825,98,190,750,1,,1
4826,104,0,0,1,,1
4826,113,0,0,1,,1
4826,113,0,0,1,,1
4826,113,0,0,1,,1
4826,113,0,0,1,,1
4826,104,0,0,1,,1
4826,146,250,0,1,,1
4827,3,150,600,1,,1
4828,55,0,1250,1,,1
4828,176,0,600,1,,1
4829,52,0,650,1,,1
4830,62,310,750,1,,1
4831,111,0,850,1,,1
4832,3,150,600,1,,1
4833,147,0,0,1,,1
4833,147,0,0,1,,1
4833,147,0,0,1,,1
4833,147,0,0,1,,1
4834,48,0,600,1,,1
4835,159,0,700,1,,1
4835,116,0,600,1,,1
4836,111,0,850,1,,1
4837,116,0,600,1,,1
4837,62,310,750,1,,1
4838,111,0,850,1,,1
4839,113,0,750,1,,1
4840,116,0,0,1,,1
4840,116,0,0,1,,1
4840,139,0,0,1,,1
4840,139,0,0,1,,1
4841,65,164,950,1,,1
4841,113,0,750,1,,1
4842,111,0,850,1,,1
4842,163,0,700,1,,1
4843,113,0,750,1,,1
4843,113,0,750,1,,1
4844,147,0,1150,1,,1
4844,55,0,1250,1,,1
4845,53,0,1000,1,,1
4845,5,182,700,1,,1
4846,147,0,0,1,,1
4846,147,0,0,1,,1
4846,70,250,0,1,,1
4846,160,0,0,1,,1
4846,160,0,0,1,,1
4847,158,0,750,1,,1
4847,163,0,700,1,,1
4847,179,0,600,1,,1
4848,62,310,0,1,,1
4848,3,150,0,1,,1
4848,107,15,0,1,,1
4849,147,0,0,1,,1
4849,113,0,0,1,,1
4849,113,0,0,1,,1
4849,113,0,0,1,,1
4849,113,0,0,1,,1
4849,113,0,0,1,,1
4849,113,0,0,1,,1
4849,147,0,0,1,,1
4850,3,150,600,1,,1
4851,3,150,600,1,,1
4852,116,0,600,1,,1
4853,159,0,700,1,,1
4854,1,200,650,1,,1
4854,55,0,1250,1,,1
4855,55,0,1250,1,,1
4855,179,0,600,1,,1
4856,94,117,600,1,,1
4857,147,0,1150,1,,1
4857,147,0,1150,1,,1
4857,147,0,1150,1,,1
4857,113,0,750,1,,1
4858,119,0,1300,1,,1
4859,131,0,600,1,,1
4859,55,0,1250,1,,1
4860,173,0,1250,1,,1
4860,179,0,600,1,,1
4861,119,0,1300,1,,1
4862,3,150,600,1,,1
4863,3,150,600,1,,1
4864,48,0,600,1,,1
4864,173,0,1250,1,,1
4865,55,0,1250,1,,1
4865,147,0,1150,1,,1
4865,157,0,600,1,,1
4865,111,0,850,1,,1
4866,131,0,600,1,,1
4867,147,0,0,1,,1
4868,131,0,600,1,,1
4868,158,0,750,1,,1
4869,3,150,600,1,,1
4870,111,0,850,1,,1
4870,163,0,700,1,,1
4871,147,0,1150,1,,1
4872,147,0,0,1,,1
4872,147,0,0,1,,1
4872,147,0,0,1,,1
4873,176,0,600,1,,1
4874,5,182,700,1,,1
4875,1,200,650,1,,1
4876,3,150,600,1,,1
4877,113,0,750,1,,1
4877,113,0,750,1,,1
4877,160,0,950,1,,1
4877,160,0,950,1,,1
4878,164,215,600,1,,1
4879,160,0,950,1,,1
4879,176,0,600,1,,1
4880,147,0,1150,1,,1
4881,65,164,950,1,,1
4881,147,0,1150,1,,1
4881,157,0,600,1,,1
4881,157,0,600,1,,1
4882,147,0,1150,1,,1
4882,158,0,750,1,,1
4883,147,0,1150,1,,1
4884,116,0,600,1,,1
4884,113,0,750,1,,1
4885,116,0,0,1,,1
4885,116,0,0,1,,1
4885,113,0,0,1,,1
4885,147,0,0,1,,1
4886,161,0,600,1,,1
4887,116,0,600,1,,1
4887,62,310,750,1,,1
4887,62,310,750,1,,1
4887,165,0,600,1,,1
4887,130,0,600,1,,1
4887,119,0,1300,1,,1
4887,5,182,700,1,,1
4888,55,0,1250,1,,1
4888,73,260,700,1,,1
4888,159,0,700,1,,1
4889,165,0,600,1,,1
4889,142,0,600,1,,1
4890,159,0,700,1,,1
4890,163,0,700,1,,1
4891,165,0,600,1,,1
4891,163,0,700,1,,1
4892,142,0,600,1,,1
4893,157,0,600,1,,1
4893,48,0,600,1,,1
4894,180,0,750,1,,1
4895,157,0,600,1,,1
4895,60,280,1000,1,,1
4896,147,0,1150,1,,1
4897,55,0,1250,1,,1
4897,147,0,1150,1,,1
4897,10,0,650,1,,1
4898,119,0,1300,1,,1
4899,173,0,1250,1,,1
4900,159,0,700,1,,1
4901,147,0,0,1,,1
4901,147,0,0,1,,1
4901,147,0,0,1,,1
4901,147,0,0,1,,1
4902,159,0,700,1,,1
4903,111,0,850,1,,1
4903,157,0,600,1,,1
4904,146,250,0,1,,1
4904,111,0,0,1,,1
4905,10,0,0,1,,1
4905,10,0,0,1,,1
4905,10,0,0,1,,1
4905,116,0,0,1,,1
4905,116,0,0,1,,1
4906,55,0,1250,1,,1
4906,182,0,600,1,,1
4907,157,0,600,1,,1
4907,119,0,1300,1,,1
4908,182,0,600,1,,1
4908,182,0,600,1,,1
4909,3,150,600,1,,1
4909,147,0,1150,1,,1
4910,53,0,1000,1,,1
4910,111,0,850,1,,1
4911,116,0,600,1,,1
4911,3,150,600,1,,1
4912,147,0,1150,1,,1
4913,1,200,650,1,,1
4913,55,0,1250,1,,1
4914,165,0,600,1,,1
4914,116,0,600,1,,1
4914,163,0,700,1,,1
4915,147,0,0,1,,1
4915,147,0,0,1,,1
4915,147,0,0,1,,1
4915,116,0,0,1,,1
4915,113,0,0,1,,1
4915,113,0,0,1,,1
4916,157,0,600,1,,1
4916,3,150,600,1,,1
4916,61,310,750,1,,1
4917,55,0,1250,1,,1
4917,111,0,850,1,,1
4918,113,0,750,1,,1
4918,147,0,1150,1,,1
4918,147,0,1150,1,,1
4919,111,0,850,1,,1
4919,116,0,600,1,,1
4919,163,0,700,1,,1
4920,182,0,600,1,,1
4921,147,0,1150,1,,1
4921,76,20.75,50,1,,1
4921,98,190,750,1,,1
4922,147,0,1150,1,,1
4922,147,0,1150,1,,1
4922,138,0,600,1,,1
4922,176,0,600,1,,1
4922,55,0,1250,1,,1
4923,55,0,1250,1,,1
4924,53,0,1000,1,,1
4924,1,200,650,1,,1
4925,159,0,700,1,,1
4925,159,0,700,1,,1
4925,159,0,700,1,,1
4925,163,0,700,1,,1
4925,107,15,50,1,,1
4926,182,0,600,1,,1
4926,111,0,850,1,,1
4927,111,0,850,1,,1
4928,55,0,1250,1,,1
4928,182,0,600,1,,1
4928,182,0,600,1,,1
4928,147,0,1150,1,,1
4929,147,0,0,1,,1
4929,113,0,0,1,,1
4929,113,0,0,1,,1
4929,113,0,0,1,,1
4930,3,150,600,1,,1
4931,147,0,1150,1,,1
4931,119,0,1300,1,,1
4931,173,0,1250,1,,1
4931,107,15,50,1,,1
4931,1,200,650,1,,1
4932,62,310,750,1,,1
4933,147,0,1150,1,,1
4934,176,0,600,1,,1
4935,138,0,600,1,,1
4936,160,0,950,1,,1
4936,160,0,950,1,,1
4936,147,0,1150,1,,1
4936,111,0,850,1,,1
4936,158,0,750,1,,1
4936,158,0,750,1,,1
4937,163,0,700,1,,1
4938,182,0,600,1,,1
4939,147,0,1150,1,,1
4940,163,0,700,1,,1
4941,53,0,1000,1,,1
4941,73,260,700,1,,1
4942,48,0,600,1,,1
4942,182,0,600,1,,1
4943,182,0,600,1,,1
4944,147,0,0,1,,1
4944,55,0,0,1,,1
4945,182,0,600,1,,1
4946,180,0,0,1,,1
4946,180,0,0,1,,1
4946,182,0,0,1,,1
4946,158,0,0,1,,1
4946,158,0,0,1,,1
4946,160,0,0,1,,1
4946,160,0,0,1,,1
4947,116,0,600,1,,1
4947,16,100,600,1,,1
4948,113,0,0,1,,1
4948,113,0,0,1,,1
4948,113,0,0,1,,1
4948,113,0,0,1,,1
4948,113,0,0,1,,1
4948,113,0,0,1,,1
4949,163,0,700,1,,1
4950,116,0,600,1,,1
4950,116,0,600,1,,1
4951,147,0,1150,1,,1
4951,147,0,1150,1,,1
4951,16,100,600,1,,1
4952,55,0,1250,1,,1
4952,62,310,750,1,,1
4952,73,260,700,1,,1
4953,158,0,750,1,,1
4953,116,0,600,1,,1
4954,113,0,750,1,,1
4954,179,0,600,1,,1
4955,182,0,600,1,,1
4955,182,0,600,1,,1
4956,3,150,600,1,,1
4957,3,150,600,1,,1
4958,116,0,0,1,,1
4958,116,0,0,1,,1
4958,1,200,0,1,,1
4959,176,0,600,1,,1
4960,131,0,600,1,,1
4961,111,0,850,1,,1
4962,113,0,0,1,,1
4962,147,0,0,1,,1
4962,147,0,0,1,,1
4962,147,0,0,1,,1
4962,147,0,0,1,,1
4962,113,0,0,1,,1
4963,55,0,1250,1,,1
4964,163,0,700,1,,1
4964,163,0,700,1,,1
4965,3,150,0,1,,1
4965,111,0,0,1,,1
4967,159,0,700,1,,1
4968,55,0,1250,1,,1
4968,111,0,850,1,,1
4969,62,310,750,1,,1
4969,65,164,950,1,,1
4970,147,0,1150,1,,1
4970,147,0,1150,1,,1
4971,147,0,1150,1,,1
4972,116,0,600,1,,1
4972,163,0,700,1,,1
4972,163,0,700,1,,1
4972,163,0,700,1,,1
4972,159,0,700,1,,1
4972,159,0,700,1,,1
4972,159,0,700,1,,1
4972,107,15,50,1,,1
4972,107,15,50,1,,1
4973,147,0,1150,1,,1
4973,147,0,1150,1,,1
4974,111,0,850,1,,1
4975,111,0,850,1,,1
4975,111,0,850,1,,1
4975,55,0,1250,1,,1
4975,55,0,1250,1,,1
4975,160,0,950,1,,1
4975,3,150,600,1,,1
4976,147,0,1150,1,,1
4977,98,190,750,1,,1
4977,98,190,750,1,,1
4977,116,0,600,1,,1
4978,3,150,600,1,,1
4978,119,0,1300,1,,1
4979,55,0,1250,1,,1
4979,179,0,600,1,,1
4979,182,0,600,1,,1
4980,147,0,1150,1,,1
4981,182,0,600,1,,1
4982,111,0,850,1,,1
4983,53,0,1000,1,,1
4984,147,0,0,1,,1
4984,147,0,0,1,,1
4984,147,0,0,1,,1
4984,147,0,0,1,,1
4984,113,0,0,1,,1
4984,113,0,0,1,,1
4984,113,0,0,1,,1
4984,113,0,0,1,,1
4985,94,117,600,1,,1
4986,179,0,600,1,,1
4986,119,0,1300,1,,1
4987,138,0,600,1,,1
4987,179,0,600,1,,1
4988,111,0,850,1,,1
4988,16,100,600,1,,1
4989,53,0,1000,1,,1
4989,179,0,600,1,,1
4990,55,0,1250,1,,1
4990,176,0,600,1,,1
4992,16,100,600,1,,1
4992,163,0,700,1,,1
4993,62,310,750,1,,1
4993,158,0,750,1,,1
4993,111,0,850,1,,1
4994,111,0,850,1,,1
4995,147,0,1150,1,,1
4995,160,0,950,1,,1
4996,147,0,0,1,,1
4996,147,0,0,1,,1
4996,147,0,0,1,,1
4996,113,0,0,1,,1
4996,113,0,0,1,,1
4997,163,0,0,1,,1
4997,113,0,0,1,,1
4997,111,0,0,1,,1
4998,159,0,700,1,,1
4998,138,0,600,1,,1
4998,146,250,700,1,,1
4999,135,0,500,1,,1
5000,147,0,1150,1,,1
5000,76,20.75,50,1,,1
5001,179,0,600,1,,1
5002,147,0,0,1,,1
5003,147,0,1150,1,,1
5003,76,20.75,50,1,,1
5004,116,0,600,1,,1
5004,138,0,600,1,,1
5005,139,0,0,1,,1
5005,111,0,0,1,,1
5006,62,310,750,1,,1
5006,131,0,600,1,,1
5007,116,0,600,1,,1
5008,53,0,1000,1,,1
5009,147,0,1150,1,,1
5010,179,0,600,1,,1
5011,3,150,600,1,,1
5012,61,310,750,1,,1
5013,147,0,0,1,,1
5013,147,0,0,1,,1
5013,147,0,0,1,,1
5013,147,0,0,1,,1
5014,111,0,850,1,,1
5014,165,0,600,1,,1
5014,165,0,600,1,,1
5014,165,0,600,1,,1
5014,165,0,600,1,,1
5014,107,15,50,1,,1
5015,163,0,700,1,,1
5016,111,0,850,1,,1
5017,3,150,600,1,,1
5017,157,0,600,1,,1
5017,158,0,750,1,,1
5018,138,0,600,1,,1
5018,119,0,1300,1,,1
5018,179,0,600,1,,1
5018,179,0,600,1,,1
5018,179,0,600,1,,1
5019,147,0,1150,1,,1
5019,147,0,1150,1,,1
5020,180,0,750,1,,1
5021,3,150,600,1,,1
5021,159,0,700,1,,1
5021,159,0,700,1,,1
5022,3,150,600,1,,1
5023,3,150,600,1,,1
5024,182,0,600,1,,1
5024,182,0,600,1,,1
5024,182,0,600,1,,1
5024,182,0,600,1,,1
5024,182,0,600,1,,1
5024,182,0,600,1,,1
5024,182,0,600,1,,1
5024,182,0,600,1,,1
5024,182,0,600,1,,1
5024,182,0,600,1,,1
5025,111,0,850,1,,1
5025,3,150,600,1,,1
5026,147,0,1150,1,,1
5026,165,0,600,1,,1
5026,113,0,750,1,,1
5026,116,0,600,1,,1
5027,61,310,750,1,,1
5028,113,0,750,1,,1
5028,113,0,750,1,,1
5029,116,0,600,1,,1
5030,147,0,1150,1,,1
5031,147,0,0,1,,1
5031,139,0,0,1,,1
5031,139,0,0,1,,1
5031,139,0,0,1,,1
5031,163,0,0,1,,1
5031,163,0,0,1,,1
5031,110,162.2,0,1,,1
5031,55,0,0,1,,1
5031,55,0,0,1,,1
5031,111,0,0,1,,1
5031,113,0,0,1,,1
5031,182,0,0,1,,1
5031,182,0,0,1,,1
5031,3,150,0,1,,1
5031,147,0,0,1,,1
5031,147,0,0,1,,1
5031,147,0,0,1,,1
5031,113,0,0,1,,1
5032,182,0,600,1,,1
5033,111,0,850,1,,1
5033,55,0,1250,1,,1
5034,113,0,0,1,,1
5034,113,0,0,1,,1
5034,113,0,0,1,,1
5034,113,0,0,1,,1
5034,113,0,0,1,,1
5034,113,0,0,1,,1
5034,113,0,0,1,,1
5034,113,0,0,1,,1
5034,55,0,0,1,,1
5034,179,0,0,1,,1
5035,182,0,600,1,,1
5035,182,0,600,1,,1
5036,131,0,600,1,,1
5036,55,0,1250,1,,1
5036,111,0,850,1,,1
5037,3,150,600,1,,1
5037,111,0,850,1,,1
5038,3,150,600,1,,1
5038,116,0,600,1,,1
5038,147,0,1150,1,,1
5039,147,0,1150,1,,1
5040,180,0,750,1,,1
5040,180,0,750,1,,1
5040,180,0,750,1,,1
5041,147,0,1150,1,,1
5041,147,0,1150,1,,1
5041,3,150,600,1,,1
5042,147,0,1150,1,,1
5043,182,0,600,1,,1
5044,179,0,600,1,,1
5044,119,0,1300,1,,1
5045,119,0,1300,1,,1
5046,111,0,850,1,,1
5047,157,0,600,1,,1
5047,158,0,750,1,,1
5048,158,0,750,1,,1
5048,180,0,750,1,,1
5049,135,0,500,1,,1
5049,149,0,500,1,,1
5049,3,0,600,1,,1
5050,3,150,600,1,,1
5051,53,0,1000,1,,1
5052,55,0,0,1,,1
5052,157,0,0,1,,1
5053,55,0,1250,1,,1
5054,147,0,0,1,,1
5054,147,0,0,1,,1
5054,147,0,0,1,,1
5055,159,0,700,1,,1
5056,176,0,600,1,,1
5057,113,0,750,1,,1
5057,113,0,750,1,,1
5057,116,0,600,1,,1
5057,147,0,1150,1,,1
5057,147,0,1150,1,,1
5057,111,0,850,1,,1
5057,55,0,1250,1,,1
5057,3,0,600,1,,1
5058,138,0,600,1,,1
5058,52,0,650,1,,1
5059,55,0,1250,1,,1
5060,55,0,1250,1,,1
5061,147,0,1150,1,,1
5062,147,0,1150,1,,1
5063,180,0,750,1,,1
5063,180,0,750,1,,1
5063,147,0,1150,1,,1
5064,55,0,1250,1,,1
5065,113,0,750,1,,1
5065,61,310,750,1,,1
5065,61,310,750,1,,1
5065,73,260,700,1,,1
5065,107,15,50,1,,1
5065,107,15,50,1,,1
5065,107,15,50,1,,1
5065,73,260,700,1,,1
5065,73,260,700,1,,1
5065,159,0,700,1,,1
5065,159,0,700,1,,1
5066,173,0,1250,1,,1
5067,113,0,750,1,,1
5067,149,0,500,1,,1
5067,149,0,500,1,,1
5067,113,0,750,1,,1
5068,3,0,600,1,,1
5069,111,0,0,1,,1
5069,1,200,0,1,,1
5069,116,0,0,1,,1
5070,119,0,1300,1,,1
5070,179,0,600,1,,1
5071,179,0,600,1,,1
5072,147,0,0,1,,1
5072,147,0,0,1,,1
5072,147,0,0,1,,1
5072,147,0,0,1,,1
5073,111,0,850,1,,1
5074,52,0,650,1,,1
5074,165,0,650,1,,1
5074,113,0,750,1,,1
5074,85,315.4,700,1,,1
5074,176,0,600,1,,1
5074,176,0,600,1,,1
5075,113,0,750,1,,1
5077,131,0,600,1,,1
5077,158,0,750,1,,1
5078,159,0,700,1,,1
5079,147,0,1150,1,,1
5079,95,164,600,1,,1
5080,131,0,600,1,,1
5080,55,0,1250,1,,1
5081,73,260,700,1,,1
5081,73,260,700,1,,1
5081,1,200,650,1,,1
5081,186,0,750,1,,1
5081,159,0,700,1,,1
5081,159,0,700,1,,1
5081,73,260,700,1,,1
5082,50,150,500,1,,1
5082,119,0,1300,1,,1
5082,147,0,1150,1,,1
5082,116,0,600,1,,1
5083,186,0,750,1,,1
5083,186,0,750,1,,1
5083,85,315.4,700,1,,1
5083,85,315.4,700,1,,1
5083,107,15,50,1,,1
5084,147,0,1150,1,,1
5086,147,0,1150,1,,1
5087,116,0,600,1,,1
5088,85,315.4,700,1,,1
5088,85,315.4,700,1,,1
5088,85,315.4,700,1,,1
5088,61,310,750,1,,1
5088,16,100,600,1,,1
5089,147,0,1150,1,,1
5089,116,0,600,1,,1
5090,55,0,1250,1,,1
5090,55,0,1250,1,,1
5090,55,0,1250,1,,1
5090,129,0,600,1,,1
5090,147,0,1150,1,,1
5090,147,0,1150,1,,1
5091,119,0,1300,1,,1
5091,85,315.4,700,1,,1
5092,139,0,0,1,,1
5092,139,0,0,1,,1
5092,139,0,0,1,,1
5092,61,310,0,1,,1
5092,61,310,0,1,,1
5092,61,310,0,1,,1
5092,107,15,0,1,,1
5092,157,0,0,1,,1
5092,153,0,0,1,,1
5092,182,0,0,1,,1
5093,147,0,0,1,,1
5093,147,0,0,1,,1
5093,147,0,0,1,,1
5094,1,200,650,1,,1
5095,111,0,850,1,,1
5096,113,0,750,1,,1
5097,111,0,850,1,,1
5098,113,0,750,1,,1
5098,165,0,650,1,,1
5098,125,0,500,1,,1
5098,50,150,500,1,,1
5098,113,0,750,1,,1
5099,119,0,1300,1,,1
5099,95,164,600,1,,1
5100,116,0,600,1,,1
5100,116,0,600,1,,1
5101,182,0,600,1,,1
5102,182,0,600,1,,1
5102,182,0,600,1,,1
5102,147,0,1150,1,,1
5102,94,117,600,1,,1
5102,95,164,600,1,,1
5103,182,0,600,1,,1
5104,182,0,600,1,,1
5105,182,0,600,1,,1
5105,182,0,600,1,,1
5105,142,0,600,1,,1
5106,147,0,1150,1,,1
5107,147,0,1150,1,,1
5108,113,0,750,1,,1
5109,157,0,600,1,,1
5110,48,0,600,1,,1
5111,186,0,750,1,,1
5112,113,0,0,1,,1
5112,113,0,0,1,,1
5112,3,0,0,1,,1
5112,111,0,0,1,,1
5112,147,0,0,1,,1
5112,147,0,0,1,,1
5112,147,0,0,1,,1
5112,147,0,0,1,,1
5113,85,315.4,700,1,,1
5113,85,315.4,700,1,,1
5114,3,0,600,1,,1
5115,3,0,600,1,,1
5116,147,0,1150,1,,1
5116,113,0,750,1,,1
5116,73,260,700,1,,1
5117,111,0,850,1,,1
5118,176,0,600,1,,1
5118,176,0,600,1,,1
5119,85,315.4,700,1,,1
5120,53,0,1000,1,,1
5120,1,200,650,1,,1
5120,186,0,750,1,,1
5120,113,0,750,1,,1
5121,95,164,600,1,,1
5122,176,0,600,1,,1
5122,113,0,750,1,,1
5123,116,0,600,1,,1
5124,3,0,600,1,,1
5125,165,0,650,1,,1
5125,147,0,1150,1,,1
5126,186,0,750,1,,1
5126,1,200,650,1,,1
5127,113,0,750,1,,1
5130,62,310,750,1,,1
5130,176,0,600,1,,1
5131,147,0,1150,1,,1
5132,147,0,1150,1,,1
5132,147,0,1150,1,,1
5133,176,0,600,1,,1
5133,158,0,750,1,,1
5134,55,0,1250,1,,1
5134,147,0,1150,1,,1
5134,107,15,50,1,,1
5135,111,0,850,1,,1
5136,131,0,600,1,,1
5137,61,310,750,1,,1
5137,131,0,600,1,,1
5137,149,0,500,1,,1
5138,176,0,600,1,,1
5138,111,0,850,1,,1
5139,147,0,0,1,,1
5139,116,0,0,1,,1
5139,113,0,0,1,,1
5139,113,0,0,1,,1
5139,113,0,0,1,,1
5140,1,200,0,1,,1
5140,1,200,0,1,,1
5141,95,164,600,1,,1
5142,3,0,600,1,,1
5143,85,315.4,700,1,,1
5144,48,0,600,1,,1
5144,48,0,600,1,,1
5145,159,0,700,1,,1
5145,147,0,1150,1,,1
5146,157,0,600,1,,1
5147,135,0,500,1,,1
5148,111,0,850,1,,1
5149,95,164,600,1,,1
5150,180,0,750,1,,1
5150,180,0,750,1,,1
5150,180,0,750,1,,1
5150,180,0,750,1,,1
5151,147,0,1150,1,,1
5152,147,0,1150,1,,1
5152,3,0,600,1,,1
5153,131,0,600,1,,1
5154,147,0,0,1,,1
5154,147,0,0,1,,1
5154,147,0,0,1,,1
5154,147,0,0,1,,1
5155,113,0,0,1,,1
5155,180,0,0,1,,1
5156,85,315.4,700,1,,1
5157,107,15,50,1,,1
5158,55,0,1250,1,,1
5159,85,315.4,700,1,,1
5160,176,0,0,1,,1
5160,182,0,0,1,,1
5160,64,212,0,1,,1
5160,113,0,0,1,,1
5160,113,0,0,1,,1
5160,113,0,0,1,,1
5160,113,0,0,1,,1
5161,173,0,1250,1,,1
5161,3,0,600,1,,1
5161,180,0,750,1,,1
5162,64,212,1150,1,,1
5163,158,0,750,1,,1
5163,158,0,750,1,,1
5163,163,0,700,1,,1
5163,85,315.4,700,1,,1
5163,85,315.4,700,1,,1
5163,85,315.4,700,1,,1
5163,111,0,850,1,,1
5163,64,212,1150,1,,1
5163,55,0,1250,1,,1
5163,182,0,600,1,,1
5163,3,0,600,1,,1
5163,107,15,50,1,,1
5164,1,200,0,1,,1
5164,1,200,0,1,,1
5165,55,0,1250,1,,1
5165,95,164,600,1,,1
5165,186,0,750,1,,1
5165,186,0,750,1,,1
5165,163,0,700,1,,1
5165,163,0,700,1,,1
5165,107,15,50,1,,1
5165,107,15,50,1,,1
5166,173,0,1250,1,,1
5166,3,0,600,1,,1
5167,186,0,750,1,,1
5167,186,0,750,1,,1
5167,85,315.4,700,1,,1
5167,85,315.4,700,1,,1
5167,85,315.4,700,1,,1
5167,149,0,500,1,,1
5167,149,0,500,1,,1
5167,135,0,500,1,,1
5167,135,0,500,1,,1
5167,107,15,50,1,,1
5168,64,212,1150,1,,1
5169,182,0,600,1,,1
5170,95,164,600,1,,1
5171,186,0,750,1,,1
5171,85,315.4,700,1,,1
5171,119,0,1300,1,,1
5172,186,0,750,1,,1
5172,111,0,850,1,,1
5173,53,0,1000,1,,1
5174,182,0,0,1,,1
5174,113,0,0,1,,1
5174,113,0,0,1,,1
5174,64,212,0,1,,1
5174,64,212,0,1,,1
5174,113,0,0,1,,1
5174,64,212,0,1,,1
5174,113,0,0,1,,1
5175,1,200,650,1,,1
5176,116,0,600,1,,1
5178,111,0,850,1,,1
5179,116,0,600,1,,1
5179,3,0,600,1,,1
5179,111,0,850,1,,1
5180,3,0,600,1,,1
5180,113,0,750,1,,1
5180,113,0,750,1,,1
5181,85,315.4,700,1,,1
5182,64,212,1150,1,,1
5182,113,0,750,1,,1
5182,182,0,600,1,,1
5182,182,0,600,1,,1
5183,64,212,1150,1,,1
5183,64,212,1150,1,,1
5183,173,0,1250,1,,1
5183,173,0,1250,1,,1
5184,158,0,750,1,,1
5184,165,0,650,1,,1
5184,116,0,600,1,,1
5185,85,315.4,700,1,,1
5185,116,0,600,1,,1
5185,112,0,600,1,,1
5185,186,0,750,1,,1
5186,64,212,1150,1,,1
5187,111,0,0,1,,1
5187,182,0,0,1,,1
5187,182,0,0,1,,1
5188,119,0,1300,1,,1
5188,186,0,750,1,,1
5188,146,250,700,1,,1
5189,55,0,1250,1,,1
5189,112,0,600,1,,1
5190,111,0,850,1,,1
5191,186,0,750,1,,1
5191,111,0,850,1,,1
5192,186,0,750,1,,1
5193,73,260,0,1,,1
5193,180,0,0,1,,1
5193,180,0,0,1,,1
5193,180,0,0,1,,1
5193,180,0,0,1,,1
5193,180,0,0,1,,1
5193,180,0,0,1,,1
5193,180,0,0,1,,1
5193,180,0,0,1,,1
5193,153,0,0,1,,1
5193,153,0,0,1,,1
5193,153,0,0,1,,1
5193,153,0,0,1,,1
5193,153,0,0,1,,1
5193,153,0,0,1,,1
5193,113,0,0,1,,1
5193,113,0,0,1,,1
5193,182,0,0,1,,1
5193,64,212,0,1,,1
5193,64,212,0,1,,1
5194,186,0,750,1,,1
5194,149,0,500,1,,1
5195,3,0,600,1,,1
5195,113,0,750,1,,1
5195,113,0,750,1,,1
5195,182,0,600,1,,1
5196,1,200,650,1,,1
5197,85,315.4,700,1,,1
5198,113,0,750,1,,1
5198,3,0,600,1,,1
5199,60,0,1000,1,,1
5200,113,0,750,1,,1
5200,113,0,750,1,,1
5200,113,0,750,1,,1
5200,53,0,1000,1,,1
5200,113,0,750,1,,1
5200,113,0,750,1,,1
5201,64,212,1150,1,,1
5201,111,0,850,1,,1
5202,64,212,1150,1,,1
5202,113,0,750,1,,1
5202,111,0,850,1,,1
5203,173,0,1250,1,,1
5204,176,0,600,1,,1
5204,3,0,600,1,,1
5204,119,0,1300,1,,1
5205,85,315.4,700,1,,1
5205,111,0,850,1,,1
5206,113,0,750,1,,1
5207,64,212,1150,1,,1
5208,3,0,600,1,,1
5209,116,0,600,1,,1
5209,158,0,750,1,,1
5210,64,212,0,1,,1
5210,64,212,0,1,,1
5210,5,182,0,1,,1
5210,3,0,0,1,,1
5210,85,315.4,0,1,,1
5210,64,212,0,1,,1
5211,182,0,600,1,,1
5211,182,0,600,1,,1
5212,111,0,850,1,,1
5212,113,0,750,1,,1
5212,85,315.4,700,1,,1
5213,116,0,600,1,,1
5213,85,315.4,700,1,,1
5213,186,0,750,1,,1
5214,112,0,600,1,,1
5214,85,315.4,700,1,,1
5215,159,0,700,1,,1
5216,64,212,1150,1,,1
5216,111,0,850,1,,1
5217,3,0,600,1,,1
5218,1,200,650,1,,1
5218,186,0,750,1,,1
5218,149,0,500,1,,1
5218,149,0,500,1,,1
5218,3,0,600,1,,1
5219,112,0,600,1,,1
5219,95,164,600,1,,1
5219,119,0,1300,1,,1
5219,158,0,750,1,,1
5220,173,0,1250,1,,1
5220,64,212,1150,1,,1
5220,3,0,600,1,,1
5221,3,0,600,1,,1
5222,95,164,600,1,,1
5222,158,0,750,1,,1
5222,85,315.4,700,1,,1
5222,182,0,600,1,,1
5222,163,0,700,1,,1
5222,182,0,600,1,,1
5222,182,0,600,1,,1
5223,113,0,750,1,,1
5223,65,164,950,1,,1
5224,111,0,850,1,,1
5225,182,0,600,1,,1
5225,158,0,750,1,,1
5225,158,0,750,1,,1
5225,135,0,500,1,,1
5225,135,0,500,1,,1
5225,85,315.4,700,1,,1
5225,85,315.4,700,1,,1
5225,107,15,50,1,,1
5225,107,15,50,1,,1
5226,64,212,1150,1,,1
5226,3,0,600,1,,1
5227,186,0,750,1,,1
5227,163,0,700,1,,1
5228,186,0,750,1,,1
5228,85,315.4,700,1,,1
5228,107,15,50,1,,1
5229,182,0,600,1,,1
5229,53,0,1000,1,,1
5230,182,0,0,1,,1
5231,64,212,0,1,,1
5231,64,212,0,1,,1
5232,186,0,750,1,,1
5233,85,315.4,700,1,,1
5233,182,0,600,1,,1
5234,165,0,650,1,,1
5234,95,164,600,1,,1
5235,85,315.4,700,1,,1
5236,55,0,1250,1,,1
5237,64,212,1150,1,,1
5237,52,0,650,1,,1
5238,182,0,600,1,,1
5239,135,0,500,1,,1
5240,55,0,1250,1,,1
5240,1,200,650,1,,1
5241,188,0,0,1,,1
5242,116,0,0,1,,1
5242,116,0,0,1,,1
5242,163,0,0,1,,1
5242,113,0,0,1,,1
5242,62,310,0,1,,1
5242,186,0,0,1,,1
5242,85,315.4,0,1,,1
5242,85,315.4,0,1,,1
5242,107,15,0,1,,1
5242,182,0,0,1,,1
5242,1,200,0,1,,1
5242,1,200,0,1,,1
5242,182,0,0,1,,1
5243,188,0,0,1,,1
5243,113,0,0,1,,1
5243,113,0,0,1,,1
5243,113,0,0,1,,1
5243,188,0,0,1,,1
5243,113,0,0,1,,1
5244,188,0,1150,1,,1
5244,3,0,600,1,,1
5244,3,0,600,1,,1
5244,188,0,1150,1,,1
5244,3,0,600,1,,1
5244,116,0,600,1,,1
5244,3,0,600,1,,1
5244,186,0,750,1,,1
5245,158,0,750,1,,1
5245,129,0,600,1,,1
5246,186,0,750,1,,1
5247,157,0,600,1,,1
5247,55,0,1250,1,,1
5249,85,315.4,700,1,,1
5250,188,0,1150,1,,1
5250,55,0,1250,1,,1
5250,130,0,600,1,,1
5251,116,0,600,1,,1
5251,182,0,600,1,,1
5252,163,0,0,1,,1
5252,163,0,0,1,,1
5252,111,0,0,1,,1
5252,111,0,0,1,,1
5253,73,260,700,1,,1
5253,53,0,1000,1,,1
5253,186,0,750,1,,1
5254,113,0,0,1,,1
5254,113,0,0,1,,1
5254,113,0,0,1,,1
5254,188,0,0,1,,1
5254,188,0,0,1,,1
5254,188,0,0,1,,1
5255,188,0,1150,1,,1
5256,119,0,1300,1,,1
5256,146,250,700,1,,1
5257,111,0,850,1,,1
5258,182,0,0,1,,1
5258,151,148,0,1,,1
5259,158,0,750,1,,1
5259,158,0,750,1,,1
5259,107,15,50,1,,1
5259,113,0,750,1,,1
5260,188,0,1150,1,,1
5260,188,0,1150,1,,1
5260,188,0,1150,1,,1
5260,113,0,750,1,,1
5261,116,0,600,1,,1
5262,116,0,600,1,,1
5263,181,0,700,1,,1
5264,181,0,700,1,,1
5265,48,0,600,1,,1
5266,163,0,700,1,,1
5267,116,0,600,1,,1
5267,116,0,600,1,,1
5268,181,0,700,1,,1
5268,113,0,750,1,,1
5268,113,0,750,1,,1
5269,119,0,1300,1,,1
5269,113,0,750,1,,1
5269,107,15,50,1,,1
5270,181,0,700,1,,1
5270,111,0,850,1,,1
5271,95,164,600,1,,1
5271,130,0,600,1,,1
5271,165,0,650,1,,1
5271,165,0,650,1,,1
5271,163,0,700,1,,1
5271,142,0,600,1,,1
5271,188,0,1150,1,,1
5271,1,200,650,1,,1
5272,142,0,600,1,,1
5273,55,0,1250,1,,1
5273,1,200,650,1,,1
5273,1,200,650,1,,1
5273,163,0,700,1,,1
5273,159,0,700,1,,1
5274,186,0,750,1,,1
5275,188,0,0,1,,1
5275,188,0,0,1,,1
5275,113,0,0,1,,1
5275,142,0,0,1,,1
5276,188,0,0,1,,1
5277,181,0,700,1,,1
5278,176,0,600,1,,1
5278,55,0,1250,1,,1
5279,111,0,850,1,,1
5280,111,0,850,1,,1
5281,116,0,600,1,,1
5281,5,182,700,1,,1
5282,116,0,600,1,,1
5282,116,0,600,1,,1
5283,116,0,0,1,,1
5283,111,0,0,1,,1
5283,53,0,0,1,,1
5283,186,0,0,1,,1
5284,116,0,600,1,,1
5284,119,0,1300,1,,1
5284,157,0,600,1,,1
5284,151,148,600,1,,1
5285,55,0,1250,1,,1
5286,111,0,850,1,,1
5287,119,0,1300,1,,1
5287,16,100,600,1,,1
5287,65,164,950,1,,1
5288,55,0,1250,1,,1
5288,157,0,600,1,,1
5288,188,0,1150,1,,1
5289,113,0,750,1,,1
5289,187,0,700,1,,1
5289,187,0,700,1,,1
5289,187,0,700,1,,1
5289,187,0,700,1,,1
5289,158,0,750,1,,1
5289,158,0,750,1,,1
5289,158,0,750,1,,1
5289,107,15,50,1,,1
5289,107,15,50,1,,1
5290,186,0,750,1,,1
5291,176,0,600,1,,1
5292,111,0,850,1,,1
5293,64,0,0,1,,1
5293,64,0,0,1,,1
5293,64,0,0,1,,1
5293,64,0,0,1,,1
5293,52,0,0,1,,1
5293,113,0,0,1,,1
5293,113,0,0,1,,1
5293,64,0,0,1,,1
5293,187,0,0,1,,1
5293,64,0,0,1,,1
5294,186,0,750,1,,1
5295,131,0,600,1,,1
5296,3,0,600,1,,1
5296,95,164,600,1,,1
5296,95,164,600,1,,1
5296,112,0,600,1,,1
5296,112,0,600,1,,1
5296,113,0,750,1,,1
5296,85,315.4,700,1,,1
5297,52,0,650,1,,1
5297,52,0,650,1,,1
5297,163,0,700,1,,1
5297,107,15,50,1,,1
5298,158,0,750,1,,1
5298,158,0,750,1,,1
5298,64,0,1200,1,,1
5298,55,0,1500,1,,1
5298,176,0,600,1,,1
5298,129,0,600,1,,1
5298,129,0,600,1,,1
5298,55,0,1500,1,,1
5298,55,0,1500,1,,1
5299,111,0,850,1,,1
5300,111,0,850,1,,1
5301,181,0,700,1,,1
5302,111,0,850,1,,1
5303,181,0,700,1,,1
5303,181,0,700,1,,1
5303,181,0,700,1,,1
5304,64,0,1200,1,,1
5304,64,0,1200,1,,1
5305,64,0,1200,1,,1
5305,64,0,1200,1,,1
5305,116,0,600,1,,1
5306,181,0,0,1,,1
5306,181,0,0,1,,1
5306,181,0,0,1,,1
5307,85,315.4,700,1,,1
5307,181,0,700,1,,1
5307,181,0,700,1,,1
5307,180,0,750,1,,1
5308,181,0,700,1,,1
5309,64,0,0,1,,1
5310,55,0,0,1,,1
5310,55,0,0,1,,1
5310,55,0,0,1,,1
5310,181,0,0,1,,1
5310,181,0,0,1,,1
5310,181,0,0,1,,1
5310,181,0,0,1,,1
5310,181,0,0,1,,1
5310,64,0,0,1,,1
5310,139,0,0,1,,1
5310,139,0,0,1,,1
5310,139,0,0,1,,1
5310,180,0,0,1,,1
5311,186,0,750,1,,1
5311,85,315.4,700,1,,1
5311,119,0,1300,1,,1
5312,119,0,1300,1,,1
5313,53,0,1250,1,,1
5313,176,0,600,1,,1
5314,139,0,750,1,,1
5314,64,0,1200,1,,1
5315,116,0,600,1,,1
5315,158,0,750,1,,1
5316,176,0,600,1,,1
5317,146,250,700,1,,1
5317,119,0,1300,1,,1
5317,111,0,850,1,,1
5318,64,0,1200,1,,1
5318,186,0,750,1,,1
5319,95,164,600,1,,1
5320,111,0,850,1,,1
5321,95,164,600,1,,1
5321,119,0,1300,1,,1
5322,116,0,600,1,,1
5323,3,0,600,1,,1
5323,113,0,750,1,,1
5324,158,0,750,1,,1
5324,139,0,750,1,,1
5325,3,0,600,1,,1
5326,116,0,0,1,,1
5326,116,0,0,1,,1
5326,181,0,0,1,,1
5326,181,0,0,1,,1
5326,113,0,0,1,,1
5326,64,0,0,1,,1
5326,64,0,0,1,,1
5326,113,0,0,1,,1
5327,163,0,700,1,,1
5327,119,0,1300,1,,1
5327,95,164,600,1,,1
5328,64,0,1200,1,,1
5328,181,0,700,1,,1
5329,181,0,700,1,,1
5330,181,0,700,1,,1
5330,181,0,700,1,,1
5331,64,0,1200,1,,1
5332,181,0,700,1,,1
5333,119,0,1300,1,,1
5333,131,0,600,1,,1
5333,113,0,750,1,,1
5334,181,0,700,1,,1
5334,181,0,700,1,,1
5334,111,0,850,1,,1
5335,55,0,1500,1,,1
5335,64,0,1200,1,,1
5335,181,0,700,1,,1
5335,3,0,600,1,,1
5336,176,0,600,1,,1
5336,53,0,1250,1,,1
5337,76,20.75,50,1,,1
5337,76,20.75,50,1,,1
5337,116,0,600,1,,1
5337,116,0,600,1,,1
5337,142,0,600,1,,1
5338,180,0,750,1,,1
5338,142,0,600,1,,1
5339,64,0,0,1,,1
5339,64,0,0,1,,1
5339,64,0,0,1,,1
5339,113,0,0,1,,1
5339,85,315.4,0,1,,1
5339,181,0,0,1,,1
5339,113,0,0,1,,1
5339,111,0,0,1,,1
5340,119,0,1300,1,,1
5340,73,260,700,1,,1
5341,163,0,700,1,,1
5342,52,0,650,1,,1
5343,181,0,700,1,,1
5344,142,0,600,1,,1
5345,181,0,700,1,,1
5345,64,0,1200,1,,1
5345,64,0,1200,1,,1
5346,181,0,700,1,,1
5347,181,0,700,1,,1
5348,119,0,1300,1,,1
5348,131,0,600,1,,1
5348,111,0,850,1,,1
5349,3,0,600,1,,1
5349,55,0,1500,1,,1
5350,64,0,1200,1,,1
5350,85,315.4,700,1,,1
5350,149,0,500,1,,1
5351,64,0,0,1,,1
5351,116,0,0,1,,1
5351,64,0,0,1,,1
5351,64,0,0,1,,1
5352,55,0,1500,1,,1
5352,64,0,1200,1,,1
5353,95,164,600,1,,1
5354,186,0,750,1,,1
5355,163,0,700,1,,1
5356,176,0,600,1,,1
5357,95,164,600,1,,1
5358,3,0,600,1,,1
5358,180,0,750,1,,1
5359,159,0,700,1,,1
5359,186,0,750,1,,1
5360,129,0,600,1,,1
5360,119,0,1300,1,,1
5360,176,0,600,1,,1
5361,64,0,1200,1,,1
5362,64,0,1200,1,,1
5363,129,0,600,1,,1
5364,64,0,1200,1,,1
5365,64,0,1200,1,,1
5366,95,164,600,1,,1
5367,55,0,1500,1,,1
5367,131,0,600,1,,1
5368,139,0,750,1,,1
5369,64,0,1200,1,,1
5370,186,0,750,1,,1
5371,64,0,1200,1,,1
5372,191,0,500,1,,1
5372,179,0,600,1,,1
5373,179,0,600,1,,1
5374,55,0,1500,1,,1
5374,179,0,600,1,,1
5374,3,0,600,1,,1
5375,113,0,0,1,,1
5375,113,0,0,1,,1
5375,64,0,0,1,,1
5375,116,0,0,1,,1
5375,116,0,0,1,,1
5375,165,0,0,1,,1
5375,165,0,0,1,,1
5375,165,0,0,1,,1
5375,113,0,0,1,,1
5375,191,0,0,1,,1
5375,139,0,0,1,,1
5375,139,0,0,1,,1
5375,139,0,0,1,,1
5375,139,0,0,1,,1
5375,139,0,0,1,,1
5375,139,0,0,1,,1
5375,135,0,0,1,,1
5375,135,0,0,1,,1
5375,135,0,0,1,,1
5375,187,0,0,1,,1
5375,187,0,0,1,,1
5375,187,0,0,1,,1
5375,107,15,0,1,,1
5375,36,250,0,1,,1
5375,178,0,0,1,,1
5375,55,0,0,1,,1
5375,55,0,0,1,,1
5376,116,0,600,1,,1
5376,186,0,750,1,,1
5376,107,15,50,1,,1
5377,129,0,600,1,,1
5378,129,0,600,1,,1
5379,159,0,700,1,,1
5379,3,0,600,1,,1
5380,3,0,600,1,,1
5381,64,0,0,1,,1
5381,187,0,0,1,,1
5381,55,0,0,1,,1
5381,180,0,0,1,,1
5382,179,0,600,1,,1
5382,119,0,1300,1,,1
5383,181,0,0,1,,1
5383,55,0,0,1,,1
5383,61,310,0,1,,1
5384,129,0,600,1,,1
5384,179,0,600,1,,1
5384,3,0,600,1,,1
5385,3,0,600,1,,1
5386,64,0,1200,1,,1
5387,111,0,850,1,,1
5387,165,0,650,1,,1
5388,1,200,650,1,,1
5389,195,0,1200,1,,1
5389,186,0,750,1,,1
5389,186,0,750,1,,1
5389,107,15,50,1,,1
5390,64,0,1200,1,,1
5392,119,0,1300,1,,1
5392,179,0,600,1,,1
5393,64,0,1200,1,,1
5394,179,0,600,1,,1
5394,179,0,600,1,,1
5394,192,0,1200,1,,1
5394,64,0,1200,1,,1
5394,179,0,600,1,,1
5394,53,0,1250,1,,1
5395,181,0,700,1,,1
5396,64,0,1200,1,,1
5396,179,0,600,1,,1
5396,159,0,700,1,,1
5397,181,0,700,1,,1
5398,194,0,1200,1,,1
5398,181,0,700,1,,1
5398,197,0,750,1,,1
5399,64,0,0,1,,1
5399,64,0,0,1,,1
5399,64,0,0,1,,1
5399,64,0,0,1,,1
5400,197,0,750,1,,1
5400,107,15,50,1,,1
5401,64,0,1200,1,,1
5402,131,0,600,1,,1
5402,85,315.4,700,1,,1
5402,193,0,1300,1,,1
5402,193,0,1300,1,,1
5402,196,0,1200,1,,1
5402,64,0,1200,1,,1
5402,107,15,50,1,,1
5403,192,0,1200,1,,1
5404,178,0,650,1,,1
5404,181,0,700,1,,1
5405,199,0,850,1,,1
5405,183,0,650,1,,1
5406,183,0,650,1,,1
5406,181,0,700,1,,1
5407,111,0,850,1,,1
5408,10,0,650,1,,1
5409,193,0,1300,1,,1
5409,179,0,600,1,,1
5410,55,0,1500,1,,1
5410,64,0,1200,1,,1
5411,142,0,600,1,,1
5411,67,0,1500,1,,1
5412,111,0,850,1,,1
5412,111,0,850,1,,1
5412,61,310,750,1,,1
5412,111,0,850,1,,1
5412,191,0,500,1,,1
5413,64,0,1200,1,,1
5413,64,0,1200,1,,1
5413,55,0,1500,1,,1
5413,107,15,50,1,,1
5414,67,0,1500,1,,1
5414,67,0,1500,1,,1
5414,64,0,1200,1,,1
5414,183,0,650,1,,1
5414,196,0,1200,1,,1
5414,116,0,600,1,,1
5414,111,0,850,1,,1
5415,64,0,0,1,,1
5415,64,0,0,1,,1
5415,64,0,0,1,,1
5416,181,0,700,1,,1
5416,181,0,700,1,,1
5417,116,0,600,1,,1
5417,3,0,600,1,,1
5417,196,0,1200,1,,1
5417,196,0,1200,1,,1
5417,196,0,1200,1,,1
5417,196,0,1200,1,,1
5417,196,0,1200,1,,1
5417,191,0,500,1,,1
5417,191,0,500,1,,1
5417,191,0,500,1,,1
5417,107,15,50,1,,1
5417,107,15,50,1,,1
5417,181,0,700,1,,1
5418,192,0,1200,1,,1
5419,131,0,600,1,,1
5420,191,0,500,1,,1
5421,196,0,1200,1,,1
5421,191,0,500,1,,1
5421,186,0,750,1,,1
5421,107,15,50,1,,1
5422,176,0,600,1,,1
5422,55,0,1500,1,,1
5423,131,0,600,1,,1
5424,113,0,750,1,,1
5424,111,0,850,1,,1
5424,111,0,850,1,,1
5424,53,0,1250,1,,1
5424,53,0,1250,1,,1
5424,85,315.4,700,1,,1
5424,85,315.4,700,1,,1
5424,64,0,1200,1,,1
5424,181,0,700,1,,1
5425,111,0,850,1,,1
5426,111,0,850,1,,1
5427,55,0,1500,1,,1
5428,113,0,750,1,,1
5428,67,0,1500,1,,1
5428,181,0,700,1,,1
5428,107,15,50,1,,1
5429,181,0,700,1,,1
5429,3,0,600,1,,1
5430,131,0,600,1,,1
5431,64,0,0,1,,1
5432,113,0,0,1,,1
5432,7,145,0,1,,1
5432,194,0,0,1,,1
5432,189,0,0,1,,1
5432,64,0,0,1,,1
5433,181,0,700,1,,1
5433,181,0,700,1,,1
5433,55,0,1500,1,,1
5433,55,0,1500,1,,1
5434,191,0,500,1,,1
5435,130,0,600,1,,1
5436,181,0,700,1,,1
5437,113,0,750,1,,1
5438,194,0,1200,1,,1
5438,194,0,1200,1,,1
5438,64,0,1200,1,,1
5439,113,0,750,1,,1
5440,64,0,1200,1,,1
5440,64,0,1200,1,,1
5440,55,0,1500,1,,1
5440,55,0,1500,1,,1
5440,107,15,50,1,,1
5441,113,0,750,1,,1
5441,146,250,700,1,,1
5442,116,0,0,1,,1
5443,111,0,850,1,,1
5444,116,0,600,1,,1
5445,111,0,0,1,,1
5446,64,0,0,1,,1
5446,64,0,0,1,,1
5446,64,0,0,1,,1
5447,64,0,0,1,,1
5447,181,0,0,1,,1
5447,111,0,0,1,,1
5447,183,0,0,1,,1
5447,183,0,0,1,,1
5448,111,0,850,1,,1
5448,111,0,850,1,,1
5448,55,0,1500,1,,1
5449,111,0,850,1,,1
5449,191,0,500,1,,1
5449,73,260,700,1,,1
5450,111,0,850,1,,1
5450,196,0,1200,1,,1
5451,111,0,850,1,,1
5451,193,0,1300,1,,1
5452,194,0,1200,1,,1
5453,111,0,850,1,,1
5453,111,0,850,1,,1
5453,195,0,1200,1,,1
5453,191,0,500,1,,1
5453,191,0,500,1,,1
5454,194,0,1200,1,,1
5455,85,315.4,700,1,,1
5455,113,0,750,1,,1
5456,65,164,950,1,,1
5456,73,260,700,1,,1
5456,129,0,600,1,,1
5457,113,0,750,1,,1
5457,129,0,600,1,,1
5458,193,0,1300,1,,1
5458,131,0,600,1,,1
5458,142,0,600,1,,1
5459,3,0,600,1,,1
5459,3,0,600,1,,1
5459,113,0,750,1,,1
5459,113,0,750,1,,1
5460,163,0,700,1,,1
5460,163,0,700,1,,1
5461,142,0,600,1,,1
5461,181,0,700,1,,1
5462,64,0,0,1,,1
5462,64,0,0,1,,1
5462,64,0,0,1,,1
5462,113,0,0,1,,1
5462,113,0,0,1,,1
5462,52,0,0,1,,1
5462,52,0,0,1,,1
5462,195,0,0,1,,1
5462,192,0,0,1,,1
5462,113,0,0,1,,1
5462,198,0,0,1,,1
5462,181,0,0,1,,1
5462,42,110,0,1,,1
5462,181,0,0,1,,1
5462,181,0,0,1,,1
5462,181,0,0,1,,1
5463,130,0,600,1,,1
5464,181,0,700,1,,1
5464,181,0,700,1,,1
5464,181,0,700,1,,1
5464,181,0,700,1,,1
5464,181,0,700,1,,1
5464,181,0,700,1,,1
5464,181,0,700,1,,1
5464,181,0,700,1,,1
5464,181,0,700,1,,1
5464,181,0,700,1,,1
5465,111,0,850,1,,1
5466,131,0,600,1,,1
5466,193,0,1300,1,,1
5466,191,0,500,1,,1
5467,200,0,850,1,,1
5467,116,0,600,1,,1
5468,64,0,1200,1,,1
5469,52,0,650,1,,1
5469,67,0,1500,1,,1
5469,64,0,1200,1,,1
5470,64,0,1200,1,,1
5471,116,0,600,1,,1
5472,55,0,1500,1,,1
5472,139,0,750,1,,1
5473,181,0,700,1,,1
5473,111,0,850,1,,1
5473,195,0,1200,1,,1
5473,181,0,700,1,,1
5473,194,0,1200,1,,1
5474,200,0,850,1,,1
5474,64,0,1200,1,,1
5475,116,0,0,1,,1
5476,116,0,600,1,,1
5477,192,0,1200,1,,1
5478,191,0,0,1,,1
5479,142,0,600,1,,1
5479,116,0,600,1,,1
5480,119,0,1300,1,,1
5481,131,0,600,1,,1
5482,61,310,750,1,,1
5482,181,0,700,1,,1
5483,64,0,0,1,,1
5483,64,0,0,1,,1
5483,64,0,0,1,,1
5484,119,0,1300,1,,1
5484,129,0,600,1,,1
5485,194,0,1200,1,,1
5486,116,0,600,1,,1
5486,180,0,750,1,,1
5486,187,0,700,1,,1
5486,187,0,700,1,,1
5486,55,0,1500,1,,1
5486,55,0,1500,1,,1
5487,142,0,600,1,,1
5487,113,0,750,1,,1
5487,113,0,750,1,,1
5488,111,0,850,1,,1
5489,64,0,1200,1,,1
5489,195,0,1200,1,,1
5490,64,0,1200,1,,1
5490,53,0,1250,1,,1
5491,64,0,1200,1,,1
5492,111,0,850,1,,1
5493,142,0,600,1,,1
5493,186,0,750,1,,1
5493,107,15,50,1,,1
5494,116,0,600,1,,1
5495,187,0,700,1,,1
5495,107,15,50,1,,1
5496,187,0,700,1,,1
5496,111,0,850,1,,1
5497,64,0,1200,1,,1
5498,64,0,0,1,,1
5498,113,0,0,1,,1
5498,113,0,0,1,,1
5498,113,0,0,1,,1
5498,64,0,0,1,,1
5498,113,0,0,1,,1
5498,113,0,0,1,,1
5499,131,0,600,1,,1
5500,181,0,700,1,,1
5501,196,0,1200,1,,1
5502,192,0,1200,1,,1
5502,142,0,600,1,,1
5502,116,0,600,1,,1
5502,116,0,600,1,,1
5503,142,0,600,1,,1
5503,163,0,700,1,,1
5503,163,0,700,1,,1
5503,107,15,50,1,,1
5504,64,0,1200,1,,1
5505,48,0,600,1,,1
5506,64,0,0,1,,1
5506,113,0,0,1,,1
5506,113,0,0,1,,1
5506,113,0,0,1,,1
5506,64,0,0,1,,1
5507,113,0,750,1,,1
5508,55,0,1500,1,,1
5509,163,0,700,1,,1
5509,55,0,1500,1,,1
5510,181,0,700,1,,1
5511,64,0,1200,1,,1
5512,113,0,750,1,,1
5513,142,0,600,1,,1
5513,131,0,600,1,,1
5514,55,0,1500,1,,1
5514,176,0,600,1,,1
5515,64,0,1200,1,,1
5515,113,0,750,1,,1
5516,131,0,600,1,,1
5516,187,0,700,1,,1
5517,64,0,1200,1,,1
5517,64,0,1200,1,,1
5517,163,0,700,1,,1
5517,163,0,700,1,,1
5517,107,15,50,1,,1
5518,111,0,850,1,,1
5518,111,0,850,1,,1
5519,113,0,750,1,,1
5519,192,0,1200,1,,1
5520,193,0,1300,1,,1
5520,64,0,1200,1,,1
5521,116,0,0,1,,1
5521,113,0,0,1,,1
5521,116,0,0,1,,1
5521,113,0,0,1,,1
5521,64,0,0,1,,1
5521,64,0,0,1,,1
5522,115,0,600,1,,1
5522,193,0,1300,1,,1
5522,186,0,750,1,,1
5523,191,0,500,1,,1
5524,142,0,600,1,,1
5524,113,0,750,1,,1
5524,113,0,750,1,,1
5525,191,0,500,1,,1
5526,119,0,1300,1,,1
5526,5,182,700,1,,1
5526,200,0,850,1,,1
5527,191,0,500,1,,1
5528,142,0,600,1,,1
5529,64,0,1200,1,,1
5530,64,0,1200,1,,1
5530,187,0,700,1,,1
5530,119,0,1300,1,,1
5530,119,0,1300,1,,1
5530,10,0,650,1,,1
5530,107,15,50,1,,1
5530,107,15,50,1,,1
5530,196,0,1200,1,,1
5530,178,0,650,1,,1
5530,64,0,1200,1,,1
5531,142,0,600,1,,1
5531,187,0,700,1,,1
5531,192,0,1200,1,,1
5531,107,15,50,1,,1
5532,131,0,600,1,,1
5533,64,0,1200,1,,1
5533,187,0,700,1,,1
5534,139,0,750,1,,1
5535,129,0,600,1,,1
5536,55,0,1500,1,,1
5537,111,0,850,1,,1
5538,111,0,850,1,,1
5539,113,0,750,1,,1
5540,111,0,850,1,,1
5540,111,0,850,1,,1
5540,142,0,600,1,,1
5540,202,0,2000,1,,1
5540,202,0,2000,1,,1
5541,142,0,600,1,,1
5542,202,0,0,1,,1
5542,116,0,0,1,,1
5542,116,0,0,1,,1
5542,116,0,0,1,,1
5542,116,0,0,1,,1
5542,116,0,0,1,,1
5542,111,0,0,1,,1
5542,111,0,0,1,,1
5542,64,0,0,1,,1
5542,64,0,0,1,,1
5542,64,0,0,1,,1
5542,64,0,0,1,,1
5543,115,0,600,1,,1
5544,111,0,850,1,,1
5545,191,0,500,1,,1
5546,176,0,600,1,,1
5547,186,0,750,1,,1
5548,115,0,600,1,,1
5549,119,0,1300,1,,1
5550,53,0,1250,1,,1
5550,115,0,600,1,,1
5551,53,0,1250,1,,1
5551,142,0,600,1,,1
5552,64,0,1200,1,,1
5553,67,0,1500,1,,1
5553,55,0,1500,1,,1
5553,146,250,700,1,,1
5553,142,0,600,1,,1
5554,64,0,1200,1,,1
5555,119,0,1300,1,,1
5555,202,0,2000,1,,1
5555,113,0,750,1,,1
5555,202,0,2000,1,,1
5556,115,0,600,1,,1
5557,116,0,0,1,,1
5557,116,0,0,1,,1
5557,116,0,0,1,,1
5557,113,0,0,1,,1
5557,64,0,0,1,,1
5558,113,0,750,1,,1
5559,202,0,2000,1,,1
5560,64,0,1200,1,,1
5561,142,0,600,1,,1
5562,142,0,600,1,,1
5563,142,0,600,1,,1
5563,142,0,600,1,,1
5564,111,0,850,1,,1
5565,129,0,600,1,,1
5565,55,0,1500,1,,1
5566,64,0,1200,1,,1
5566,196,0,1200,1,,1
5567,111,0,850,1,,1
5568,64,0,1200,1,,1
5568,194,0,1200,1,,1
5569,194,0,1200,1,,1
5570,191,0,500,1,,1
5571,64,0,0,1,,1
5571,116,0,0,1,,1
5571,116,0,0,1,,1
5571,116,0,0,1,,1
5571,202,0,0,1,,1
5571,116,0,0,1,,1
5571,116,0,0,1,,1
5571,116,0,0,1,,1
5571,116,0,0,1,,1
5571,113,0,0,1,,1
5571,113,0,0,1,,1
5571,113,0,0,1,,1
5571,113,0,0,1,,1
5571,113,0,0,1,,1
5571,64,0,0,1,,1
5571,113,0,0,1,,1
5571,113,0,0,1,,1
5571,116,0,0,1,,1
5572,111,0,850,1,,1
5572,119,0,1300,1,,1
5573,119,0,1300,1,,1
5574,55,0,1500,1,,1
5575,193,0,1300,1,,1
5575,115,0,600,1,,1
5576,129,0,600,1,,1
5576,186,0,750,1,,1
5576,113,0,750,1,,1
5576,116,0,600,1,,1
5577,111,0,850,1,,1
5578,64,0,1200,1,,1
5579,142,0,600,1,,1
5580,48,0,600,1,,1
5581,113,0,750,1,,1
5582,176,0,600,1,,1
5583,111,0,850,1,,1
5583,111,0,850,1,,1
5584,111,0,850,1,,1
5585,64,0,1200,1,,1
5585,202,0,2000,1,,1
5586,64,0,1200,1,,1
5586,64,0,1200,1,,1
5586,55,0,1500,1,,1
5586,55,0,1500,1,,1
5586,107,15,50,1,,1
5587,142,0,600,1,,1
5587,111,0,850,1,,1
5587,194,0,1200,1,,1
5587,142,0,600,1,,1
5588,64,0,1200,1,,1
5588,187,0,700,1,,1
5589,159,0,700,1,,1
5589,159,0,700,1,,1
5589,196,0,1200,1,,1
5589,195,0,1200,1,,1
5589,107,15,50,1,,1
5590,64,0,0,1,,1
5590,64,0,0,1,,1
5591,64,0,1200,1,,1
5592,55,0,1500,1,,1
5592,64,0,1200,1,,1
5593,159,0,700,1,,1
5593,55,0,1500,1,,1
5594,48,0,600,1,,1
5595,191,0,500,1,,1
5597,202,0,0,1,,1
5597,55,0,0,1,,1
5597,129,0,0,1,,1
5598,111,0,850,1,,1
5599,111,0,850,1,,1
5600,113,0,750,1,,1
5600,113,0,750,1,,1
5600,64,0,1200,1,,1
5600,55,0,1500,1,,1
5600,107,15,50,1,,1
5600,64,0,1200,1,,1
5600,76,20.75,50,1,,1
5601,111,0,850,1,,1
5602,183,0,650,1,,1
5602,194,0,1200,1,,1
5602,116,0,600,1,,1
5602,1,200,650,1,,1
5603,142,0,600,1,,1
5603,113,0,750,1,,1
5604,202,0,2000,1,,1
5604,202,0,2000,1,,1
5605,129,0,600,1,,1
5605,129,0,600,1,,1
5605,131,0,600,1,,1
5605,142,0,600,1,,1
5606,64,0,1200,1,,1
5607,129,0,600,1,,1
5607,64,0,1200,1,,1
5607,142,0,600,1,,1
5607,180,0,750,1,,1
5608,159,0,700,1,,1
5609,64,0,0,1,,1
5609,113,0,0,1,,1
5609,113,0,0,1,,1
5609,116,0,0,1,,1
5609,113,0,0,1,,1
5610,55,0,1500,1,,1
5611,65,164,950,1,,1
5611,65,164,950,1,,1
5611,187,0,700,1,,1
5612,146,250,700,1,,1
5612,186,0,750,1,,1
5612,119,0,1300,1,,1
5613,55,0,1500,1,,1
5614,131,0,600,1,,1
5615,194,0,1200,1,,1
5616,67,0,1500,1,,1
5616,64,0,1200,1,,1
5618,55,0,1500,1,,1
5618,111,0,850,1,,1
5619,119,0,1300,1,,1
5619,111,0,850,1,,1
5620,64,0,1200,1,,1
5621,196,0,1200,1,,1
5621,196,0,1200,1,,1
5621,111,0,850,1,,1
5621,111,0,850,1,,1
5621,142,0,600,1,,1
5622,142,0,600,1,,1
5622,111,0,850,1,,1
5623,115,0,600,1,,1
5624,202,0,2000,1,,1
5625,111,0,850,1,,1
5625,187,0,700,1,,1
5625,187,0,700,1,,1
5625,187,0,700,1,,1
5625,187,0,700,1,,1
5625,199,0,850,1,,1
5625,107,15,50,1,,1
5626,116,0,0,1,,1
5626,116,0,0,1,,1
5626,116,0,0,1,,1
5626,113,0,0,1,,1
5626,113,0,0,1,,1
5626,113,0,0,1,,1
5626,195,0,0,1,,1
5626,64,0,0,1,,1
5626,64,0,0,1,,1
5626,64,0,0,1,,1
5627,113,0,750,1,,1
5627,111,0,850,1,,1
5627,194,0,1200,1,,1
5627,196,0,1200,1,,1
5628,111,0,850,1,,1
5629,116,0,600,1,,1
5629,116,0,600,1,,1
5629,192,0,1200,1,,1
5629,192,0,1200,1,,1
5629,10,0,650,1,,1
5629,129,0,600,1,,1
5629,194,0,1200,1,,1
5629,187,0,700,1,,1
5631,64,0,1200,1,,1
5631,64,0,1200,1,,1
5631,64,0,1200,1,,1
5631,76,20.75,50,1,,1
5631,76,20.75,50,1,,1
5631,107,15,50,1,,1
5631,119,0,1300,1,,1
5632,107,15,50,1,,1
5633,187,0,700,1,,1
5633,111,0,850,1,,1
5634,193,0,0,1,,1
5634,64,0,0,1,,1
5635,146,250,700,1,,1
5635,186,0,750,1,,1
5636,64,0,1200,1,,1
5636,195,0,1200,1,,1
5637,131,0,600,1,,1
5638,64,0,1200,1,,1
5639,113,0,750,1,,1
5640,65,164,950,1,,1
5640,113,0,750,1,,1
5640,131,0,600,1,,1
5640,202,0,2000,1,,1
5641,202,0,2000,1,,1
5642,159,0,700,1,,1
5643,142,0,600,1,,1
5644,119,0,1300,1,,1
5644,131,0,600,1,,1
5644,194,0,1200,1,,1
5645,131,0,600,1,,1
5645,191,0,500,1,,1
5646,5,182,0,1,,1
5646,196,0,0,1,,1
5646,113,0,0,1,,1
5646,113,0,0,1,,1
5646,113,0,0,1,,1
5646,111,0,0,1,,1
5646,147,0,0,1,,1
5646,147,0,0,1,,1
5647,142,0,600,1,,1
5648,142,0,600,1,,1
5649,64,0,1200,1,,1
5650,159,0,700,1,,1
5651,65,164,950,1,,1
5652,1,200,650,1,,1
5653,119,0,1300,1,,1
5655,48,0,0,1,,1
5656,131,0,600,1,,1
5657,119,0,1300,1,,1
5657,131,0,600,1,,1
5658,119,0,1300,1,,1
5659,147,0,1150,1,,1
5660,64,0,0,1,,1
5660,113,0,0,1,,1
5660,202,0,0,1,,1
5660,116,0,0,1,,1
5660,113,0,0,1,,1
5660,113,0,0,1,,1
5660,64,0,0,1,,1
5660,113,0,0,1,,1
5661,191,0,500,1,,1
5662,192,0,0,1,,1
5662,5,182,0,1,,1
5662,194,0,0,1,,1
5663,55,0,1500,1,,1
5664,191,0,500,1,,1
5665,113,0,750,1,,1
5665,55,0,1500,1,,1
5666,191,0,500,1,,1
5667,157,0,600,1,,1
5668,142,0,600,1,,1
5668,202,0,2000,1,,1
5668,202,0,2000,1,,1
5668,202,0,2000,1,,1
5669,55,0,1500,1,,1
5670,64,0,1200,1,,1
5670,187,0,700,1,,1
5670,187,0,700,1,,1
5670,187,0,700,1,,1
5670,196,0,1200,1,,1
5670,107,15,50,1,,1
5670,67,0,1500,1,,1
5670,107,15,50,1,,1
5671,113,0,750,1,,1
5672,191,0,500,1,,1
5673,196,0,1200,1,,1
5673,113,0,750,1,,1
5673,113,0,750,1,,1
5673,53,0,1250,1,,1
5673,115,0,600,1,,1
5674,67,0,1500,1,,1
5674,67,0,1500,1,,1
5675,62,310,750,1,,1
5675,186,0,750,1,,1
5675,196,0,1200,1,,1
5675,107,15,50,1,,1
5676,147,0,0,1,,1
5676,116,0,0,1,,1
5676,147,0,0,1,,1
5677,111,0,850,1,,1
5677,146,250,700,1,,1
5678,64,0,1200,1,,1
5679,131,0,600,1,,1
5679,186,0,750,1,,1
5680,202,0,2000,1,,1
5680,186,0,750,1,,1
5681,70,250,650,1,,1
5682,202,0,2000,1,,1
5684,191,0,500,1,,1
5685,131,0,600,1,,1
5685,131,0,600,1,,1
5685,129,0,600,1,,1
5685,159,0,700,1,,1
5685,111,0,850,1,,1
5686,113,0,750,1,,1
5687,65,164,950,1,,1
5687,65,164,950,1,,1
5687,139,0,750,1,,1
5687,139,0,750,1,,1
5687,119,0,1300,1,,1
5687,119,0,1300,1,,1
5687,64,0,1200,1,,1
5687,180,0,750,1,,1
5687,55,0,1500,1,,1
5688,64,0,1200,1,,1
5689,193,0,1300,1,,1
5689,64,0,1200,1,,1
5690,64,0,1200,1,,1
5690,146,250,700,1,,1
5691,113,0,0,1,,1
5692,119,0,1300,1,,1
5693,64,0,0,1,,1
5693,146,250,0,1,,1
5693,195,0,0,1,,1
5694,64,0,1200,1,,1
5694,64,0,1200,1,,1
5695,113,0,750,1,,1
5696,64,0,0,1,,1
5696,64,0,0,1,,1
5697,111,0,850,1,,1
5697,64,0,1200,1,,1
5698,113,0,750,1,,1
5699,142,0,600,1,,1
5699,113,0,750,1,,1
5700,64,0,1200,1,,1
5700,194,0,1200,1,,1
5701,119,0,1300,1,,1
5701,55,0,1500,1,,1
5701,64,0,1200,1,,1
5701,180,0,750,1,,1
5701,142,0,600,1,,1
5702,111,0,850,1,,1
5702,142,0,600,1,,1
5703,142,0,600,1,,1
5704,116,0,600,1,,1
5705,115,0,600,1,,1
5706,202,0,2000,1,,1
5707,116,0,600,1,,1
5708,191,0,0,1,,1
5708,198,0,0,1,,1
5708,146,250,0,1,,1
5708,116,0,0,1,,1
5708,116,0,0,1,,1
5708,64,0,0,1,,1
5708,64,0,0,1,,1
5708,64,0,0,1,,1
5708,113,0,0,1,,1
5709,196,0,1200,1,,1
5709,186,0,750,1,,1
5709,107,15,50,1,,1
5710,113,0,750,1,,1
5711,187,0,700,1,,1
5711,187,0,700,1,,1
5712,119,0,1300,1,,1
5712,193,0,1300,1,,1
5712,157,0,600,1,,1
5713,142,0,600,1,,1
5713,116,0,600,1,,1
5714,142,0,0,1,,1
5714,64,0,0,1,,1
5715,142,0,600,1,,1
5716,116,0,600,1,,1
5717,116,0,600,1,,1
5717,142,0,600,1,,1
5718,64,0,0,1,,1
5718,64,0,0,1,,1
5718,64,0,0,1,,1
5719,119,0,1300,1,,1
5720,55,0,1500,1,,1
5720,53,0,1250,1,,1
5720,107,15,50,1,,1
5721,111,0,850,1,,1
5721,111,0,850,1,,1
5722,187,0,700,1,,1
5722,187,0,700,1,,1
5722,187,0,700,1,,1
5722,187,0,700,1,,1
5722,187,0,700,1,,1
5722,157,0,600,1,,1
5722,107,15,50,1,,1
5722,119,0,1300,1,,1
5722,76,20.75,50,1,,1
5723,5,182,700,1,,1
5724,157,0,600,1,,1
5724,191,0,500,1,,1
5725,176,0,600,1,,1
5726,142,0,600,1,,1
5726,116,0,600,1,,1
5727,64,0,1200,1,,1
5728,64,0,0,1,,1
5728,64,0,0,1,,1
5729,64,0,1200,1,,1
5729,55,0,1500,1,,1
5730,191,0,500,1,,1
5730,191,0,500,1,,1
5731,55,0,1500,1,,1
5731,157,0,600,1,,1
5732,64,0,1200,1,,1
5732,194,0,1200,1,,1
5733,64,0,1200,1,,1
5733,142,0,600,1,,1
5734,119,0,1300,1,,1
5734,183,0,650,1,,1
5735,192,0,0,1,,1
5735,199,0,0,1,,1
5735,200,0,0,1,,1
5735,61,310,0,1,,1
5735,180,0,0,1,,1
5735,189,0,0,1,,1
5736,194,0,1200,1,,1
5736,111,0,850,1,,1
5737,142,0,600,1,,1
5738,55,0,1500,1,,1
5738,55,0,1500,1,,1
5738,183,0,650,1,,1
5738,178,0,650,1,,1
5739,159,0,700,1,,1
5739,73,260,700,1,,1
5739,157,0,600,1,,1
5739,187,0,700,1,,1
5739,200,0,850,1,,1
5740,196,0,1200,1,,1
5741,180,0,750,1,,1
5741,67,0,1500,1,,1
5741,10,0,650,1,,1
5742,64,0,1200,1,,1
5743,116,0,600,1,,1
5743,116,0,600,1,,1
5743,116,0,600,1,,1
5743,116,0,600,1,,1
5744,202,0,2000,1,,1
5745,64,0,1200,1,,1
5745,142,0,600,1,,1
5746,202,0,2000,1,,1
5746,202,0,2000,1,,1
5746,202,0,2000,1,,1
5746,202,0,2000,1,,1
5746,202,0,2000,1,,1
5747,116,0,0,1,,1
5747,116,0,0,1,,1
5747,116,0,0,1,,1
5747,116,0,0,1,,1
5747,116,0,0,1,,1
5747,116,0,0,1,,1
5747,116,0,0,1,,1
5747,116,0,0,1,,1
5747,116,0,0,1,,1
5747,116,0,0,1,,1
5747,146,250,0,1,,1
5747,64,0,0,1,,1
5747,64,0,0,1,,1
5747,64,0,0,1,,1
5748,10,0,650,1,,1
5749,159,0,700,1,,1
5750,196,0,1200,1,,1
5750,194,0,1200,1,,1
5752,113,0,750,1,,1
5752,142,0,600,1,,1
5753,176,0,600,1,,1
5754,55,0,1500,1,,1
5754,64,0,1200,1,,1
5755,64,0,1200,1,,1
5755,64,0,1200,1,,1
5756,119,0,1300,1,,1
5757,116,0,0,1,,1
5758,131,0,600,1,,1
5758,52,0,650,1,,1
5758,186,0,750,1,,1
5759,116,0,600,1,,1
5760,64,0,1200,1,,1
5760,159,0,700,1,,1
5760,191,0,500,1,,1
5760,55,0,1500,1,,1
5760,116,0,600,1,,1
5760,111,0,850,1,,1
5760,187,0,700,1,,1
5760,187,0,700,1,,1
5762,113,0,750,1,,1
5763,55,0,1500,1,,1
5764,64,0,0,1,,1
5765,64,0,1200,1,,1
5765,64,0,1200,1,,1
5765,55,0,1500,1,,1
5765,55,0,1500,1,,1
5766,64,0,1200,1,,1
5766,187,0,700,1,,1
5766,107,15,50,1,,1
5766,107,15,50,1,,1
5766,187,0,700,1,,1
5766,187,0,700,1,,1
5766,196,0,1200,1,,1
5766,194,0,1200,1,,1
5768,55,0,1500,1,,1
5768,64,0,1200,1,,1
5769,157,0,600,1,,1
5771,113,0,750,1,,1
5771,55,0,1500,1,,1
5771,157,0,600,1,,1
5772,131,0,600,1,,1
5772,191,0,500,1,,1
5773,64,0,1200,1,,1
5774,55,0,1500,1,,1
5774,157,0,600,1,,1
5775,131,0,600,1,,1
5775,192,0,1200,1,,1
5775,64,0,1200,1,,1
5776,191,0,500,1,,1
5776,10,0,650,1,,1
5776,55,0,1500,1,,1
5776,64,0,1200,1,,1
5777,113,0,750,1,,1
5777,157,0,600,1,,1
5777,55,0,1500,1,,1
5778,157,0,600,1,,1
5778,55,0,1500,1,,1
5778,64,0,1200,1,,1
5778,187,0,700,1,,1
5779,55,0,1500,1,,1
5779,55,0,1500,1,,1
5779,64,0,1200,1,,1
5779,107,15,50,1,,1
5780,131,0,600,1,,1
5781,142,0,600,1,,1
5782,55,0,1500,1,,1
5782,131,0,600,1,,1
5783,119,0,1300,1,,1
5784,111,0,0,1,,1
5784,113,0,0,1,,1
5784,187,0,0,1,,1
5785,116,0,600,1,,1
5786,191,0,500,1,,1
5787,64,0,0,1,,1
5787,64,0,0,1,,1
5787,64,0,0,1,,1
5788,142,0,600,1,,1
5789,113,0,0,1,,1
5789,113,0,0,1,,1
5790,111,0,850,1,,1
5791,159,0,700,1,,1
5792,194,0,1200,1,,1
5793,142,0,600,1,,1
5794,64,0,1200,1,,1
5794,116,0,600,1,,1
5794,116,0,600,1,,1
5795,157,0,600,1,,1
5795,142,0,600,1,,1
5796,113,0,750,1,,1
5796,64,0,1200,1,,1
5796,196,0,1200,1,,1
5796,107,15,50,1,,1
5797,196,0,1200,1,,1
5798,113,0,750,1,,1
5798,113,0,750,1,,1
5798,113,0,750,1,,1
5799,116,0,600,1,,1
5800,186,0,750,1,,1
5800,187,0,700,1,,1
5800,107,15,50,1,,1
5801,142,0,600,1,,1
5802,64,0,1200,1,,1
5803,64,0,0,1,,1
5803,64,0,0,1,,1
5803,64,0,0,1,,1
5803,116,0,0,1,,1
5803,187,0,0,1,,1
5803,194,0,0,1,,1
5803,194,0,0,1,,1
5803,196,0,0,1,,1
5803,107,15,0,1,,1
5804,159,0,700,1,,1
5805,10,0,650,1,,1
5806,183,0,650,1,,1
5807,186,0,750,1,,1
5807,111,0,850,1,,1
5807,192,0,1200,1,,1
5807,192,0,1200,1,,1
5807,113,0,750,1,,1
5807,196,0,1200,1,,1
5808,196,0,1200,1,,1
5809,111,0,850,1,,1
5810,200,0,850,1,,1
5811,64,0,1200,1,,1
5812,64,0,1200,1,,1
5812,194,0,1200,1,,1
5812,196,0,1200,1,,1
5812,107,15,50,1,,1
5813,142,0,600,1,,1
5813,64,0,1200,1,,1
5814,142,0,600,1,,1
5815,191,0,500,1,,1
5816,142,0,0,1,,1
5816,142,0,0,1,,1
5816,142,0,0,1,,1
5816,202,0,0,1,,1
5816,194,0,0,1,,1
5816,64,0,0,1,,1
5817,64,0,1200,1,,1
5818,64,0,1200,1,,1
5819,142,0,600,1,,1
5820,119,0,1300,1,,1
5820,119,0,1300,1,,1
5821,119,0,1300,1,,1
5821,119,0,1300,1,,1
5821,103,0,600,1,,1
5821,111,0,850,1,,1
5821,116,0,600,1,,1
5821,107,15,50,1,,1
5821,142,0,600,1,,1
5822,107,15,50,1,,1
5823,64,0,1200,1,,1
5823,48,0,600,1,,1
5823,194,0,1200,1,,1
5824,119,0,1300,1,,1
5824,103,0,600,1,,1
5825,159,0,700,1,,1
5826,55,0,1500,1,,1
5826,111,0,850,1,,1
5827,111,0,850,1,,1
5828,111,0,850,1,,1
5828,111,0,850,1,,1
5828,55,0,1500,1,,1
5828,187,0,700,1,,1
5828,187,0,700,1,,1
5828,186,0,750,1,,1
5828,186,0,750,1,,1
5828,199,0,850,1,,1
5828,199,0,850,1,,1
5828,200,0,850,1,,1
5828,200,0,850,1,,1
5828,107,15,50,1,,1
5828,107,15,50,1,,1
5829,64,0,0,1,,1
5830,196,0,1200,1,,1
5831,119,0,1300,1,,1
5831,142,0,600,1,,1
5831,113,0,750,1,,1
5831,113,0,750,1,,1
5831,191,0,500,1,,1
5833,116,0,600,1,,1
5834,64,0,1200,1,,1
5835,176,0,600,1,,1
5836,64,0,1200,1,,1
5837,194,0,1200,1,,1
5837,191,0,500,1,,1
5838,64,0,1200,1,,1
5838,159,0,700,1,,1
5839,191,0,500,1,,1
5840,187,0,700,1,,1
5840,116,0,600,1,,1
5840,187,0,700,1,,1
5841,196,0,1200,1,,1
5841,196,0,1200,1,,1
5842,142,0,600,1,,1
5843,116,0,600,1,,1
5844,142,0,600,1,,1
5845,64,0,1200,1,,1
5846,64,0,1200,1,,1
5847,64,0,1200,1,,1
5847,64,0,1200,1,,1
5848,202,0,2000,1,,1
5848,55,0,1500,1,,1
5849,113,0,750,1,,1
5849,113,0,750,1,,1
5850,55,0,1500,1,,1
5851,194,0,1200,1,,1
5851,202,0,2000,1,,1
5851,56,0,850,1,,1
5852,202,0,2000,1,,1
5852,61,310,750,1,,1
5853,196,0,1200,1,,1
5854,202,0,2000,1,,1
5854,202,0,2000,1,,1
5855,131,0,600,1,,1
5856,64,0,0,1,,1
5856,64,0,0,1,,1
5857,191,0,500,1,,1
5858,119,0,1300,1,,1
5859,131,0,600,1,,1
5859,56,0,850,1,,1
5859,56,0,850,1,,1
5859,65,164,950,1,,1
5859,142,0,600,1,,1
5860,55,0,1500,1,,1
5860,142,0,600,1,,1
5861,187,0,700,1,,1
5861,191,0,500,1,,1
5861,196,0,1200,1,,1
5861,64,0,1200,1,,1
5861,64,0,1200,1,,1
5861,64,0,1200,1,,1
5862,64,0,1200,1,,1
5863,202,0,2000,1,,1
5864,191,0,500,1,,1
5865,191,0,500,1,,1
5866,119,0,1300,1,,1
5867,64,0,0,1,,1
5867,199,0,0,1,,1
5867,64,0,0,1,,1
5867,113,0,0,1,,1
5867,116,0,0,1,,1
5867,202,0,0,1,,1
5867,113,0,0,1,,1
5869,187,0,700,1,,1
5869,186,0,750,1,,1
5869,107,15,50,1,,1
5870,56,0,850,1,,1
5870,64,0,1200,1,,1
5871,103,0,600,1,,1
5871,101,0,600,1,,1
5872,64,0,0,1,,1
5872,64,0,0,1,,1
5872,113,0,0,1,,1
5872,142,0,0,1,,1
5873,159,0,700,1,,1
5874,64,0,1200,1,,1
5875,202,0,2000,1,,1
5876,187,0,700,1,,1
5876,64,0,1200,1,,1
5877,202,0,2000,1,,1
5878,196,0,1200,1,,1
5879,103,0,600,1,,1
5879,53,0,1250,1,,1
5879,116,0,600,1,,1
5880,56,0,0,1,,1
5881,113,0,750,1,,1
5881,113,0,750,1,,1
5882,64,0,1200,1,,1
5882,64,0,1200,1,,1
5882,64,0,1200,1,,1
5882,55,0,1500,1,,1
5883,202,0,0,1,,1
5883,113,0,0,1,,1
5883,64,0,0,1,,1
5883,113,0,0,1,,1
5883,113,0,0,1,,1
5884,113,0,750,1,,1
5884,48,0,600,1,,1
5886,55,0,1500,1,,1
5887,64,0,1200,1,,1
5888,191,0,500,1,,1
5888,56,0,850,1,,1
5888,159,0,700,1,,1
5889,116,0,600,1,,1
5890,159,0,700,1,,1
5890,56,0,850,1,,1
5891,70,250,650,1,,1
5892,192,0,1200,1,,1
5892,5,182,700,1,,1
5893,115,0,600,1,,1
5893,187,0,700,1,,1
5893,187,0,700,1,,1
5894,10,0,650,1,,1
5894,142,0,600,1,,1
5895,113,0,750,1,,1
5895,142,0,600,1,,1
5896,55,0,1500,1,,1
5896,56,0,850,1,,1
5897,64,0,1200,1,,1
5898,187,0,700,1,,1
5899,64,0,1200,1,,1
5899,64,0,1200,1,,1
5900,56,0,850,1,,1
5900,113,0,750,1,,1
5900,193,0,1300,1,,1
5900,107,15,50,1,,1
5901,116,0,600,1,,1
5902,202,0,0,1,,1
5902,113,0,0,1,,1
5903,55,0,1500,1,,1
5904,64,0,0,1,,1
5904,64,0,0,1,,1
5904,64,0,0,1,,1
5905,159,0,700,1,,1
5906,187,0,700,1,,1
5907,64,0,1200,1,,1
5908,56,0,850,1,,1
5909,56,0,850,1,,1
5910,56,0,850,1,,1
5910,101,0,600,1,,1
5910,55,0,1500,1,,1
5911,116,0,600,1,,1
5911,116,0,600,1,,1
5912,119,0,1300,1,,1
5912,70,250,650,1,,1
5913,186,0,750,1,,1
5913,200,0,850,1,,1
5913,200,0,850,1,,1
5913,107,15,50,1,,1
5913,55,0,1500,1,,1
5913,55,0,1500,1,,1
5913,131,0,600,1,,1
5913,103,0,600,1,,1
5914,142,0,600,1,,1
5915,116,0,600,1,,1
5915,142,0,600,1,,1
5916,180,0,750,1,,1
5916,119,0,1300,1,,1
5917,113,0,750,1,,1
5918,142,0,600,1,,1
5919,64,0,1200,1,,1
5919,64,0,1200,1,,1
5920,56,0,850,1,,1
5920,116,0,600,1,,1
5920,199,0,850,1,,1
5921,64,0,1200,1,,1
5921,142,0,600,1,,1
5922,159,0,700,1,,1
5922,159,0,700,1,,1
5923,191,0,500,1,,1
5923,191,0,500,1,,1
5924,142,0,600,1,,1
5925,56,0,850,1,,1
5926,64,0,1200,1,,1
5927,196,0,1200,1,,1
5928,113,0,0,1,,1
5928,113,0,0,1,,1
5928,113,0,0,1,,1
5928,113,0,0,1,,1
5928,113,0,0,1,,1
5928,113,0,0,1,,1
5928,113,0,0,1,,1
5928,113,0,0,1,,1
5928,113,0,0,1,,1
5928,113,0,0,1,,1
5928,113,0,0,1,,1
5928,113,0,0,1,,1
5928,113,0,0,1,,1
5928,113,0,0,1,,1
5928,113,0,0,1,,1
5929,180,0,750,1,,1
5929,180,0,750,1,,1
5929,180,0,750,1,,1
5929,180,0,750,1,,1
5930,113,0,750,1,,1
5931,56,0,850,1,,1
5931,196,0,1200,1,,1
5932,64,0,1200,1,,1
5932,55,0,1500,1,,1
5932,113,0,750,1,,1
5933,64,0,1200,1,,1
5933,55,0,1500,1,,1
5934,159,0,700,1,,1
5935,119,0,1300,1,,1
5935,115,0,600,1,,1
5936,113,0,750,1,,1
5936,194,0,1200,1,,1
5936,194,0,1200,1,,1
5936,194,0,1200,1,,1
5936,107,15,50,1,,1
5937,159,0,700,1,,1
5938,142,0,600,1,,1
5939,187,0,700,1,,1
5940,56,0,850,1,,1
5941,116,0,600,1,,1
5941,116,0,600,1,,1
5941,194,0,1200,1,,1
5941,191,0,500,1,,1
5942,56,0,850,1,,1
5942,142,0,600,1,,1
5942,142,0,600,1,,1
5942,116,0,600,1,,1
5943,116,0,600,1,,1
5944,116,0,600,1,,1
5944,113,0,750,1,,1
5944,187,0,700,1,,1
5945,187,0,700,1,,1
5945,64,0,1200,1,,1
5945,187,0,700,1,,1
5945,187,0,700,1,,1
5945,107,15,50,1,,1
5946,65,164,950,1,,1
5947,64,0,0,1,,1
5947,64,0,0,1,,1
5947,64,0,0,1,,1
5948,142,0,600,1,,1
5949,56,0,850,1,,1
5950,159,0,700,1,,1
5951,142,0,600,1,,1
5952,119,0,1300,1,,1
5952,5,182,700,1,,1
5953,55,0,1500,1,,1
5953,55,0,1500,1,,1
5953,56,0,850,1,,1
5953,56,0,850,1,,1
5954,116,0,600,1,,1
5954,202,0,2000,1,,1
5955,115,0,600,1,,1
5955,119,0,1300,1,,1
5955,111,0,850,1,,1
5955,187,0,700,1,,1
5955,187,0,700,1,,1
5955,187,0,700,1,,1
5955,186,0,750,1,,1
5955,186,0,750,1,,1
5955,194,0,1200,1,,1
5955,107,15,50,1,,1
5956,202,0,2000,1,,1
5956,55,0,1500,1,,1
5957,202,0,2000,1,,1
5958,202,0,2000,1,,1
5959,64,0,1200,1,,1
5959,76,20.75,50,1,,1
5960,116,0,600,1,,1
5961,64,0,0,1,,1
5961,64,0,0,1,,1
5961,202,0,0,1,,1
5962,202,0,2000,1,,1
5963,202,0,2000,1,,1
5964,191,0,500,1,,1
5964,196,0,1200,1,,1
5964,111,0,850,1,,1
5965,194,0,1200,1,,1
5965,196,0,1200,1,,1
5965,196,0,1200,1,,1
5965,55,0,1500,1,,1
5965,107,15,50,1,,1
5965,107,15,50,1,,1
5966,194,0,1200,1,,1
5967,101,0,600,1,,1
5967,192,0,1200,1,,1
5968,194,0,1200,1,,1
5969,159,0,700,1,,1
5970,187,0,700,1,,1
5970,187,0,700,1,,1
5970,107,15,50,1,,1
5970,142,0,600,1,,1
5970,142,0,600,1,,1
5971,202,0,2000,1,,1
5972,202,0,2000,1,,1
5973,113,0,750,1,,1
5974,142,0,600,1,,1
5974,119,0,1300,1,,1
5974,65,164,950,1,,1
5975,202,0,2000,1,,1
5975,202,0,2000,1,,1
5975,202,0,2000,1,,1
5975,202,0,2000,1,,1
5975,202,0,2000,1,,1
5975,202,0,2000,1,,1
5975,202,0,2000,1,,1
5975,202,0,2000,1,,1
5975,202,0,2000,1,,1
5975,202,0,2000,1,,1
5976,55,0,1500,1,,1
5976,101,0,600,1,,1
5976,191,0,500,1,,1
5976,191,0,500,1,,1
5976,55,0,1500,1,,1
5977,113,0,0,1,,1
5977,113,0,0,1,,1
5977,113,0,0,1,,1
5977,113,0,0,1,,1
5977,113,0,0,1,,1
5977,113,0,0,1,,1
5977,113,0,0,1,,1
5977,113,0,0,1,,1
5977,113,0,0,1,,1
5977,113,0,0,1,,1
5977,64,0,0,1,,1
5977,116,0,0,1,,1
5977,116,0,0,1,,1
5977,113,0,0,1,,1
5977,202,0,0,1,,1
5978,202,0,2000,1,,1
5978,202,0,2000,1,,1
5978,202,0,2000,1,,1
5979,70,250,650,1,,1
5979,191,0,500,1,,1
5980,55,0,1500,1,,1
5980,151,148,600,1,,1
5981,67,0,1500,1,,1
5982,64,0,1200,1,,1
5983,113,0,750,1,,1
5984,202,0,2000,1,,1
5985,116,0,600,1,,1
5986,116,0,600,1,,1
5986,113,0,750,1,,1
5987,113,0,0,1,,1
5987,113,0,0,1,,1
5987,113,0,0,1,,1
5987,113,0,0,1,,1
5987,113,0,0,1,,1
5987,113,0,0,1,,1
5987,113,0,0,1,,1
5987,113,0,0,1,,1
5987,64,0,0,1,,1
5988,191,0,500,1,,1
5988,111,0,850,1,,1
5989,192,0,1200,1,,1
5989,192,0,1200,1,,1
5989,107,15,50,1,,1
5989,107,15,50,1,,1
5990,113,0,750,1,,1
5991,187,0,700,1,,1
5991,191,0,500,1,,1
5991,107,15,50,1,,1
5992,113,0,750,1,,1
5993,64,0,0,1,,1
5993,113,0,0,1,,1
5994,111,0,850,1,,1
5994,187,0,700,1,,1
5995,131,0,600,1,,1
5996,113,0,0,1,,1
5996,64,0,0,1,,1
5996,64,0,0,1,,1
5996,64,0,0,1,,1
5996,64,0,0,1,,1
5997,111,0,850,1,,1
5998,131,0,600,1,,1
5998,198,0,750,1,,1
5998,53,0,1250,1,,1
5999,111,0,850,1,,1
5999,191,0,500,1,,1
5999,111,0,850,1,,1
5999,159,0,700,1,,1
5999,196,0,1200,1,,1
6000,55,0,1500,1,,1
6000,180,0,750,1,,1
6001,113,0,750,1,,1
6002,67,0,1500,1,,1
6002,64,0,1200,1,,1
6002,111,0,850,1,,1
6002,55,0,1500,1,,1
6002,67,0,1500,1,,1
6002,107,15,50,1,,1
6003,64,0,1200,1,,1
6003,151,148,600,1,,1
6004,151,148,600,1,,1
6005,55,0,1500,1,,1
6005,64,0,1200,1,,1
6006,101,0,600,1,,1
6006,101,0,600,1,,1
6006,187,0,700,1,,1
6006,187,0,700,1,,1
6006,107,15,50,1,,1
6007,116,0,600,1,,1
6008,159,0,700,1,,1
6009,151,148,600,1,,1
6011,151,148,600,1,,1
6012,191,0,500,1,,1
6012,178,0,650,1,,1
6013,55,0,1500,1,,1
6013,64,0,1200,1,,1
6014,64,0,1200,1,,1
6015,64,0,1200,1,,1
6015,64,0,1200,1,,1
6016,64,0,0,1,,1
6016,113,0,0,1,,1
6016,113,0,0,1,,1
6016,113,0,0,1,,1
6016,113,0,0,1,,1
6016,113,0,0,1,,1
6017,48,0,600,1,,1
6018,55,0,1500,1,,1
6018,119,0,1300,1,,1
6019,151,148,0,1,,1
6019,55,0,0,1,,1
6019,64,0,0,1,,1
6019,139,0,0,1,,1
6019,159,0,0,1,,1
6020,55,0,1500,1,,1
6020,55,0,1500,1,,1
6020,55,0,1500,1,,1
6020,55,0,1500,1,,1
6020,55,0,1500,1,,1
6020,107,15,50,1,,1
6020,107,15,50,1,,1
6020,107,15,50,1,,1
6021,115,0,600,1,,1
6022,64,0,1200,1,,1
6022,55,0,1500,1,,1
6022,137,0,50,1,,1
6023,151,148,600,1,,1
6024,151,148,600,1,,1
6024,64,0,1200,1,,1
6025,113,0,750,1,,1
6026,64,0,1200,1,,1
6027,131,0,600,1,,1
6027,119,0,1300,1,,1
6028,55,0,1500,1,,1
6029,131,0,600,1,,1
6030,202,0,2000,1,,1
6030,194,0,1200,1,,1
6031,64,0,0,1,,1
6031,64,0,0,1,,1
6031,64,0,0,1,,1
6032,176,0,600,1,,1
6032,193,0,1300,1,,1
6033,151,148,600,1,,1
6034,131,0,600,1,,1
6034,192,0,1200,1,,1
6035,187,0,700,1,,1
6035,64,0,1200,1,,1
6035,64,0,1200,1,,1
6036,55,0,1500,1,,1
6036,131,0,600,1,,1
6037,151,148,600,1,,1
6038,202,0,2000,1,,1
6038,202,0,2000,1,,1
6038,115,0,600,1,,1
6038,202,0,2000,1,,1
6038,187,0,700,1,,1
6038,187,0,700,1,,1
6038,137,0,50,1,,1
6039,202,0,2000,1,,1
6039,202,0,2000,1,,1
6040,115,0,600,1,,1
6041,64,0,1200,1,,1
6042,159,0,700,1,,1
6042,119,0,1300,1,,1
6042,191,0,500,1,,1
6043,119,0,0,1,,1
6043,115,0,0,1,,1
6044,55,0,1500,1,,1
6044,55,0,1500,1,,1
6044,137,0,50,1,,1
6045,116,0,600,1,,1
6046,192,0,1200,1,,1
6046,101,0,600,1,,1
6047,64,0,1200,1,,1
6047,55,0,1500,1,,1
6048,193,0,1300,1,,1
6049,5,182,700,1,,1
6050,113,0,0,1,,1
6050,113,0,0,1,,1
6050,113,0,0,1,,1
6050,202,0,0,1,,1
6050,64,0,0,1,,1
6050,111,0,0,1,,1
6050,113,0,0,1,,1
6050,113,0,0,1,,1
6050,113,0,0,1,,1
6050,113,0,0,1,,1
6050,113,0,0,1,,1
6050,113,0,0,1,,1
6050,64,0,0,1,,1
6051,202,0,2000,1,,1
6051,202,0,2000,1,,1
6051,202,0,2000,1,,1
6051,202,0,2000,1,,1
6051,202,0,2000,1,,1
6051,202,0,2000,1,,1
6051,202,0,2000,1,,1
6051,202,0,2000,1,,1
6051,202,0,2000,1,,1
6051,202,0,2000,1,,1
6052,111,0,850,1,,1
6053,159,0,700,1,,1
6053,64,0,1200,1,,1
6054,196,0,1200,1,,1
6054,119,0,1300,1,,1
6055,64,0,1200,1,,1
6056,111,0,850,1,,1
6056,111,0,850,1,,1
6056,111,0,850,1,,1
6056,194,0,1200,1,,1
6057,64,0,1200,1,,1
6057,199,0,850,1,,1
6057,178,0,650,1,,1
6057,159,0,700,1,,1
6057,131,0,600,1,,1
6057,159,0,700,1,,1
6057,64,0,1200,1,,1
6058,55,0,1500,1,,1
6059,113,0,750,1,,1
6060,119,0,1300,1,,1
6060,111,0,850,1,,1
6061,55,0,1500,1,,1
6062,113,0,750,1,,1
6063,64,0,1200,1,,1
6063,64,0,1200,1,,1
6064,64,0,1200,1,,1
6064,191,0,500,1,,1
6064,191,0,500,1,,1
6065,202,0,2000,1,,1
6066,202,0,0,1,,1
6066,113,0,0,1,,1
6066,139,0,0,1,,1
6066,64,0,0,1,,1
6066,64,0,0,1,,1
6066,202,0,0,1,,1
6067,115,0,600,1,,1
6068,159,0,700,1,,1
6069,119,0,1300,1,,1
6069,101,0,600,1,,1
6069,151,148,600,1,,1
6070,113,0,750,1,,1
6071,191,0,500,1,,1
6072,55,0,1500,1,,1
6073,151,148,600,1,,1
6074,64,0,1200,1,,1
6074,151,148,600,1,,1
6075,113,0,750,1,,1
6076,151,148,600,1,,1
6077,151,148,600,1,,1
6078,113,0,0,1,,1
6079,194,0,1200,1,,1
6079,55,0,1500,1,,1
6080,119,0,1300,1,,1
6080,151,148,600,1,,1
6081,191,0,500,1,,1
6082,116,0,600,1,,1
6082,113,0,750,1,,1
6082,191,0,500,1,,1
6083,196,0,1200,1,,1
6084,116,0,600,1,,1
6085,64,0,1200,1,,1
6085,64,0,1200,1,,1
6085,194,0,1200,1,,1
6086,64,0,1200,1,,1
6086,166,0,600,1,,1
6087,55,0,0,1,,1
6087,55,0,0,1,,1
6087,166,0,0,1,,1
6087,166,0,0,1,,1
6087,49,250,0,1,,1
6087,113,0,0,1,,1
6087,113,0,0,1,,1
6087,113,0,0,1,,1
6087,113,0,0,1,,1
6087,139,0,0,1,,1
6087,64,0,0,1,,1
6087,187,0,0,1,,1
6087,186,0,0,1,,1
6087,199,0,0,1,,1
6087,62,310,0,1,,1
6087,137,0,0,1,,1
6088,159,0,700,1,,1
6088,111,0,850,1,,1
6088,194,0,1200,1,,1
6089,64,0,1200,1,,1
6090,192,0,1200,1,,1
6090,115,0,600,1,,1
6091,119,0,1300,1,,1
6092,119,0,1300,1,,1
6092,119,0,1300,1,,1
6093,159,0,700,1,,1
6093,137,0,50,1,,1
6093,187,0,700,1,,1
6094,166,0,600,1,,1
6095,115,0,600,1,,1
6096,64,0,1200,1,,1
6096,159,0,700,1,,1
6096,137,0,50,1,,1
6096,198,0,750,1,,1
6096,198,0,750,1,,1
6096,186,0,750,1,,1
6097,116,0,600,1,,1
6097,64,0,1200,1,,1
6097,64,0,1200,1,,1
6097,64,0,1200,1,,1
6097,191,0,500,1,,1
6097,55,0,1500,1,,1
6098,119,0,1300,1,,1
6099,64,0,1200,1,,1
6099,64,0,1200,1,,1
6100,194,0,1200,1,,1
6101,64,0,1200,1,,1
6102,115,0,600,1,,1
6102,191,0,500,1,,1
6103,191,0,500,1,,1
6104,55,0,1500,1,,1
6105,115,0,600,1,,1
6105,131,0,600,1,,1
6105,187,0,700,1,,1
6106,116,0,600,1,,1
6106,166,0,600,1,,1
6107,64,0,0,1,,1
6107,64,0,0,1,,1
6107,64,0,0,1,,1
6107,64,0,0,1,,1
6107,64,0,0,1,,1
6107,113,0,0,1,,1
6107,113,0,0,1,,1
6107,131,0,0,1,,1
6107,131,0,0,1,,1
6108,166,0,600,1,,1
6110,166,0,600,1,,1
6111,65,164,1000,1,,1
6112,55,0,1700,1,,1
6112,205,0,650,1,,1
6113,183,0,650,1,,1
6114,187,0,700,1,,1
6114,208,0,1150,1,,1
6115,55,0,1700,1,,1
6115,131,0,600,1,,1
6116,119,0,1500,1,,1
6116,203,0,1150,1,,1
6116,183,0,650,1,,1
6116,208,0,1150,1,,1
6117,204,0,800,1,,1
6117,166,0,600,1,,1
6118,64,0,1300,1,,1
6118,194,0,1600,1,,1
6118,204,0,800,1,,1
6119,206,0,700,1,,1
6120,204,0,0,1,,1
6120,204,0,0,1,,1
6120,204,0,0,1,,1
6120,64,0,0,1,,1
6120,64,0,0,1,,1
6121,119,0,1500,1,,1
6122,64,0,1300,1,,1
6123,204,0,800,1,,1
6123,204,0,800,1,,1
6123,196,0,1600,1,,1
6123,196,0,1600,1,,1
6124,119,0,1500,1,,1
6125,189,0,750,1,,1
6126,52,0,650,1,,1
6126,52,0,650,1,,1
6126,137,0,50,1,,1
6127,204,0,800,1,,1
6127,159,0,700,1,,1
6128,139,0,750,1,,1
6128,159,0,700,1,,1
6129,64,0,1300,1,,1
6129,64,0,1300,1,,1
6130,187,0,700,1,,1
6130,187,0,700,1,,1
6130,137,0,50,1,,1
6131,203,0,1150,1,,1
6131,204,0,800,1,,1
6132,192,0,1500,1,,1
6132,131,0,600,1,,1
6132,204,0,800,1,,1
6133,64,0,1300,1,,1
6133,195,0,1600,1,,1
6134,206,0,700,1,,1
6135,203,0,1150,1,,1
6135,203,0,1150,1,,1
6136,64,0,1300,1,,1
6137,64,0,1300,1,,1
6138,203,0,1150,1,,1
6139,64,0,1300,1,,1
6140,119,0,1500,1,,1
6141,64,0,1300,1,,1
6142,65,164,1000,1,,1
6143,139,0,0,1,,1
6143,205,0,0,1,,1
6144,203,0,1150,1,,1
6144,205,0,650,1,,1
6145,203,0,1150,1,,1
6145,55,0,1700,1,,1
6145,159,0,700,1,,1
6145,166,0,600,1,,1
6146,53,0,1500,1,,1
6146,53,0,1500,1,,1
6146,64,0,1300,1,,1
6146,64,0,1300,1,,1
6146,203,0,1150,1,,1
6146,187,0,700,1,,1
6146,208,0,1150,1,,1
6146,115,0,600,1,,1
6147,64,0,1300,1,,1
6147,208,0,1150,1,,1
6147,194,0,1600,1,,1
6148,55,0,1700,1,,1
6148,142,0,600,1,,1
6148,112,0,600,1,,1
6149,202,0,2000,1,,1
6150,204,0,800,1,,1
6150,204,0,800,1,,1
6150,196,0,1600,1,,1
6151,64,0,1300,1,,1
6151,204,0,800,1,,1
6152,204,0,800,1,,1
6153,204,0,800,1,,1
6154,64,0,1300,1,,1
6155,186,0,750,1,,1
6155,203,0,1150,1,,1
6155,64,0,1300,1,,1
6156,206,0,700,1,,1
6157,206,0,700,1,,1
6157,112,0,600,1,,1
6158,194,0,0,1,,1
6158,196,0,0,1,,1
6158,204,0,0,1,,1
6158,204,0,0,1,,1
6158,204,0,0,1,,1
6158,204,0,0,1,,1
6158,204,0,0,1,,1
6158,204,0,0,1,,1
6158,204,0,0,1,,1
6158,204,0,0,1,,1
6158,204,0,0,1,,1
6158,64,0,0,1,,1
6159,61,310,750,1,,1
6159,119,0,1500,1,,1
6159,112,0,600,1,,1
6159,131,0,600,1,,1
6159,183,0,650,1,,1
6159,159,0,700,1,,1
6160,64,0,1300,1,,1
6160,55,0,1700,1,,1
6160,166,0,600,1,,1
6161,202,0,2000,1,,1
6161,202,0,2000,1,,1
6162,159,0,700,1,,1
6162,112,0,600,1,,1
6162,64,0,1300,1,,1
6162,204,0,800,1,,1
6162,159,0,700,1,,1
6162,196,0,1600,1,,1
6162,166,0,600,1,,1
6162,55,0,1700,1,,1
6163,183,0,650,1,,1
6163,55,0,1700,1,,1
6164,205,0,650,1,,1
6165,202,0,2000,1,,1
6166,101,0,600,1,,1
6166,55,0,1700,1,,1
6167,195,0,1600,1,,1
6167,195,0,1600,1,,1
6167,137,0,50,1,,1
6168,112,0,600,1,,1
6169,159,0,700,1,,1
6170,208,0,1150,1,,1
6170,187,0,700,1,,1
6171,119,0,1500,1,,1
6171,119,0,1500,1,,1
6171,101,0,600,1,,1
6171,101,0,600,1,,1
6171,205,0,650,1,,1
6171,205,0,650,1,,1
6171,101,0,600,1,,1
6172,206,0,700,1,,1
6173,64,0,0,1,,1
6173,64,0,0,1,,1
6173,204,0,0,1,,1
6173,204,0,0,1,,1
6174,55,0,1700,1,,1
6174,204,0,800,1,,1
6175,202,0,2000,1,,1
6176,204,0,800,1,,1
6177,112,0,600,1,,1
6178,208,0,1150,1,,1
6179,131,0,600,1,,1
6180,159,0,700,1,,1
6180,202,0,2000,1,,1
6180,204,0,800,1,,1
6180,202,0,2000,1,,1
6180,202,0,2000,1,,1
6181,55,0,1700,1,,1
6181,115,0,600,1,,1
6182,166,0,600,1,,1
6182,159,0,700,1,,1
6182,64,0,1300,1,,1
6183,64,0,1300,1,,1
6183,64,0,1300,1,,1
6184,203,0,1150,1,,1
6185,202,0,2000,1,,1
6186,203,0,1150,1,,1
6187,204,0,0,1,,1
6187,204,0,0,1,,1
6187,204,0,0,1,,1
6187,204,0,0,1,,1
6187,204,0,0,1,,1
6187,204,0,0,1,,1
6187,204,0,0,1,,1
6187,204,0,0,1,,1
6187,204,0,0,1,,1
6187,204,0,0,1,,1
6187,204,0,0,1,,1
6187,204,0,0,1,,1
6187,205,0,0,1,,1
6187,202,0,0,1,,1
6188,206,0,700,1,,1
6189,195,0,0,1,,1
6190,159,0,700,1,,1
6191,205,0,650,1,,1
6191,202,0,2000,1,,1
6192,131,0,600,1,,1
6192,119,0,1500,1,,1
6192,204,0,800,1,,1
6193,159,0,700,1,,1
6194,166,0,600,1,,1
6195,204,0,800,1,,1
6195,53,0,1500,1,,1
6195,192,0,1500,1,,1
6195,112,0,600,1,,1
6195,119,0,1500,1,,1
6195,119,0,1500,1,,1
6195,119,0,1500,1,,1
6195,131,0,600,1,,1
6195,131,0,600,1,,1
6195,131,0,600,1,,1
6195,208,0,1150,1,,1
6196,48,0,600,1,,1
6197,166,0,600,1,,1
6197,48,0,600,1,,1
6198,119,0,1500,1,,1
6198,5,182,700,1,,1
6199,204,0,800,1,,1
6200,64,0,0,1,,1
6200,204,0,0,1,,1
6200,204,0,0,1,,1
6200,204,0,0,1,,1
6200,204,0,0,1,,1
6200,208,0,0,1,,1
6200,202,0,0,1,,1
6201,206,0,700,1,,1
6202,53,0,1500,1,,1
6202,192,0,1500,1,,1
6202,112,0,600,1,,1
6202,204,0,800,1,,1
6203,210,0,1500,1,,1
6203,186,0,750,1,,1
6203,210,0,1500,1,,1
6204,208,0,1150,1,,1
6204,203,0,1150,1,,1
6205,55,0,1700,1,,1
6205,55,0,1700,1,,1
6205,137,0,50,1,,1
6206,210,0,1500,1,,1
6207,115,0,600,1,,1
6207,119,0,1500,1,,1
6208,210,0,1500,1,,1
6209,166,0,600,1,,1
6209,166,0,600,1,,1
6209,166,0,600,1,,1
6209,166,0,600,1,,1
6209,210,0,1500,1,,1
6209,210,0,1500,1,,1
6210,203,0,1150,1,,1
6211,210,0,1500,1,,1
6212,186,0,750,1,,1
6213,119,0,1500,1,,1
6214,113,0,0,1,,1
6214,113,0,0,1,,1
6214,166,0,0,1,,1
6214,183,0,0,1,,1
6214,183,0,0,1,,1
6214,146,250,0,1,,1
6214,146,250,0,1,,1
6214,113,0,0,1,,1
6214,113,0,0,1,,1
6214,113,0,0,1,,1
6214,113,0,0,1,,1
6214,113,0,0,1,,1
6214,113,0,0,1,,1
6214,113,0,0,1,,1
6214,113,0,0,1,,1
6214,113,0,0,1,,1
6214,113,0,0,1,,1
6214,113,0,0,1,,1
6214,113,0,0,1,,1
6214,113,0,0,1,,1
6214,113,0,0,1,,1
6214,113,0,0,1,,1
6214,113,0,0,1,,1
6214,205,0,0,1,,1
6215,159,0,700,1,,1
6216,205,0,650,1,,1
6217,210,0,1500,1,,1
6218,205,0,650,1,,1
6218,205,0,650,1,,1
6219,166,0,600,1,,1
6220,64,0,1300,1,,1
6220,195,0,1600,1,,1
6221,64,0,1300,1,,1
6221,194,0,1600,1,,1
6222,159,0,700,1,,1
6223,119,0,1500,1,,1
6224,119,0,1500,1,,1
6225,64,0,0,1,,1
6225,64,0,0,1,,1
6225,64,0,0,1,,1
6225,64,0,0,1,,1
6226,210,0,0,1,,1
6227,206,0,700,1,,1
6227,210,0,1500,1,,1
6228,119,0,1500,1,,1
6228,210,0,1500,1,,1
6228,210,0,1500,1,,1
6228,210,0,1500,1,,1
6228,208,0,1150,1,,1
6228,206,0,700,1,,1
6228,55,0,1700,1,,1
6228,195,0,1600,1,,1
6228,195,0,1600,1,,1
6228,195,0,1600,1,,1
6228,194,0,1600,1,,1
6228,194,0,1600,1,,1
6228,194,0,1600,1,,1
6229,203,0,1150,1,,1
6230,203,0,1150,1,,1
6230,203,0,1150,1,,1
6231,166,0,600,1,,1
6232,119,0,1500,1,,1
6232,119,0,1500,1,,1
6232,101,0,600,1,,1
6232,10,0,650,1,,1
6233,205,0,650,1,,1
6233,206,0,700,1,,1
6234,64,0,1300,1,,1
6235,64,0,1300,1,,1
6236,113,0,750,1,,1
6236,166,0,600,1,,1
6237,159,0,700,1,,1
6238,64,0,1300,1,,1
6239,166,0,600,1,,1
6239,65,164,1000,1,,1
6240,207,0,1000,1,,1
6241,152,0,900,1,,1
6242,203,0,1150,1,,1
6243,206,0,700,1,,1
6243,186,0,750,1,,1
6244,203,0,1150,1,,1
6245,166,0,600,1,,1
6246,206,0,700,1,,1
6247,64,0,0,1,,1
6247,64,0,0,1,,1
6247,64,0,0,1,,1
6247,64,0,0,1,,1
6248,64,0,1300,1,,1
6249,203,0,1150,1,,1
6250,101,0,600,1,,1
6250,131,0,600,1,,1
6251,203,0,1150,1,,1
6252,203,0,1150,1,,1
6253,55,0,1700,1,,1
6253,131,0,600,1,,1
6254,194,0,1600,1,,1
6254,203,0,1150,1,,1
6254,159,0,700,1,,1
6254,113,0,750,1,,1
6255,64,0,1300,1,,1
6256,159,0,700,1,,1
6257,119,0,1500,1,,1
6257,64,0,1300,1,,1
6257,10,0,650,1,,1
6258,186,0,750,1,,1
6258,186,0,750,1,,1
6258,186,0,750,1,,1
6258,186,0,750,1,,1
6258,55,0,1700,1,,1
6258,159,0,700,1,,1
6258,206,0,700,1,,1
6258,206,0,700,1,,1
6258,208,0,1150,1,,1
6258,208,0,1150,1,,1
6258,208,0,1150,1,,1
6258,137,0,50,1,,1
6258,137,0,50,1,,1
6258,137,0,50,1,,1
6258,64,0,1300,1,,1
6259,52,0,650,1,,1
6259,64,0,1300,1,,1
6260,208,0,1150,1,,1
6260,208,0,1150,1,,1
6260,208,0,1150,1,,1
6260,137,0,50,1,,1
6261,208,0,1150,1,,1
6261,203,0,1150,1,,1
6262,64,0,1300,1,,1
6262,55,0,1700,1,,1
6264,113,0,0,1,,1
6264,113,0,0,1,,1
6264,113,0,0,1,,1
6264,113,0,0,1,,1
6265,211,0,0,1,,1
6266,203,0,1150,1,,1
6266,53,0,1500,1,,1
6267,203,0,1150,1,,1
6267,10,0,650,1,,1
6268,208,0,1150,1,,1
6268,208,0,1150,1,,1
6268,208,0,1150,1,,1
6268,137,0,50,1,,1
6269,115,0,600,1,,1
6270,194,0,1600,1,,1
6270,203,0,1150,1,,1
6270,55,0,1700,1,,1
6270,137,0,50,1,,1
6271,64,0,1300,1,,1
6271,64,0,1300,1,,1
6271,64,0,1300,1,,1
6272,207,0,1000,1,,1
6272,55,0,1700,1,,1
6273,64,0,1300,1,,1
6274,203,0,1150,1,,1
6275,64,0,1300,1,,1
6276,64,0,1300,1,,1
6276,206,0,700,1,,1
6277,55,0,1700,1,,1
6277,203,0,1150,1,,1
6277,166,0,600,1,,1
6278,64,0,1300,1,,1
6278,64,0,1300,1,,1
6279,64,0,1300,1,,1
6280,64,0,1300,1,,1
6280,64,0,1300,1,,1
6281,203,0,1150,1,,1
6282,204,0,0,1,,1
6282,204,0,0,1,,1
6282,204,0,0,1,,1
6282,204,0,0,1,,1
6282,204,0,0,1,,1
6283,205,0,650,1,,1
6284,204,0,800,1,,1
6284,203,0,1150,1,,1
6284,194,0,1600,1,,1
6284,194,0,1600,1,,1
6284,101,0,600,1,,1
6284,208,0,1150,1,,1
6285,166,0,600,1,,1
6285,166,0,600,1,,1
6286,203,0,1150,1,,1
6286,203,0,1150,1,,1
6287,64,0,1300,1,,1
6287,64,0,1300,1,,1
6287,193,0,1700,1,,1
6288,176,0,600,1,,1
6288,204,0,800,1,,1
6288,206,0,700,1,,1
6289,210,0,1500,1,,1
6290,176,0,600,1,,1
6290,193,0,1700,1,,1
6291,204,0,800,1,,1
6292,203,0,1150,1,,1
6293,210,0,1500,1,,1
6294,210,0,1500,1,,1
6295,206,0,700,1,,1
6295,206,0,700,1,,1
6296,159,0,700,1,,1
6297,204,0,0,1,,1
6298,195,0,1600,1,,1
6299,204,0,0,1,,1
6299,204,0,0,1,,1
6299,204,0,0,1,,1
6299,204,0,0,1,,1
6299,204,0,0,1,,1
6299,204,0,0,1,,1
6299,204,0,0,1,,1
6299,204,0,0,1,,1
6299,204,0,0,1,,1
6299,204,0,0,1,,1
6299,204,0,0,1,,1
6299,210,0,0,1,,1
6299,210,0,0,1,,1
6300,64,0,1300,1,,1
6301,193,0,1700,1,,1
6301,193,0,1700,1,,1
6301,159,0,700,1,,1
6301,206,0,700,1,,1
6301,210,0,1500,1,,1
6301,210,0,1500,1,,1
6301,10,0,650,1,,1
6301,137,0,50,1,,1
6301,137,0,50,1,,1
6301,64,0,1300,1,,1
6302,203,0,0,1,,1
6303,206,0,700,1,,1
6303,206,0,700,1,,1
6303,10,0,650,1,,1
6304,206,0,700,1,,1
6305,119,0,1500,1,,1
6305,119,0,1500,1,,1
6305,131,0,600,1,,1
6305,142,0,600,1,,1
6306,210,0,1500,1,,1
6307,152,0,900,1,,1
6308,48,0,600,1,,1
6308,48,0,600,1,,1
6309,64,0,1300,1,,1
6309,64,0,1300,1,,1
6309,137,0,50,1,,1
6309,137,0,50,1,,1
6310,210,0,1500,1,,1
6310,210,0,1500,1,,1
6312,206,0,700,1,,1
6312,210,0,1500,1,,1
6313,210,0,1500,1,,1
6313,203,0,1150,1,,1
6313,210,0,1500,1,,1
6314,48,0,600,1,,1
6315,210,0,0,1,,1
6315,211,0,0,1,,1
6315,204,0,0,1,,1
6315,204,0,0,1,,1
6315,204,0,0,1,,1
6315,204,0,0,1,,1
6315,204,0,0,1,,1
6315,204,0,0,1,,1
6315,204,0,0,1,,1
6315,204,0,0,1,,1
6315,204,0,0,1,,1
6316,159,0,700,1,,1
6316,176,0,600,1,,1
6317,119,0,1500,1,,1
6318,119,0,1500,1,,1
6318,101,0,600,1,,1
6320,195,0,1600,1,,1
6320,203,0,1150,1,,1
6321,204,0,800,1,,1
6322,55,0,1700,1,,1
6322,48,0,600,1,,1
6323,64,0,1300,1,,1
6323,186,0,750,1,,1
6324,203,0,1150,1,,1
6324,64,0,1300,1,,1
6325,64,0,1300,1,,1
6326,64,0,1300,1,,1
6327,52,0,650,1,,1
6327,101,0,600,1,,1
6328,204,0,0,1,,1
6328,204,0,0,1,,1
6328,204,0,0,1,,1
6328,204,0,0,1,,1
6328,204,0,0,1,,1
6328,204,0,0,1,,1
6328,204,0,0,1,,1
6328,204,0,0,1,,1
6328,204,0,0,1,,1
6328,204,0,0,1,,1
6328,204,0,0,1,,1
6328,210,0,0,1,,1
6328,206,0,0,1,,1
6328,186,0,0,1,,1
6328,186,0,0,1,,1
6329,205,0,650,1,,1
6330,101,0,600,1,,1
6330,101,0,600,1,,1
6330,186,0,750,1,,1
6331,52,0,650,1,,1
6331,205,0,650,1,,1
6332,204,0,800,1,,1
6332,204,0,800,1,,1
6332,159,0,700,1,,1
6332,194,0,1600,1,,1
6333,204,0,0,1,,1
6333,186,0,0,1,,1
6334,125,0,500,1,,1
6335,55,0,0,1,,1
6335,64,0,0,1,,1
6336,204,0,800,1,,1
6336,203,0,1150,1,,1
6336,119,0,1500,1,,1
6337,203,0,1150,1,,1
6337,206,0,700,1,,1
6337,203,0,1150,1,,1
6338,203,0,1150,1,,1
6339,55,0,1700,1,,1
6339,5,182,700,1,,1
6339,64,0,1300,1,,1
6340,101,0,600,1,,1
6340,101,0,600,1,,1
6340,55,0,1700,1,,1
6340,55,0,1700,1,,1
6340,195,0,1600,1,,1
6341,101,0,600,1,,1
6342,206,0,700,1,,1
6343,64,0,1300,1,,1
6344,176,0,600,1,,1
6345,159,0,700,1,,1
6345,186,0,750,1,,1
6346,159,0,700,1,,1
6347,119,0,1500,1,,1
6348,64,0,1300,1,,1
6349,204,0,0,1,,1
6349,204,0,0,1,,1
6349,204,0,0,1,,1
6349,204,0,0,1,,1
6349,204,0,0,1,,1
6349,204,0,0,1,,1
6349,204,0,0,1,,1
6349,204,0,0,1,,1
6350,64,0,1300,1,,1
6350,195,0,1600,1,,1
6351,166,0,600,1,,1
6352,210,0,1500,1,,1
6353,55,0,1700,1,,1
6353,131,0,600,1,,1
6353,166,0,600,1,,1
6354,204,0,800,1,,1
6355,205,0,650,1,,1
6356,64,0,1300,1,,1
6356,64,0,1300,1,,1
6356,55,0,1700,1,,1
6356,186,0,750,1,,1
6356,204,0,800,1,,1
6356,204,0,800,1,,1
6357,194,0,1600,1,,1
6358,48,0,600,1,,1
6358,48,0,600,1,,1
6359,64,0,1300,1,,1
6359,64,0,1300,1,,1
6360,210,0,1500,1,,1
6360,210,0,1500,1,,1
6361,204,0,800,1,,1
6361,64,0,1300,1,,1
6361,210,0,1500,1,,1
6362,206,0,0,1,,1
6362,206,0,0,1,,1
6362,204,0,0,1,,1
6362,205,0,0,1,,1
6362,205,0,0,1,,1
6362,210,0,0,1,,1
6362,204,0,0,1,,1
6362,204,0,0,1,,1
6362,204,0,0,1,,1
6362,204,0,0,1,,1
6362,204,0,0,1,,1
6362,204,0,0,1,,1
6363,64,0,1300,1,,1
6363,64,0,1300,1,,1
6363,64,0,1300,1,,1
6363,64,0,1300,1,,1
6364,210,0,1500,1,,1
6364,210,0,1500,1,,1
6365,55,0,1700,1,,1
6365,55,0,1700,1,,1
6365,203,0,1150,1,,1
6365,115,0,600,1,,1
6366,207,0,1000,1,,1
6366,207,0,1000,1,,1
6366,207,0,1000,1,,1
6366,55,0,1700,1,,1
6366,159,0,700,1,,1
6366,166,0,600,1,,1
6366,166,0,600,1,,1
6366,55,0,1700,1,,1
6366,210,0,1500,1,,1
6367,64,0,1300,1,,1
6367,205,0,650,1,,1
6368,207,0,1000,1,,1
6368,195,0,1600,1,,1
6368,142,0,600,1,,1
6368,195,0,1600,1,,1
6369,64,0,1300,1,,1
6369,64,0,1300,1,,1
6369,64,0,1300,1,,1
6370,115,0,600,1,,1
6371,206,0,700,1,,1
6371,206,0,700,1,,1
6371,208,0,1150,1,,1
6371,208,0,1150,1,,1
6371,137,0,50,1,,1
6371,137,0,50,1,,1
6372,193,0,1700,1,,1
6372,64,0,1300,1,,1
6373,210,0,1500,1,,1
6374,203,0,0,1,,1
6374,203,0,0,1,,1
6375,204,0,0,1,,1
6375,204,0,0,1,,1
6375,204,0,0,1,,1
6375,204,0,0,1,,1
6375,204,0,0,1,,1
6375,204,0,0,1,,1
6375,204,0,0,1,,1
6375,204,0,0,1,,1
6375,204,0,0,1,,1
6375,204,0,0,1,,1
6375,204,0,0,1,,1
6375,204,0,0,1,,1
6376,194,0,1600,1,,1
6376,210,0,1500,1,,1
6376,205,0,650,1,,1
6377,159,0,700,1,,1
6377,119,0,1500,1,,1
6378,205,0,650,1,,1
6378,205,0,650,1,,1
6379,64,0,1300,1,,1
6379,208,0,1150,1,,1
6380,64,0,1300,1,,1
6380,195,0,1600,1,,1
6381,64,0,1300,1,,1
6381,203,0,1150,1,,1
6382,64,0,1300,1,,1
6382,101,0,600,1,,1
6382,119,0,1500,1,,1
6384,101,0,600,1,,1
6384,194,0,1600,1,,1
6384,204,0,800,1,,1
6385,205,0,650,1,,1
6385,205,0,650,1,,1
6386,210,0,1500,1,,1
6386,210,0,1500,1,,1
6386,210,0,1500,1,,1
6386,210,0,1500,1,,1
6387,64,0,1300,1,,1
6387,55,0,1700,1,,1
6388,101,0,600,1,,1
6388,159,0,700,1,,1
6388,64,0,1300,1,,1
6388,195,0,1600,1,,1
6388,101,0,600,1,,1
6388,119,0,1500,1,,1
6389,64,0,1300,1,,1
6389,55,0,1700,1,,1
6389,166,0,600,1,,1
6390,64,0,0,1,,1
6390,64,0,0,1,,1
6391,115,0,600,1,,1
6391,55,0,1700,1,,1
6392,210,0,1500,1,,1
6393,166,0,600,1,,1
6394,101,0,600,1,,1
6395,203,0,1150,1,,1
6395,55,0,1700,1,,1
6395,101,0,600,1,,1
6396,101,0,600,1,,1
6397,203,0,1150,1,,1
6397,203,0,1150,1,,1
6397,166,0,600,1,,1
6398,183,0,650,1,,1
6399,55,0,1700,1,,1
6399,203,0,1150,1,,1
6399,119,0,1500,1,,1
6400,210,0,1500,1,,1
6400,194,0,1600,1,,1
6400,186,0,750,1,,1
6400,137,0,50,1,,1
6401,119,0,1500,1,,1
6402,48,0,600,1,,1
6403,210,0,1500,1,,1
6404,119,0,1500,1,,1
6406,110,162.2,600,1,,1
6407,64,0,0,1,,1
6407,64,0,0,1,,1
6407,64,0,0,1,,1
6408,203,0,1150,1,,1
6409,210,0,1500,1,,1
6410,101,0,600,1,,1
6411,115,0,600,1,,1
6411,55,0,1700,1,,1
6412,204,0,800,1,,1
6413,210,0,1500,1,,1
6413,210,0,1500,1,,1
6414,203,0,1150,1,,1
6415,152,0,900,1,,1
6415,152,0,900,1,,1
6416,55,0,1700,1,,1
6416,64,0,1300,1,,1
6416,64,0,1300,1,,1
6417,64,0,1300,1,,1
6417,64,0,1300,1,,1
6418,203,0,1150,1,,1
6418,5,182,700,1,,1
6418,119,0,1500,1,,1
6419,64,0,1300,1,,1
6419,64,0,1300,1,,1
6419,55,0,1700,1,,1
6419,119,0,1500,1,,1
6420,64,0,1300,1,,1
6420,55,0,1700,1,,1
6420,205,0,650,1,,1
6421,119,0,1500,1,,1
6422,204,0,800,1,,1
6423,203,0,1150,1,,1
6423,208,0,1150,1,,1
6424,204,0,800,1,,1
6425,205,0,650,1,,1
6425,205,0,650,1,,1
6426,70,250,650,1,,1
6426,203,0,1150,1,,1
6426,119,0,1500,1,,1
6427,203,0,1150,1,,1
6427,119,0,1500,1,,1
6428,203,0,1150,1,,1
6428,206,0,700,1,,1
6429,64,0,0,1,,1
6430,204,0,800,1,,1
6431,115,0,600,1,,1
6431,131,0,600,1,,1
6431,137,0,50,1,,1
6431,186,0,750,1,,1
6431,186,0,750,1,,1
6431,186,0,750,1,,1
6432,64,0,1300,1,,1
6432,64,0,1300,1,,1
6432,206,0,700,1,,1
6432,204,0,800,1,,1
6432,194,0,1600,1,,1
6433,64,0,1300,1,,1
6434,166,0,600,1,,1
6434,159,0,700,1,,1
6436,115,0,600,1,,1
6437,205,0,650,1,,1
6437,166,0,600,1,,1
6438,204,0,800,1,,1
6438,166,0,600,1,,1
6438,131,0,600,1,,1
6438,208,0,1150,1,,1
6438,208,0,1150,1,,1
6438,208,0,1150,1,,1
6438,205,0,650,1,,1
6439,55,0,1700,1,,1
6439,55,0,1700,1,,1
6439,55,0,1700,1,,1
6439,55,0,1700,1,,1
6439,53,0,1500,1,,1
6439,64,0,1300,1,,1
6439,137,0,50,1,,1
6439,137,0,50,1,,1
6439,64,0,1300,1,,1
6440,208,0,1150,1,,1
6441,115,0,600,1,,1
6441,55,0,1700,1,,1
6442,210,0,1500,1,,1
6442,210,0,1500,1,,1
6443,204,0,800,1,,1
6444,166,0,600,1,,1
6445,206,0,700,1,,1
6445,210,0,1500,1,,1
6446,55,0,1700,1,,1
6446,115,0,600,1,,1
6447,64,0,1300,1,,1
6448,206,0,700,1,,1
6448,131,0,600,1,,1
6449,64,0,1300,1,,1
6449,204,0,800,1,,1
6449,186,0,750,1,,1
6450,204,0,800,1,,1
6451,131,0,600,1,,1
6452,195,0,1600,1,,1
6453,64,0,1300,1,,1
6453,64,0,1300,1,,1
6453,210,0,1500,1,,1
6455,186,0,750,1,,1
6455,205,0,650,1,,1
6456,206,0,700,1,,1
6456,203,0,1150,1,,1
6456,210,0,1500,1,,1
6457,206,0,700,1,,1
6457,206,0,700,1,,1
6457,203,0,1150,1,,1
6458,203,0,1150,1,,1
6459,119,0,1500,1,,1
6460,166,0,600,1,,1
6460,205,0,650,1,,1
6460,210,0,1500,1,,1
6460,210,0,1500,1,,1
6461,64,0,0,1,,1
6461,210,0,0,1,,1
6461,210,0,0,1,,1
6461,210,0,0,1,,1
6461,210,0,0,1,,1
6462,206,0,700,1,,1
6463,131,0,600,1,,1
6463,119,0,1500,1,,1
6464,210,0,1500,1,,1
6465,115,0,600,1,,1
6465,64,0,1300,1,,1
6466,64,0,1300,1,,1
6467,210,0,1500,1,,1
6468,49,250,500,1,,1
6468,64,0,1300,1,,1
6469,210,0,1500,1,,1
6469,119,0,1500,1,,1
6469,210,0,1500,1,,1
6469,206,0,700,1,,1
6470,194,0,1600,1,,1
6470,210,0,1500,1,,1
6471,55,0,1700,1,,1
6471,101,0,600,1,,1
6472,166,0,600,1,,1
6472,64,0,1300,1,,1
6473,210,0,1500,1,,1
6473,203,0,1150,1,,1
6474,101,0,600,1,,1
6474,204,0,800,1,,1
6476,119,0,1500,1,,1
6476,131,0,600,1,,1
6477,206,0,700,1,,1
6478,10,0,650,1,,1
6479,55,0,1700,1,,1
6479,55,0,1700,1,,1
6479,64,0,1300,1,,1
6479,64,0,1300,1,,1
6480,204,0,0,1,,1
6480,204,0,0,1,,1
6480,204,0,0,1,,1
6480,204,0,0,1,,1
6480,204,0,0,1,,1
6480,204,0,0,1,,1
6480,204,0,0,1,,1
6481,206,0,700,1,,1
6482,204,0,800,1,,1
6483,203,0,1150,1,,1
6484,64,0,1300,1,,1
6485,204,0,800,1,,1
6486,206,0,700,1,,1
6486,115,0,600,1,,1
6486,203,0,1150,1,,1
6487,137,0,50,1,,1
6487,76,20.75,50,1,,1
6487,186,0,750,1,,1
6487,186,0,750,1,,1
6487,204,0,800,1,,1
6488,166,0,600,1,,1
6489,166,0,600,1,,1
6490,203,0,1150,1,,1
6490,203,0,1150,1,,1
6490,208,0,1150,1,,1
6490,64,0,1300,1,,1
6490,208,0,1150,1,,1
6491,203,0,1150,1,,1
6491,203,0,1150,1,,1
6491,119,0,1500,1,,1
6492,159,0,700,1,,1
6492,137,0,50,1,,1
6493,131,0,600,1,,1
6493,55,0,1700,1,,1
6493,55,0,1700,1,,1
6494,55,0,1700,1,,1
6494,101,0,600,1,,1
6494,204,0,800,1,,1
6494,204,0,800,1,,1
6494,208,0,1150,1,,1
6495,210,0,1500,1,,1
6496,55,0,1700,1,,1
6496,204,0,800,1,,1
6496,208,0,1150,1,,1
6496,166,0,600,1,,1
6497,204,0,0,1,,1
6497,204,0,0,1,,1
6497,204,0,0,1,,1
6497,204,0,0,1,,1
6497,204,0,0,1,,1
6497,204,0,0,1,,1
6497,204,0,0,1,,1
6497,204,0,0,1,,1
6497,204,0,0,1,,1
6497,204,0,0,1,,1
6497,204,0,0,1,,1
6497,204,0,0,1,,1
6497,204,0,0,1,,1
6497,204,0,0,1,,1
6498,210,0,1500,1,,1
6498,210,0,1500,1,,1
6499,64,0,0,1,,1
6499,53,0,0,1,,1
6499,166,0,0,1,,1
6500,206,0,700,1,,1
6500,5,182,700,1,,1
6500,186,0,750,1,,1
6501,101,0,600,1,,1
6502,64,0,1300,1,,1
6502,64,0,1300,1,,1
6502,194,0,1600,1,,1
6502,210,0,1500,1,,1
6503,203,0,1150,1,,1
6503,194,0,1600,1,,1
6504,159,0,700,1,,1
6504,195,0,1600,1,,1
6504,203,0,1150,1,,1
6504,64,0,1300,1,,1
6505,203,0,1150,1,,1
6505,195,0,1600,1,,1
6505,64,0,1300,1,,1
6505,64,0,1300,1,,1
6505,137,0,50,1,,1
6505,137,0,50,1,,1
6506,131,0,600,1,,1
6507,48,0,600,1,,1
6507,48,0,600,1,,1
6508,64,0,1300,1,,1
6509,166,0,600,1,,1
6510,55,0,1700,1,,1
6510,137,0,50,1,,1
6510,204,0,800,1,,1
6510,204,0,800,1,,1
6510,208,0,1150,1,,1
6511,186,0,750,1,,1
6511,203,0,1150,1,,1
6512,210,0,1500,1,,1
6512,208,0,1150,1,,1
6513,153,0,750,1,,1
6513,153,0,750,1,,1
6513,153,0,750,1,,1
6514,208,0,1150,1,,1
6515,64,0,1300,1,,1
6515,137,0,50,1,,1
6516,186,0,750,1,,1
6516,159,0,700,1,,1
6516,119,0,1500,1,,1
6516,203,0,1150,1,,1
6516,159,0,700,1,,1
6516,5,182,700,1,,1
6516,203,0,1150,1,,1
6516,210,0,1500,1,,1
6517,210,0,1500,1,,1
6518,204,0,0,1,,1
6518,204,0,0,1,,1
6518,204,0,0,1,,1
6518,204,0,0,1,,1
6518,204,0,0,1,,1
6518,204,0,0,1,,1
6518,204,0,0,1,,1
6518,204,0,0,1,,1
6518,204,0,0,1,,1
6518,204,0,0,1,,1
6518,205,0,0,1,,1
6518,205,0,0,1,,1
6519,206,0,700,1,,1
6520,55,0,1700,1,,1
6520,64,0,1300,1,,1
6521,64,0,1300,1,,1
6521,64,0,1300,1,,1
6521,206,0,700,1,,1
6521,206,0,700,1,,1
6522,203,0,1150,1,,1
6522,159,0,700,1,,1
6522,64,0,1300,1,,1
6522,53,0,1500,1,,1
6523,64,0,1300,1,,1
6523,55,0,1700,1,,1
6524,204,0,800,1,,1
6524,204,0,800,1,,1
6524,208,0,1150,1,,1
6525,64,0,1300,1,,1
6526,204,0,800,1,,1
6527,65,164,1000,1,,1
6528,203,0,1150,1,,1
6528,208,0,1150,1,,1
6529,119,0,1500,1,,1
6529,101,0,600,1,,1
6530,64,0,1300,1,,1
6531,210,0,1500,1,,1
6532,64,0,1300,1,,1
6532,137,0,50,1,,1
6533,206,0,700,1,,1
6534,194,0,1600,1,,1
6534,205,0,650,1,,1
6535,210,0,1500,1,,1
6535,210,0,1500,1,,1
6535,210,0,1500,1,,1
6535,210,0,1500,1,,1
6535,210,0,1500,1,,1
6535,210,0,1500,1,,1
6536,210,0,1500,1,,1
6536,115,0,600,1,,1
6537,64,0,0,1,,1
6537,210,0,0,1,,1
6538,210,0,0,1,,1
6540,53,0,1500,1,,1
6540,195,0,1600,1,,1
6540,101,0,600,1,,1
6540,203,0,1150,1,,1
6540,208,0,1150,1,,1
6541,205,0,650,1,,1
6541,64,0,1300,1,,1
6541,76,20.75,50,1,,1
6542,64,0,1300,1,,1
6543,186,0,750,1,,1
6543,186,0,750,1,,1
6543,205,0,650,1,,1
6543,205,0,650,1,,1
6545,166,0,600,1,,1
6545,207,0,1000,1,,1
6545,207,0,1000,1,,1
6545,207,0,1000,1,,1
6545,204,0,800,1,,1
6546,205,0,650,1,,1
6547,204,0,800,1,,1
6548,205,0,650,1,,1
6549,64,0,1300,1,,1
6550,64,0,1300,1,,1
6551,64,0,1300,1,,1
6551,203,0,1150,1,,1
6551,159,0,700,1,,1
6551,206,0,700,1,,1
6551,206,0,700,1,,1
6551,159,0,700,1,,1
6551,70,250,650,1,,1
6551,55,0,1700,1,,1
6551,101,0,600,1,,1
6552,210,0,1500,1,,1
6552,159,0,700,1,,1
6553,205,0,0,1,,1
6553,64,0,0,1,,1
6554,64,0,1300,1,,1
6554,64,0,1300,1,,1
6554,205,0,650,1,,1
6554,205,0,650,1,,1
6555,64,0,1300,1,,1
6555,55,0,1700,1,,1
6555,137,0,50,1,,1
6557,115,0,600,1,,1
6558,64,0,1300,1,,1
6559,210,0,1500,1,,1
6560,166,0,600,1,,1
6561,210,0,1500,1,,1
6562,55,0,1700,1,,1
6562,210,0,1500,1,,1
6562,204,0,800,1,,1
6563,159,0,700,1,,1
6563,206,0,700,1,,1
6564,210,0,1500,1,,1
6565,64,0,0,1,,1
6565,64,0,0,1,,1
6565,64,0,0,1,,1
6565,204,0,0,1,,1
6565,204,0,0,1,,1
6565,205,0,0,1,,1
6565,205,0,0,1,,1
6565,70,250,0,1,,1
6566,70,250,650,1,,1
6567,204,0,0,1,,1
6568,210,0,1500,1,,1
6569,205,0,650,1,,1
6569,52,0,650,1,,1
6569,131,0,600,1,,1
6569,166,0,600,1,,1
6570,206,0,700,1,,1
6570,206,0,700,1,,1
6570,137,0,50,1,,1
6571,55,0,1700,1,,1
6571,115,0,600,1,,1
6572,64,0,1300,1,,1
6572,64,0,1300,1,,1
6572,159,0,700,1,,1
6572,159,0,700,1,,1
6573,55,0,1700,1,,1
6573,203,0,1150,1,,1
6573,64,0,1300,1,,1
6573,186,0,750,1,,1
6573,186,0,750,1,,1
6573,186,0,750,1,,1
6573,137,0,50,1,,1
6574,205,0,650,1,,1
6575,64,0,1300,1,,1
6575,64,0,1300,1,,1
6576,194,0,1600,1,,1
6576,203,0,1150,1,,1
6576,210,0,1500,1,,1
6577,64,0,1300,1,,1
6577,64,0,1300,1,,1
6577,153,0,750,1,,1
6577,159,0,700,1,,1
6577,212,0,700,1,,1
6578,52,0,650,1,,1
6578,166,0,600,1,,1
6578,205,0,650,1,,1
6579,64,0,1300,1,,1
6579,210,0,1500,1,,1
6580,210,0,1500,1,,1
6580,206,0,700,1,,1
6580,159,0,700,1,,1
6580,206,0,700,1,,1
6580,206,0,700,1,,1
6581,53,0,1500,1,,1
6581,10,0,650,1,,1
6582,206,0,700,1,,1
6583,206,0,700,1,,1
6584,205,0,0,1,,1
6584,139,0,0,1,,1
6584,210,0,0,1,,1
6584,210,0,0,1,,1
6584,131,0,0,1,,1
6584,64,0,0,1,,1
6584,64,0,0,1,,1
6584,64,0,0,1,,1
6584,64,0,0,1,,1
6585,194,0,0,1,,1
6585,203,0,0,1,,1
6586,206,0,700,1,,1
6586,207,0,1000,1,,1
6586,119,0,1500,1,,1
6586,131,0,600,1,,1
6586,131,0,600,1,,1
6586,203,0,1150,1,,1
6586,205,0,650,1,,1
6587,186,0,750,1,,1
6588,64,0,1300,1,,1
6589,64,0,1300,1,,1
6589,131,0,600,1,,1
6590,64,0,1300,1,,1
6590,64,0,1300,1,,1
6591,204,0,0,1,,1
6591,204,0,0,1,,1
6592,166,0,600,1,,1
6592,115,0,600,1,,1
6592,52,0,650,1,,1
6593,64,0,1300,1,,1
6594,16,100,600,1,,1
6594,64,0,1300,1,,1
6595,119,0,1500,1,,1
6595,64,0,1300,1,,1
6595,16,100,600,1,,1
6596,16,100,600,1,,1
6596,55,0,1700,1,,1
6597,205,0,650,1,,1
6598,64,0,0,1,,1
6598,210,0,0,1,,1
6599,159,0,700,1,,1
6600,205,0,650,1,,1
6601,206,0,700,1,,1
6602,203,0,1150,1,,1
6602,119,0,1500,1,,1
6602,5,182,700,1,,1
6603,208,0,1150,1,,1
6603,203,0,1150,1,,1
6604,204,0,800,1,,1
6604,49,250,500,1,,1
6605,206,0,700,1,,1
6605,131,0,600,1,,1
6606,142,0,600,1,,1
6606,142,0,600,1,,1
6606,203,0,1150,1,,1
6607,119,0,1500,1,,1
6607,64,0,1300,1,,1
6608,206,0,700,1,,1
6608,203,0,1150,1,,1
6608,204,0,800,1,,1
6609,210,0,1500,1,,1
6610,195,0,1600,1,,1
6610,195,0,1600,1,,1
6611,206,0,700,1,,1
6612,206,0,0,1,,1
6613,204,0,0,1,,1
6613,204,0,0,1,,1
6613,204,0,0,1,,1
6613,204,0,0,1,,1
6613,64,0,0,1,,1
6613,64,0,0,1,,1
6614,166,0,600,1,,1
6614,64,0,1300,1,,1
6615,159,0,700,1,,1
6615,55,0,1700,1,,1
6616,203,0,1150,1,,1
6618,55,0,1700,1,,1
6619,210,0,1500,1,,1
6619,195,0,1600,1,,1
6620,206,0,700,1,,1
6621,64,0,1300,1,,1
6621,208,0,1150,1,,1
6621,142,0,600,1,,1
6622,193,0,1700,1,,1
6623,159,0,700,1,,1
6623,205,0,650,1,,1
6623,205,0,650,1,,1
6624,195,0,1600,1,,1
6624,64,0,1300,1,,1
6625,142,0,600,1,,1
6625,142,0,600,1,,1
6625,208,0,1150,1,,1
6625,208,0,1150,1,,1
6625,137,0,50,1,,1
6626,64,0,1300,1,,1
6627,64,0,1300,1,,1
6628,64,0,1300,1,,1
6629,210,0,1500,1,,1
6630,64,0,1300,1,,1
6631,203,0,1150,1,,1
6631,159,0,700,1,,1
6632,64,0,0,1,,1
6633,119,0,1500,1,,1
6633,210,0,1500,1,,1
6633,210,0,1500,1,,1
6633,208,0,1150,1,,1
6634,119,0,1500,1,,1
6634,206,0,700,1,,1
6635,142,0,600,1,,1
6635,205,0,650,1,,1
6635,204,0,800,1,,1
6635,48,0,600,1,,1
6636,210,0,1500,1,,1
6637,203,0,1150,1,,1
6638,131,0,600,1,,1
6639,210,0,1500,1,,1
6639,194,0,1600,1,,1
6640,206,0,700,1,,1
6640,206,0,700,1,,1
6641,210,0,0,1,,1
6641,115,0,0,1,,1
6642,204,0,0,1,,1
6642,64,0,0,1,,1
6642,204,0,0,1,,1
6642,204,0,0,1,,1
6642,203,0,0,1,,1
6643,64,0,1300,1,,1
6643,208,0,1150,1,,1
6643,203,0,1150,1,,1
6643,55,0,1700,1,,1
6643,64,0,1300,1,,1
6643,203,0,1150,1,,1
6644,64,0,1300,1,,1
6644,76,20.75,50,1,,1
6645,10,0,650,1,,1
6645,119,0,1500,1,,1
6645,159,0,700,1,,1
6646,64,0,1300,1,,1
6647,206,0,700,1,,1
6648,64,0,1300,1,,1
6648,55,0,1700,1,,1
6648,55,0,1700,1,,1
6648,159,0,700,1,,1
6648,206,0,700,1,,1
6648,206,0,700,1,,1
6648,137,0,50,1,,1
6648,137,0,50,1,,1
6649,131,0,600,1,,1
6649,208,0,1150,1,,1
6650,48,0,600,1,,1
6651,159,0,700,1,,1
6652,204,0,800,1,,1
6652,204,0,800,1,,1
6652,208,0,1150,1,,1
6653,55,0,1700,1,,1
6653,5,182,700,1,,1
6654,166,0,600,1,,1
6655,55,0,1700,1,,1
6655,131,0,600,1,,1
6655,208,0,1150,1,,1
6656,55,0,1700,1,,1
6656,64,0,1300,1,,1
6656,55,0,1700,1,,1
6657,195,0,1600,1,,1
6657,210,0,1500,1,,1
6657,186,0,750,1,,1
6657,137,0,50,1,,1
6658,139,0,750,1,,1
6659,210,0,1500,1,,1
6660,64,0,0,1,,1
6660,64,0,0,1,,1
6660,64,0,0,1,,1
6660,208,0,0,1,,1
6660,208,0,0,1,,1
6661,210,0,1500,1,,1
6661,210,0,1500,1,,1
6661,208,0,1150,1,,1
6661,210,0,1500,1,,1
6661,206,0,700,1,,1
6661,210,0,1500,1,,1
6661,210,0,1500,1,,1
6662,64,0,1300,1,,1
6662,195,0,1600,1,,1
6662,195,0,1600,1,,1
6663,210,0,1500,1,,1
6664,119,0,1500,1,,1
6664,64,0,1300,1,,1
6664,203,0,1150,1,,1
6664,203,0,1150,1,,1
6664,55,0,1700,1,,1
6665,206,0,700,1,,1
6666,166,0,600,1,,1
6666,166,0,600,1,,1
6667,206,0,700,1,,1
6667,206,0,700,1,,1
6667,206,0,700,1,,1
6667,159,0,700,1,,1
6668,210,0,1500,1,,1
6669,131,0,600,1,,1
6669,142,0,600,1,,1
6670,119,0,1500,1,,1
6670,115,0,600,1,,1
6671,64,0,1300,1,,1
6672,115,0,600,1,,1
6672,55,0,1700,1,,1
6673,10,0,650,1,,1
6673,203,0,1150,1,,1
6673,64,0,1300,1,,1
6673,186,0,750,1,,1
6674,204,0,800,1,,1
6675,208,0,1150,1,,1
6675,203,0,1150,1,,1
6676,204,0,800,1,,1
6676,210,0,1500,1,,1
6676,206,0,700,1,,1
6676,206,0,700,1,,1
6676,208,0,1150,1,,1
6676,208,0,1150,1,,1
6676,195,0,1600,1,,1
6676,195,0,1600,1,,1
6676,194,0,1600,1,,1
6676,194,0,1600,1,,1
6676,137,0,50,1,,1
6676,137,0,50,1,,1
6676,137,0,50,1,,1
6677,55,0,1700,1,,1
6677,64,0,1300,1,,1
6678,64,0,1300,1,,1
6678,64,0,1300,1,,1
6679,159,0,700,1,,1
6680,10,0,650,1,,1
6680,203,0,1150,1,,1
6680,142,0,600,1,,1
6681,206,0,700,1,,1
6682,159,0,700,1,,1
6683,194,0,1600,1,,1
6683,203,0,1150,1,,1
6683,64,0,1300,1,,1
6683,159,0,700,1,,1
6683,137,0,50,1,,1
6684,64,0,0,1,,1
6685,206,0,700,1,,1
6686,64,0,1300,1,,1
6686,159,0,700,1,,1
6687,119,0,1500,1,,1
6688,64,0,1300,1,,1
6688,55,0,1700,1,,1
6688,55,0,1700,1,,1
6688,115,0,600,1,,1
6689,206,0,700,1,,1
6690,203,0,1150,1,,1
6691,64,0,1300,1,,1
6691,119,0,1500,1,,1
6692,208,0,1150,1,,1
6692,142,0,600,1,,1
6693,210,0,1500,1,,1
6693,210,0,1500,1,,1
6693,210,0,1500,1,,1
6694,142,0,600,1,,1
6695,115,0,600,1,,1
6696,206,0,700,1,,1
6697,64,0,1300,1,,1
6698,204,0,0,1,,1
6698,204,0,0,1,,1
6698,204,0,0,1,,1
6698,204,0,0,1,,1
6698,204,0,0,1,,1
6699,64,0,1300,1,,1
6700,64,0,1300,1,,1
6700,76,20.75,50,1,,1
6701,53,0,1500,1,,1
6701,115,0,600,1,,1
6702,64,0,1300,1,,1
6702,64,0,1300,1,,1
6702,210,0,1500,1,,1
6702,210,0,1500,1,,1
6703,142,0,600,1,,1
6704,55,0,1700,1,,1
6704,203,0,1150,1,,1
6704,142,0,600,1,,1
6704,194,0,1600,1,,1
6704,204,0,800,1,,1
6705,64,0,1300,1,,1
6705,64,0,1300,1,,1
6705,205,0,650,1,,1
6706,206,0,700,1,,1
6707,206,0,700,1,,1
6708,206,0,700,1,,1
6709,206,0,700,1,,1
6709,206,0,700,1,,1
6710,55,0,1700,1,,1
6711,70,250,650,1,,1
6711,210,0,1500,1,,1
6712,204,0,0,1,,1
6712,204,0,0,1,,1
6712,204,0,0,1,,1
6712,64,0,0,1,,1
6712,64,0,0,1,,1
6712,194,0,0,1,,1
6713,210,0,1500,1,,1
6714,48,0,600,1,,1
6715,206,0,700,1,,1
6716,203,0,1150,1,,1
6717,203,0,1150,1,,1
6717,203,0,1150,1,,1
6717,206,0,700,1,,1
6717,159,0,700,1,,1
6718,131,0,600,1,,1
6719,73,260,700,1,,1
6719,55,0,1700,1,,1
6719,203,0,1150,1,,1
6720,10,0,650,1,,1
6720,159,0,700,1,,1
6721,119,0,1500,1,,1
6721,119,0,1500,1,,1
6721,64,0,1300,1,,1
6721,64,0,1300,1,,1
6721,142,0,600,1,,1
6722,142,0,600,1,,1
6722,142,0,600,1,,1
6723,203,0,1150,1,,1
6724,186,0,750,1,,1
6726,210,0,1500,1,,1
6726,210,0,1500,1,,1
6726,210,0,1500,1,,1
6726,204,0,800,1,,1
6726,204,0,800,1,,1
6727,64,0,0,1,,1
6727,204,0,0,1,,1
6727,204,0,0,1,,1
6727,204,0,0,1,,1
6727,204,0,0,1,,1
6727,64,0,0,1,,1
6727,204,0,0,1,,1
6727,204,0,0,1,,1
6727,204,0,0,1,,1
6727,115,0,0,1,,1
6727,115,0,0,1,,1
6727,115,0,0,1,,1
6728,206,0,700,1,,1
6729,142,0,600,1,,1
6730,210,0,1500,1,,1
6730,159,0,700,1,,1
6731,208,0,1150,1,,1
6731,205,0,650,1,,1
6732,131,0,600,1,,1
6732,186,0,750,1,,1
6733,203,0,1150,1,,1
6733,206,0,700,1,,1
6734,64,0,1300,1,,1
6734,142,0,600,1,,1
6735,64,0,1300,1,,1
6735,159,0,700,1,,1
6736,204,0,800,1,,1
6737,203,0,1150,1,,1
6738,142,0,600,1,,1
6738,48,0,600,1,,1
6739,203,0,1150,1,,1
6739,159,0,700,1,,1
6740,115,0,600,1,,1
6741,204,0,800,1,,1
6741,203,0,1150,1,,1
6741,119,0,1500,1,,1
6741,142,0,600,1,,1
6741,137,0,50,1,,1
6742,142,0,600,1,,1
6742,204,0,800,1,,1
6742,203,0,1150,1,,1
6743,203,0,1150,1,,1
6743,204,0,800,1,,1
6743,159,0,700,1,,1
6744,206,0,700,1,,1
6745,204,0,800,1,,1
6746,204,0,800,1,,1
6748,64,0,1300,1,,1
6748,55,0,1700,1,,1
6749,206,0,700,1,,1
6750,206,0,700,1,,1
6751,64,0,1300,1,,1
6752,64,0,0,1,,1
6752,64,0,0,1,,1
6753,142,0,0,1,,1
6753,142,0,0,1,,1
6753,142,0,0,1,,1
6753,142,0,0,1,,1
6753,142,0,0,1,,1
6753,142,0,0,1,,1
6753,205,0,0,1,,1
6753,204,0,0,1,,1
6753,204,0,0,1,,1
6753,208,0,0,1,,1
6753,70,250,0,1,,1
6753,194,0,0,1,,1
6753,43,250,0,1,,1
6754,142,0,600,1,,1
6754,64,0,1300,1,,1
6755,205,0,650,1,,1
6755,206,0,700,1,,1
6756,142,0,600,1,,1
6757,64,0,1300,1,,1
6757,142,0,600,1,,1
6757,206,0,700,1,,1
6757,119,0,1500,1,,1
6757,53,0,1500,1,,1
6758,146,250,700,1,,1
6758,186,0,750,1,,1
6759,159,0,700,1,,1
6760,48,0,600,1,,1
6760,159,0,700,1,,1
6761,64,0,1300,1,,1
6761,76,20.75,50,1,,1
6762,186,0,750,1,,1
6762,206,0,700,1,,1
6762,142,0,600,1,,1
6762,204,0,800,1,,1
6763,203,0,1150,1,,1
6764,119,0,1500,1,,1
6764,146,250,700,1,,1
6765,206,0,700,1,,1
6766,205,0,650,1,,1
6766,205,0,650,1,,1
6767,64,0,1300,1,,1
6767,64,0,1300,1,,1
6767,195,0,1600,1,,1
6768,55,0,0,1,,1
6768,142,0,0,1,,1
6768,203,0,0,1,,1
6768,205,0,0,1,,1
6768,55,0,0,1,,1
6768,55,0,0,1,,1
6768,186,0,0,1,,1
6769,115,0,600,1,,1
6770,119,0,1500,1,,1
6771,64,0,0,1,,1
6771,64,0,0,1,,1
6771,64,0,0,1,,1
6772,159,0,700,1,,1
6773,142,0,600,1,,1
6774,142,0,600,1,,1
6775,131,0,600,1,,1
6775,101,0,600,1,,1
6775,194,0,1600,1,,1
6775,64,0,1300,1,,1
6776,64,0,1300,1,,1
6776,76,20.75,50,1,,1
6777,186,0,750,1,,1
6777,73,260,700,1,,1
6778,205,0,650,1,,1
6779,119,0,1500,1,,1
6779,73,260,700,1,,1
6780,195,0,1600,1,,1
6780,204,0,800,1,,1
6780,205,0,650,1,,1
6780,205,0,650,1,,1
6781,203,0,1150,1,,1
6781,142,0,600,1,,1
6782,203,0,1150,1,,1
6783,64,0,1300,1,,1
6783,119,0,1500,1,,1
6784,73,260,700,1,,1
6785,64,0,1300,1,,1
6785,203,0,1150,1,,1
6786,204,0,800,1,,1
6786,64,0,1300,1,,1
6787,101,0,600,1,,1
6788,204,0,800,1,,1
6789,142,0,600,1,,1
6790,64,0,0,1,,1
6790,210,0,0,1,,1
6790,205,0,0,1,,1
6791,119,0,1500,1,,1
6791,206,0,700,1,,1
6791,119,0,1500,1,,1
6791,195,0,1600,1,,1
6791,211,0,650,1,,1
6792,186,0,750,1,,1
6793,210,0,1500,1,,1
6794,210,0,1500,1,,1
6794,210,0,1500,1,,1
6794,210,0,1500,1,,1
6794,210,0,1500,1,,1
6794,210,0,1500,1,,1
6795,64,0,1300,1,,1
6795,64,0,1300,1,,1
6796,64,0,1300,1,,1
6796,55,0,1700,1,,1
6796,137,0,50,1,,1
6797,210,0,1500,1,,1
6797,194,0,1600,1,,1
6798,210,0,1500,1,,1
6798,119,0,1500,1,,1
6798,115,0,600,1,,1
6799,55,0,1700,1,,1
6799,64,0,1300,1,,1
6800,159,0,700,1,,1
6801,210,0,1500,1,,1
6802,206,0,700,1,,1
6803,203,0,1150,1,,1
6804,210,0,0,1,,1
6805,5,182,700,1,,1
6806,64,0,0,1,,1
6806,64,0,0,1,,1
6806,64,0,0,1,,1
6807,64,0,1300,1,,1
6807,55,0,1700,1,,1
6808,204,0,800,1,,1
6809,55,0,1700,1,,1
6809,203,0,1150,1,,1
6810,208,0,1150,1,,1
6810,65,164,1000,1,,1
6811,119,0,1500,1,,1
6812,205,0,650,1,,1
6813,208,0,1150,1,,1
6813,48,0,600,1,,1
6814,64,0,1300,1,,1
6814,195,0,1600,1,,1
6815,203,0,1150,1,,1
6816,119,0,1500,1,,1
6816,5,182,700,1,,1
6817,55,0,1700,1,,1
6817,137,0,50,1,,1
6818,64,0,1300,1,,1
6818,55,0,1700,1,,1
6818,64,0,1300,1,,1
6819,64,0,0,1,,1
6819,64,0,0,1,,1
6819,210,0,0,1,,1
6820,119,0,1500,1,,1
6820,208,0,1150,1,,1
6821,203,0,1150,1,,1
6821,159,0,700,1,,1
6821,210,0,1500,1,,1
6822,203,0,1150,1,,1
6822,159,0,700,1,,1
6822,119,0,1500,1,,1
6823,180,0,750,1,,1
6823,180,0,750,1,,1
6823,180,0,750,1,,1
6824,206,0,700,1,,1
6824,208,0,1150,1,,1
6824,208,0,1150,1,,1
6824,10,0,650,1,,1
6824,204,0,800,1,,1
6824,142,0,600,1,,1
6826,210,0,1500,1,,1
6827,194,0,1600,1,,1
6827,210,0,1500,1,,1
6828,101,0,600,1,,1
6828,101,0,600,1,,1
6828,76,20.75,50,1,,1
6828,76,20.75,50,1,,1
6829,55,0,1700,1,,1
6829,64,0,1300,1,,1
6829,64,0,1300,1,,1
6830,64,0,1300,1,,1
6830,64,0,1300,1,,1
6830,64,0,1300,1,,1
6831,204,0,800,1,,1
6832,159,0,700,1,,1
6832,204,0,800,1,,1
6833,204,0,800,1,,1
6833,204,0,800,1,,1
6833,210,0,1500,1,,1
6833,210,0,1500,1,,1
6833,210,0,1500,1,,1
6833,210,0,1500,1,,1
6833,210,0,1500,1,,1
6833,210,0,1500,1,,1
6833,210,0,1500,1,,1
6834,55,0,1700,1,,1
6834,55,0,1700,1,,1
6834,55,0,1700,1,,1
6834,55,0,1700,1,,1
6834,55,0,1700,1,,1
6834,5,182,700,1,,1
6834,5,182,700,1,,1
6834,5,182,700,1,,1
6834,5,182,700,1,,1
6834,5,182,700,1,,1
6834,137,0,50,1,,1
6834,137,0,50,1,,1
6835,210,0,1500,1,,1
6836,204,0,800,1,,1
6837,195,0,1600,1,,1
6837,159,0,700,1,,1
6838,64,0,1300,1,,1
6839,204,0,0,1,,1
6839,204,0,0,1,,1
6840,142,0,600,1,,1
6841,207,0,1000,1,,1
6842,208,0,1150,1,,1
6843,159,0,700,1,,1
6844,203,0,1150,1,,1
6845,194,0,1600,1,,1
6846,214,0,1150,1,,1
6846,214,0,1150,1,,1
6847,73,260,700,1,,1
6847,214,0,1150,1,,1
6848,207,0,1000,1,,1
6848,159,0,700,1,,1
6849,64,0,1300,1,,1
6849,64,0,1300,1,,1
6849,210,0,1500,1,,1
6849,210,0,1500,1,,1
6850,101,0,600,1,,1
6851,55,0,1700,1,,1
6851,101,0,600,1,,1
6852,64,0,1300,1,,1
6852,207,0,1000,1,,1
6852,119,0,1500,1,,1
6852,101,0,600,1,,1
6853,64,0,1300,1,,1
6854,204,0,800,1,,1
6855,142,0,600,1,,1
6855,208,0,1150,1,,1
6856,64,0,0,1,,1
6856,64,0,0,1,,1
6857,101,0,600,1,,1
6858,101,0,600,1,,1
6858,142,0,600,1,,1
6858,214,0,1150,1,,1
6858,214,0,1150,1,,1
6859,203,0,1150,1,,1
6859,64,0,1300,1,,1
6859,64,0,1300,1,,1
6860,70,250,650,1,,1
6861,55,0,1700,1,,1
6861,55,0,1700,1,,1
6861,131,0,600,1,,1
6861,208,0,1150,1,,1
6861,1,200,650,1,,1
6861,206,0,700,1,,1
6862,204,0,800,1,,1
6863,180,0,750,1,,1
6864,64,0,1300,1,,1
6865,146,250,700,1,,1
6866,5,182,700,1,,1
6866,55,0,1700,1,,1
6867,206,0,700,1,,1
6867,206,0,700,1,,1
6868,194,0,1600,1,,1
6868,214,0,1150,1,,1
6869,64,0,0,1,,1
6869,204,0,0,1,,1
6869,204,0,0,1,,1
6869,204,0,0,1,,1
6869,204,0,0,1,,1
6869,55,0,0,1,,1
6869,55,0,0,1,,1
6869,203,0,0,1,,1
6869,5,182,0,1,,1
6870,195,0,1600,1,,1
6870,208,0,1150,1,,1
6871,64,0,1300,1,,1
6871,64,0,1300,1,,1
6871,64,0,1300,1,,1
6872,204,0,800,1,,1
6873,214,0,1150,1,,1
6874,142,0,0,1,,1
6875,205,0,650,1,,1
6875,204,0,800,1,,1
6876,205,0,650,1,,1
6876,210,0,1500,1,,1
6877,203,0,1150,1,,1
6878,205,0,650,1,,1
6879,206,0,700,1,,1
6879,64,0,1300,1,,1
6880,210,0,1500,1,,1
6881,64,0,1300,1,,1
6881,55,0,1700,1,,1
6881,55,0,1700,1,,1
6881,137,0,50,1,,1
6882,195,0,1600,1,,1
6883,142,0,600,1,,1
6884,210,0,0,1,,1
6884,64,0,0,1,,1
6884,64,0,0,1,,1
6885,204,0,800,1,,1
6886,210,0,1500,1,,1
6887,205,0,650,1,,1
6888,210,0,1500,1,,1
6889,203,0,1150,1,,1
6890,207,0,1000,1,,1
6891,142,0,600,1,,1
6892,210,0,1500,1,,1
6892,210,0,1500,1,,1
6892,210,0,1500,1,,1
6892,210,0,1500,1,,1
6893,180,0,750,1,,1
6893,210,0,1500,1,,1
6894,159,0,700,1,,1
6895,64,0,0,1,,1
6895,64,0,0,1,,1
6895,64,0,0,1,,1
6895,64,0,0,1,,1
6895,205,0,0,1,,1
6896,5,182,0,1,,1
6897,142,0,600,1,,1
6898,207,0,1000,1,,1
6898,203,0,1150,1,,1
6899,206,0,700,1,,1
6899,206,0,700,1,,1
6900,194,0,1600,1,,1
6900,210,0,1500,1,,1
6901,53,0,1500,1,,1
6902,64,0,1300,1,,1
6902,210,0,1500,1,,1
6903,64,0,1300,1,,1
6903,119,0,1500,1,,1
6903,210,0,1500,1,,1
6903,210,0,1500,1,,1
6903,210,0,1500,1,,1
6903,210,0,1500,1,,1
6903,210,0,1500,1,,1
6904,64,0,1300,1,,1
6905,203,0,0,1,,1
6905,214,0,0,1,,1
6906,64,0,1300,1,,1
6906,159,0,700,1,,1
6906,208,0,1150,1,,1
6907,48,0,600,1,,1
6907,64,0,1300,1,,1
6907,64,0,1300,1,,1
6908,210,0,1500,1,,1
6909,205,0,650,1,,1
6909,205,0,650,1,,1
6909,48,0,600,1,,1
6909,48,0,600,1,,1
6909,203,0,1150,1,,1
6909,203,0,1150,1,,1
6910,115,0,600,1,,1
6910,55,0,1700,1,,1
6911,159,0,700,1,,1
6912,204,0,800,1,,1
6913,204,0,0,1,,1
6913,64,0,0,1,,1
6913,210,0,0,1,,1
6914,142,0,600,1,,1
6915,119,0,1500,1,,1
6915,139,0,750,1,,1
6916,180,0,750,1,,1
6916,180,0,750,1,,1
6917,55,0,1700,1,,1
6917,208,0,1150,1,,1
6918,55,0,1700,1,,1
6918,53,0,1500,1,,1
6919,203,0,1150,1,,1
6920,64,0,1300,1,,1
6920,64,0,1300,1,,1
6920,64,0,1300,1,,1
6920,203,0,1150,1,,1
6921,210,0,1500,1,,1
6921,210,0,1500,1,,1
6922,159,0,700,1,,1
6923,142,0,600,1,,1
6924,203,0,1150,1,,1
6924,55,0,1700,1,,1
6925,64,0,1300,1,,1
6926,205,0,650,1,,1
6926,142,0,600,1,,1
6927,142,0,600,1,,1
6928,159,0,700,1,,1
6929,203,0,1150,1,,1
6930,64,0,1300,1,,1
6930,208,0,1150,1,,1
6931,64,0,1300,1,,1
6931,55,0,1700,1,,1
6932,159,0,700,1,,1
6933,64,0,0,1,,1
6933,64,0,0,1,,1
6933,64,0,0,1,,1
6933,206,0,0,1,,1
6934,206,0,700,1,,1
6934,194,0,1600,1,,1
6935,210,0,1500,1,,1
6935,119,0,1500,1,,1
6936,203,0,1150,1,,1
6937,210,0,1500,1,,1
6938,159,0,700,1,,1
6939,115,0,600,1,,1
6939,119,0,1500,1,,1
6940,55,0,1700,1,,1
6940,64,0,1300,1,,1
6941,55,0,1700,1,,1
6942,115,0,600,1,,1
6943,204,0,800,1,,1
6943,204,0,800,1,,1
6943,204,0,800,1,,1
6944,64,0,1300,1,,1
6945,214,0,1150,1,,1
6945,180,0,750,1,,1
6945,119,0,1500,1,,1
6945,194,0,1600,1,,1
6945,203,0,1150,1,,1
6946,194,0,1600,1,,1
6947,203,0,1150,1,,1
6947,203,0,1150,1,,1
6948,159,0,700,1,,1
6949,64,0,1300,1,,1
6949,119,0,1500,1,,1
6950,214,0,1150,1,,1
6951,183,0,650,1,,1
6952,119,0,1500,1,,1
6952,73,260,700,1,,1
6953,64,0,0,1,,1
6953,64,0,0,1,,1
6954,194,0,1600,1,,1
6954,195,0,1600,1,,1
6955,48,0,600,1,,1
6955,142,0,600,1,,1
6955,142,0,600,1,,1
6956,131,0,600,1,,1
6957,203,0,1150,1,,1
6957,203,0,1150,1,,1
6958,64,0,1300,1,,1
6959,159,0,700,1,,1
6959,5,182,700,1,,1
6960,203,0,1150,1,,1
6961,55,0,1700,1,,1
6961,64,0,1300,1,,1
6961,205,0,650,1,,1
6961,142,0,600,1,,1
6962,64,0,1300,1,,1
6963,115,0,600,1,,1
6963,119,0,1500,1,,1
6964,204,0,800,1,,1
6965,204,0,800,1,,1
6966,64,0,1300,1,,1
6966,196,0,1600,1,,1
6967,159,0,700,1,,1
6968,210,0,1500,1,,1
6968,210,0,1500,1,,1
6969,64,0,0,1,,1
6969,204,0,0,1,,1
6969,204,0,0,1,,1
6969,210,0,0,1,,1
6970,206,0,700,1,,1
6970,137,0,50,1,,1
6970,210,0,1500,1,,1
6972,203,0,1150,1,,1
6972,159,0,700,1,,1
6973,55,0,1700,1,,1
6973,64,0,1300,1,,1
6974,131,0,600,1,,1
6974,55,0,1700,1,,1
6975,205,0,650,1,,1
6975,115,0,600,1,,1
6975,142,0,600,1,,1
6975,64,0,1300,1,,1
6975,142,0,600,1,,1
6976,205,0,650,1,,1
6976,214,0,1150,1,,1
6976,115,0,600,1,,1
6977,203,0,1150,1,,1
6977,216,0,1600,1,,1
6978,206,0,700,1,,1
6979,205,0,650,1,,1
6980,210,0,1500,1,,1
6981,216,0,1600,1,,1
6981,64,0,1300,1,,1
6982,142,0,600,1,,1
6983,204,0,800,1,,1
6984,203,0,1150,1,,1
6984,142,0,600,1,,1
6985,205,0,650,1,,1
6986,204,0,0,1,,1
6986,204,0,0,1,,1
6986,204,0,0,1,,1
6986,204,0,0,1,,1
6986,205,0,0,1,,1
6986,64,0,0,1,,1
6986,64,0,0,1,,1
6986,215,470,0,1,,1
6986,215,470,0,1,,1
6986,204,0,0,1,,1
6986,205,0,0,1,,1
6986,216,0,0,1,,1
6986,217,0,0,1,,1
6987,203,0,1150,1,,1
6988,131,0,600,1,,1
6988,215,470,950,1,,1
6989,119,0,1500,1,,1
6989,64,0,1300,1,,1
6989,142,0,600,1,,1
6989,137,0,50,1,,1
6990,142,0,600,1,,1
6991,203,0,1150,1,,1
6992,64,0,1300,1,,1
6993,55,0,1700,1,,1
6994,55,0,1700,1,,1
6994,115,0,600,1,,1
6994,64,0,1300,1,,1
6995,204,0,0,1,,1
6995,204,0,0,1,,1
6995,204,0,0,1,,1
6995,204,0,0,1,,1
6995,204,0,0,1,,1
6995,204,0,0,1,,1
6995,204,0,0,1,,1
6995,204,0,0,1,,1
6995,204,0,0,1,,1
6995,204,0,0,1,,1
6995,204,0,0,1,,1
6995,204,0,0,1,,1
6996,196,0,1600,1,,1
6996,194,0,1600,1,,1
6996,217,0,1600,1,,1
6996,216,0,1600,1,,1
6996,210,0,1500,1,,1
6996,137,0,50,1,,1
6997,115,0,600,1,,1
6997,131,0,600,1,,1
6997,52,0,650,1,,1
6998,5,182,700,1,,1
6998,119,0,1500,1,,1
6998,203,0,1150,1,,1
6998,217,0,1600,1,,1
6999,210,0,0,1,,1
6999,204,0,0,1,,1
7000,203,0,1150,1,,1
7000,64,0,1300,1,,1
7000,207,0,1000,1,,1
7001,204,0,800,1,,1
7001,115,0,600,1,,1
7001,119,0,1500,1,,1
7001,142,0,600,1,,1
7001,206,0,700,1,,1
7002,119,0,1500,1,,1
7002,216,0,1600,1,,1
7003,210,0,1500,1,,1
7003,206,0,700,1,,1
7003,159,0,700,1,,1
7004,131,0,600,1,,1
7004,205,0,650,1,,1
7004,216,0,1600,1,,1
7004,142,0,600,1,,1
7005,203,0,1150,1,,1
7005,214,0,1150,1,,1
7006,55,0,1700,1,,1
7007,64,0,1300,1,,1
7007,119,0,1500,1,,1
7008,64,0,1300,1,,1
7009,205,0,650,1,,1
7010,194,0,1600,1,,1
7011,142,0,600,1,,1
7011,119,0,1500,1,,1
7012,64,0,1300,1,,1
7012,64,0,1300,1,,1
7012,76,20.75,50,1,,1
7012,76,20.75,50,1,,1
7013,205,0,650,1,,1
7014,70,250,650,1,,1
7015,217,0,1600,1,,1
7016,159,0,700,1,,1
7016,206,0,700,1,,1
7017,203,0,1150,1,,1
7018,194,0,1600,1,,1
7019,206,0,700,1,,1
7020,204,0,800,1,,1
7021,204,0,0,1,,1
7021,204,0,0,1,,1
7021,204,0,0,1,,1
7021,204,0,0,1,,1
7021,204,0,0,1,,1
7021,204,0,0,1,,1
7021,204,0,0,1,,1
7021,204,0,0,1,,1
7022,159,0,700,1,,1
7023,207,0,1000,1,,1
7023,214,0,1150,1,,1
7023,216,0,1600,1,,1
7023,216,0,1600,1,,1
7023,216,0,1600,1,,1
7023,119,0,1500,1,,1
7023,5,182,700,1,,1
7023,1,200,650,1,,1
7023,70,250,650,1,,1
7023,204,0,800,1,,1
7023,137,0,50,1,,1
7023,137,0,50,1,,1
7023,210,0,1500,1,,1
7023,210,0,1500,1,,1
7023,210,0,1500,1,,1
7023,210,0,1500,1,,1
7023,210,0,1500,1,,1
7024,64,0,1300,1,,1
7024,64,0,1300,1,,1
7025,203,0,1150,1,,1
7025,206,0,700,1,,1
7025,216,0,1600,1,,1
7025,203,0,1150,1,,1
7025,64,0,1300,1,,1
7025,204,0,800,1,,1
7025,203,0,1150,1,,1
7025,142,0,600,1,,1
7026,48,0,600,1,,1
7027,203,0,1150,1,,1
7028,203,0,1150,1,,1
7029,119,0,1500,1,,1
7030,204,0,800,1,,1
7030,195,0,1600,1,,1
7031,55,0,1700,1,,1
7031,5,182,700,1,,1
7031,204,0,800,1,,1
7032,203,0,1150,1,,1
7032,203,0,1150,1,,1
7032,217,0,1600,1,,1
7033,210,0,1500,1,,1
7034,64,0,1300,1,,1
7034,159,0,700,1,,1
7035,204,0,800,1,,1
7036,206,0,700,1,,1
7037,64,0,1300,1,,1
7037,194,0,1600,1,,1
7038,64,0,1300,1,,1
7038,119,0,1500,1,,1
7038,210,0,1500,1,,1
7039,210,0,1500,1,,1
7040,210,0,0,1,,1
7040,55,0,0,1,,1
7040,55,0,0,1,,1
7040,64,0,0,1,,1
7040,64,0,0,1,,1
7040,142,0,0,1,,1
7040,205,0,0,1,,1
7041,64,0,1300,1,,1
7041,64,0,1300,1,,1
7041,214,0,1150,1,,1
7041,214,0,1150,1,,1
7043,210,0,1500,1,,1
7044,203,0,1150,1,,1
7044,159,0,700,1,,1
7044,119,0,1500,1,,1
7045,204,0,800,1,,1
7046,119,0,1500,1,,1
7046,139,0,750,1,,1
7047,64,0,0,1,,1
7047,64,0,0,1,,1
7048,5,182,700,1,,1
7049,206,0,700,1,,1
7050,159,0,700,1,,1
7050,159,0,700,1,,1
7051,1,200,650,1,,1
7052,210,0,1500,1,,1
7053,159,0,700,1,,1
7054,203,0,1150,1,,1
7054,203,0,1150,1,,1
7054,218,0,1600,1,,1
7054,217,0,1600,1,,1
7054,142,0,600,1,,1
7054,119,0,1500,1,,1
7054,142,0,600,1,,1
7054,218,0,1600,1,,1
7054,210,0,1500,1,,1
7054,137,0,50,1,,1
7055,210,0,1500,1,,1
7055,210,0,1500,1,,1
7056,210,0,1500,1,,1
7057,210,0,0,1,,1
7057,210,0,0,1,,1
7057,210,0,0,1,,1
7057,210,0,0,1,,1
7057,205,0,0,1,,1
7057,203,0,0,1,,1
7057,203,0,0,1,,1
7057,204,0,0,1,,1
7057,204,0,0,1,,1
7057,204,0,0,1,,1
7057,204,0,0,1,,1
7057,204,0,0,1,,1
7057,204,0,0,1,,1
7057,204,0,0,1,,1
7057,204,0,0,1,,1
7057,204,0,0,1,,1
7057,204,0,0,1,,1
7058,203,0,1150,1,,1
7059,64,0,1300,1,,1
7059,217,0,1600,1,,1
7060,64,0,1300,1,,1
7061,206,0,700,1,,1
7062,206,0,700,1,,1
7062,142,0,600,1,,1
7063,206,0,700,1,,1
7064,115,0,600,1,,1
7065,210,0,1500,1,,1
7065,210,0,1500,1,,1
7066,142,0,600,1,,1
7066,64,0,1300,1,,1
7066,64,0,1300,1,,1
7066,64,0,1300,1,,1
7066,55,0,1700,1,,1
7067,218,0,1600,1,,1
7068,205,0,650,1,,1
7069,131,0,600,1,,1
7069,214,0,1150,1,,1
7070,218,0,1600,1,,1
7070,210,0,1500,1,,1
7071,203,0,0,1,,1
7071,203,0,0,1,,1
7072,203,0,1150,1,,1
7073,203,0,1150,1,,1
7075,64,0,1300,1,,1
7075,55,0,1700,1,,1
7075,64,0,1300,1,,1
7076,204,0,800,1,,1
7077,204,0,800,1,,1
7078,48,0,600,1,,1
7079,210,0,1500,1,,1
7080,203,0,1150,1,,1
7080,203,0,1150,1,,1
7080,210,0,1500,1,,1
7081,206,0,700,1,,1
7082,52,0,650,1,,1
7083,204,0,0,1,,1
7083,204,0,0,1,,1
7083,204,0,0,1,,1
7083,204,0,0,1,,1
7083,204,0,0,1,,1
7083,64,0,0,1,,1
7083,210,0,0,1,,1
7083,204,0,0,1,,1
7083,64,0,0,1,,1
7083,196,0,0,1,,1
7084,159,0,700,1,,1
7085,119,0,1500,1,,1
7086,64,0,1300,1,,1
7086,64,0,1300,1,,1
7086,214,0,1150,1,,1
7087,115,0,600,1,,1
7088,55,0,1700,1,,1
7088,55,0,1700,1,,1
7088,55,0,1700,1,,1
7088,137,0,50,1,,1
7088,137,0,50,1,,1
7089,64,0,1300,1,,1
7089,101,0,600,1,,1
7089,119,0,1500,1,,1
7089,210,0,1500,1,,1
7089,210,0,1500,1,,1
7089,219,0,600,1,,1
7090,218,0,1600,1,,1
7090,210,0,1500,1,,1
7091,64,0,1300,1,,1
7092,196,0,0,1,,1
7092,196,0,0,1,,1
7092,196,0,0,1,,1
7092,159,0,0,1,,1
7092,194,0,0,1,,1
7092,137,0,0,1,,1
7092,137,0,0,1,,1
7092,137,0,0,1,,1
7093,64,0,1300,1,,1
7093,195,0,1600,1,,1
7094,64,0,1300,1,,1
7095,204,0,0,1,,1
7095,204,0,0,1,,1
7095,204,0,0,1,,1
7095,204,0,0,1,,1
7095,210,0,0,1,,1
7096,217,0,1600,1,,1
7097,55,0,1700,1,,1
7097,55,0,1700,1,,1
7097,194,0,1600,1,,1
7097,183,0,650,1,,1
7097,64,0,1300,1,,1
7097,217,0,1600,1,,1
7098,203,0,1150,1,,1
7098,203,0,1150,1,,1
7099,210,0,1500,1,,1
7100,206,0,700,1,,1
7100,101,0,600,1,,1
7100,206,0,700,1,,1
7100,137,0,50,1,,1
7101,218,0,1600,1,,1
7101,203,0,1150,1,,1
7101,101,0,600,1,,1
7102,180,0,750,1,,1
7102,180,0,750,1,,1
7102,55,0,1700,1,,1
7103,64,0,1300,1,,1
7103,218,0,1600,1,,1
7103,142,0,600,1,,1
7104,48,0,600,1,,1
7105,159,0,700,1,,1
7105,215,470,950,1,,1
7106,205,0,650,1,,1
7106,206,0,700,1,,1
7107,204,0,800,1,,1
7108,64,0,1300,1,,1
7108,64,0,1300,1,,1
7109,142,0,600,1,,1
7110,64,0,0,1,,1
7110,64,0,0,1,,1
7111,64,0,1300,1,,1
7112,204,0,800,1,,1
7112,196,0,1600,1,,1
7112,159,0,700,1,,1
7113,210,0,1500,1,,1
7113,210,0,1500,1,,1
7113,204,0,800,1,,1
7114,115,0,600,1,,1
7115,119,0,0,1,,1
7115,64,0,0,1,,1
7116,119,0,1500,1,,1
7116,101,0,600,1,,1
7117,205,0,650,1,,1
7118,204,0,0,1,,1
7119,205,0,0,1,,1
7119,205,0,0,1,,1
7120,64,0,1300,1,,1
7120,64,0,1300,1,,1
7120,1,200,650,1,,1
7120,214,0,1150,1,,1
7120,1,200,650,1,,1
7120,214,0,1150,1,,1
7121,204,0,800,1,,1
7122,205,0,650,1,,1
7122,204,0,800,1,,1
7123,64,0,0,1,,1
7123,64,0,0,1,,1
7123,64,0,0,1,,1
7123,215,470,0,1,,1
7123,217,0,0,1,,1
7124,205,0,650,1,,1
7125,142,0,600,1,,1
7125,204,0,800,1,,1
7126,203,0,1150,1,,1
7127,210,0,1500,1,,1
7128,203,0,1150,1,,1
7129,196,0,1600,1,,1
7129,64,0,1300,1,,1
7129,48,0,600,1,,1
7130,142,0,600,1,,1
7131,64,0,1300,1,,1
7132,206,0,700,1,,1
7133,205,0,650,1,,1
7133,205,0,650,1,,1
7134,204,0,800,1,,1
7135,64,0,1300,1,,1
7135,119,0,1500,1,,1
7136,53,0,1500,1,,1
7136,203,0,1150,1,,1
7137,219,0,600,1,,1
7137,64,0,1300,1,,1
7138,214,0,1150,1,,1
7138,203,0,1150,1,,1
7138,219,0,600,1,,1
7139,204,0,800,1,,1
7140,196,0,1600,1,,1
7141,64,0,1300,1,,1
7142,64,0,1300,1,,1
7143,64,0,1300,1,,1
7143,203,0,1150,1,,1
7143,142,0,600,1,,1
7144,215,470,950,1,,1
7145,205,0,650,1,,1
7145,195,0,1600,1,,1
7146,52,0,650,1,,1
7146,137,0,50,1,,1
7147,214,0,1150,1,,1
7147,131,0,600,1,,1
7148,219,0,600,1,,1
7149,206,0,700,1,,1
7150,210,0,1500,1,,1
7151,204,0,0,1,,1
7151,204,0,0,1,,1
7151,204,0,0,1,,1
7151,204,0,0,1,,1
7151,204,0,0,1,,1
7151,204,0,0,1,,1
7151,195,0,0,1,,1
7151,196,0,0,1,,1
7151,196,0,0,1,,1
7151,137,0,0,1,,1
7151,205,0,0,1,,1
7152,203,0,1150,1,,1
7153,210,0,1500,1,,1
7154,218,0,1600,1,,1
7155,203,0,1150,1,,1
7155,195,0,1600,1,,1
7156,203,0,1150,1,,1
7157,210,0,1500,1,,1
7158,115,0,600,1,,1
7158,206,0,700,1,,1
7159,218,0,1600,1,,1
7159,218,0,1600,1,,1
7159,218,0,1600,1,,1
7159,218,0,1600,1,,1
7159,218,0,1600,1,,1
7159,218,0,1600,1,,1
7159,137,0,50,1,,1
7159,137,0,50,1,,1
7160,210,0,1500,1,,1
7160,210,0,1500,1,,1
7160,210,0,1500,1,,1
7161,64,0,1300,1,,1
7161,119,0,1500,1,,1
7162,10,0,650,1,,1
7162,196,0,1600,1,,1
7163,101,0,600,1,,1
7164,64,0,1300,1,,1
7164,64,0,1300,1,,1
7165,204,0,0,1,,1
7165,204,0,0,1,,1
7165,204,0,0,1,,1
7165,204,0,0,1,,1
7165,204,0,0,1,,1
7165,204,0,0,1,,1
7165,204,0,0,1,,1
7165,204,0,0,1,,1
7165,204,0,0,1,,1
7166,64,0,1300,1,,1
7166,219,0,600,1,,1
7166,203,0,1150,1,,1
7166,203,0,1150,1,,1
7166,152,0,900,1,,1
7167,159,0,700,1,,1
7169,207,0,1000,1,,1
7170,203,0,1150,1,,1
7171,210,0,1500,1,,1
7171,205,0,650,1,,1
7171,205,0,650,1,,1
7172,219,0,600,1,,1
7172,205,0,650,1,,1
7173,119,0,1500,1,,1
7173,203,0,1150,1,,1
7173,210,0,1500,1,,1
7174,204,0,800,1,,1
7174,55,0,1700,1,,1
7174,137,0,50,1,,1
7175,48,0,600,1,,1
7177,210,0,0,1,,1
7178,204,0,800,1,,1
7179,64,0,1300,1,,1
7179,64,0,1300,1,,1
7179,195,0,1600,1,,1
7180,55,0,1700,1,,1
7180,139,0,750,1,,1
7181,216,0,1600,1,,1
7181,159,0,700,1,,1
7181,203,0,1150,1,,1
7181,203,0,1150,1,,1
7181,159,0,700,1,,1
7181,210,0,1500,1,,1
7182,204,0,0,1,,1
7182,204,0,0,1,,1
7182,204,0,0,1,,1
7182,204,0,0,1,,1
7182,204,0,0,1,,1
7182,204,0,0,1,,1
7182,204,0,0,1,,1
7182,204,0,0,1,,1
7182,204,0,0,1,,1
7182,204,0,0,1,,1
7182,204,0,0,1,,1
7182,204,0,0,1,,1
7182,204,0,0,1,,1
7182,204,0,0,1,,1
7182,204,0,0,1,,1
7183,210,0,0,1,,1
7183,210,0,0,1,,1
7183,204,0,0,1,,1
7183,204,0,0,1,,1
7184,64,0,1300,1,,1
7185,203,0,1150,1,,1
7186,55,0,1700,1,,1
7186,203,0,1150,1,,1
7186,64,0,1300,1,,1
7187,195,0,1600,1,,1
7187,159,0,700,1,,1
7187,206,0,700,1,,1
7187,137,0,50,1,,1
7188,219,0,600,1,,1
7188,210,0,1500,1,,1
7188,210,0,1500,1,,1
7188,210,0,1500,1,,1
7188,208,0,1150,1,,1
7188,215,470,950,1,,1
7188,215,470,950,1,,1
7188,215,470,950,1,,1
7188,215,470,950,1,,1
7188,215,470,950,1,,1
7188,215,470,950,1,,1
7189,196,0,0,1,,1
7189,204,0,0,1,,1
7190,214,0,1150,1,,1
7190,203,0,1150,1,,1
7191,210,0,1500,1,,1
7191,64,0,1300,1,,1
7192,210,0,1500,1,,1
7193,204,0,800,1,,1
7194,64,0,1300,1,,1
7195,64,0,1300,1,,1
7196,205,0,650,1,,1
7196,205,0,650,1,,1
7196,205,0,650,1,,1
7196,213,0,100,1,,1
7197,101,0,600,1,,1
7197,206,0,700,1,,1
7197,206,0,700,1,,1
7197,119,0,1500,1,,1
7197,101,0,600,1,,1
7197,206,0,700,1,,1
7197,219,0,600,1,,1
7198,159,0,700,1,,1
7198,203,0,1150,1,,1
7198,206,0,700,1,,1
7198,131,0,600,1,,1
7199,101,0,600,1,,1
7199,119,0,1500,1,,1
7199,64,0,1300,1,,1
7199,55,0,1700,1,,1
7199,216,0,1600,1,,1
7199,196,0,1600,1,,1
7199,196,0,1600,1,,1
7199,137,0,50,1,,1
7199,210,0,1500,1,,1
7200,48,0,600,1,,1
7201,206,0,700,1,,1
7201,206,0,700,1,,1
7202,204,0,0,1,,1
7202,204,0,0,1,,1
7202,204,0,0,1,,1
7202,204,0,0,1,,1
7202,204,0,0,1,,1
7202,204,0,0,1,,1
7202,204,0,0,1,,1
7202,204,0,0,1,,1
7203,55,0,1700,1,,1
7203,55,0,1700,1,,1
7203,55,0,1700,1,,1
7203,205,0,650,1,,1
7203,203,0,1150,1,,1
7203,210,0,1500,1,,1
7204,203,0,1150,1,,1
7205,203,0,1150,1,,1
7206,203,0,1150,1,,1
7207,195,0,1600,1,,1
7207,137,0,50,1,,1
7208,55,0,1700,1,,1
7208,203,0,1150,1,,1
7209,219,0,600,1,,1
7210,64,0,1300,1,,1
7211,216,0,1600,1,,1
7212,203,0,1150,1,,1
7212,205,0,650,1,,1
7212,48,0,600,1,,1
7213,55,0,1700,1,,1
7213,64,0,1300,1,,1
7213,213,0,100,1,,1
7214,55,0,1700,1,,1
7214,101,0,600,1,,1
7214,204,0,800,1,,1
7215,220,0,850,1,,1
7215,204,0,800,1,,1
7216,204,0,0,1,,1
7216,204,0,0,1,,1
7216,204,0,0,1,,1
7216,205,0,0,1,,1
7216,204,0,0,1,,1
7216,204,0,0,1,,1
7216,219,0,0,1,,1
7217,203,0,1150,1,,1
7218,131,0,600,1,,1
7218,203,0,1150,1,,1
7219,204,0,800,1,,1
7220,210,0,1500,1,,1
7221,203,0,1150,1,,1
7222,204,0,0,1,,1
7222,204,0,0,1,,1
7222,204,0,0,1,,1
7222,204,0,0,1,,1
7222,204,0,0,1,,1
7222,204,0,0,1,,1
7222,204,0,0,1,,1
7223,196,0,1600,1,,1
7223,219,0,600,1,,1
7223,196,0,1600,1,,1
7223,137,0,50,1,,1
7223,218,0,1600,1,,1
7224,195,0,1600,1,,1
7224,203,0,1150,1,,1
7224,159,0,700,1,,1
7225,204,0,800,1,,1
7225,204,0,800,1,,1
7225,208,0,1150,1,,1
7226,64,0,1300,1,,1
7227,203,0,1150,1,,1
7228,219,0,600,1,,1
7229,55,0,1700,1,,1
7229,64,0,1300,1,,1
7229,219,0,600,1,,1
7230,153,0,750,1,,1
7230,196,0,1600,1,,1
7230,196,0,1600,1,,1
7230,137,0,50,1,,1
7230,153,0,750,1,,1
7230,64,0,1300,1,,1
7231,64,0,1300,1,,1
7232,210,0,1500,1,,1
7233,210,0,0,1,,1
7234,203,0,1150,1,,1
7235,204,0,0,1,,1
7235,204,0,0,1,,1
7235,204,0,0,1,,1
7235,204,0,0,1,,1
7235,204,0,0,1,,1
7235,204,0,0,1,,1
7235,204,0,0,1,,1
7235,204,0,0,1,,1
7235,204,0,0,1,,1
7235,204,0,0,1,,1
7235,204,0,0,1,,1
7235,204,0,0,1,,1
7235,204,0,0,1,,1
7235,204,0,0,1,,1
7235,204,0,0,1,,1
7235,204,0,0,1,,1
7235,204,0,0,1,,1
7235,180,0,0,1,,1
7235,180,0,0,1,,1
7236,205,0,0,1,,1
7237,219,0,600,1,,1
7238,195,0,1600,1,,1
7239,131,0,600,1,,1
7240,203,0,1150,1,,1
7241,210,0,1500,1,,1
7242,216,0,0,1,,1
7243,119,0,1500,1,,1
7244,119,0,1500,1,,1
7245,55,0,1700,1,,1
7245,64,0,1300,1,,1
7246,203,0,1150,1,,1
7246,203,0,1150,1,,1
7246,55,0,1700,1,,1
7246,55,0,1700,1,,1
7247,101,0,600,1,,1
7247,119,0,1500,1,,1
7247,210,0,1500,1,,1
7247,210,0,1500,1,,1
7248,216,0,1600,1,,1
7250,64,0,1300,1,,1
7250,208,0,1150,1,,1
7250,101,0,600,1,,1
7250,55,0,1700,1,,1
7251,210,0,1500,1,,1
7252,205,0,650,1,,1
7252,204,0,800,1,,1
7253,204,0,0,1,,1
7253,204,0,0,1,,1
7253,204,0,0,1,,1
7253,204,0,0,1,,1
7253,204,0,0,1,,1
7253,204,0,0,1,,1
7253,204,0,0,1,,1
7253,204,0,0,1,,1
7253,204,0,0,1,,1
7253,204,0,0,1,,1
7253,204,0,0,1,,1
7253,204,0,0,1,,1
7253,204,0,0,1,,1
7253,204,0,0,1,,1
7253,204,0,0,1,,1
7253,139,0,0,1,,1
7254,204,0,800,1,,1
7254,101,0,600,1,,1
7254,208,0,1150,1,,1
7255,216,0,1600,1,,1
7255,204,0,800,1,,1
7255,55,0,1700,1,,1
7256,210,0,1500,1,,1
7257,64,0,1300,1,,1
7257,55,0,1700,1,,1
7258,195,0,1600,1,,1
7258,210,0,1500,1,,1
7259,207,0,1000,1,,1
7260,159,0,700,1,,1
7262,119,0,1500,1,,1
7263,64,0,1300,1,,1
7263,64,0,1300,1,,1
7263,214,0,1150,1,,1
7263,214,0,1150,1,,1
7264,64,0,0,1,,1
7265,204,0,0,1,,1
7265,204,0,0,1,,1
7265,204,0,0,1,,1
7265,204,0,0,1,,1
7265,204,0,0,1,,1
7265,204,0,0,1,,1
7265,204,0,0,1,,1
7265,204,0,0,1,,1
7265,204,0,0,1,,1
7265,204,0,0,1,,1
7265,204,0,0,1,,1
7265,204,0,0,1,,1
7265,204,0,0,1,,1
7265,204,0,0,1,,1
7266,218,0,1600,1,,1
7266,218,0,1600,1,,1
7267,64,0,1300,1,,1
7267,64,0,1300,1,,1
7267,53,0,1500,1,,1
7267,203,0,1150,1,,1
7267,195,0,1600,1,,1
7268,131,0,600,1,,1
7269,205,0,650,1,,1
7270,204,0,0,1,,1
7272,64,0,1300,1,,1
7273,119,0,1500,1,,1
7274,208,0,1150,1,,1
7275,210,0,0,1,,1
7275,210,0,0,1,,1
7276,204,0,0,1,,1
7276,204,0,0,1,,1
7276,204,0,0,1,,1
7276,204,0,0,1,,1
7276,204,0,0,1,,1
7276,204,0,0,1,,1
7276,204,0,0,1,,1
7276,204,0,0,1,,1
7276,204,0,0,1,,1
7276,204,0,0,1,,1
7276,204,0,0,1,,1
7276,204,0,0,1,,1
7276,204,0,0,1,,1
7276,205,0,0,1,,1
7276,205,0,0,1,,1
7276,131,0,0,1,,1
7276,131,0,0,1,,1
7276,210,0,0,1,,1
7276,205,0,0,1,,1
7276,205,0,0,1,,1
7276,205,0,0,1,,1
7276,205,0,0,1,,1
7276,205,0,0,1,,1
7276,219,0,0,1,,1
7277,64,0,1300,1,,1
7278,203,0,1150,1,,1
7278,48,0,600,1,,1
7280,119,0,1500,1,,1
7280,183,0,650,1,,1
7280,183,0,650,1,,1
7281,64,0,1300,1,,1
7281,64,0,1300,1,,1
7282,204,0,800,1,,1
7283,203,0,1150,1,,1
7284,203,0,1150,1,,1
7284,203,0,1150,1,,1
7285,53,0,1500,1,,1
7285,131,0,600,1,,1
7286,64,0,1300,1,,1
7286,64,0,1300,1,,1
7287,159,0,700,1,,1
7288,64,0,1300,1,,1
7289,64,0,1300,1,,1
7290,204,0,0,1,,1
7290,204,0,0,1,,1
7290,204,0,0,1,,1
7290,204,0,0,1,,1
7290,204,0,0,1,,1
7290,204,0,0,1,,1
7290,204,0,0,1,,1
7290,204,0,0,1,,1
7290,204,0,0,1,,1
7290,204,0,0,1,,1
7290,204,0,0,1,,1
7290,204,0,0,1,,1
7290,204,0,0,1,,1
7290,204,0,0,1,,1
7290,204,0,0,1,,1
7290,204,0,0,1,,1
7290,131,0,0,1,,1
7291,216,0,1600,1,,1
7291,196,0,1600,1,,1
7291,137,0,50,1,,1
7292,210,0,1500,1,,1
7293,204,0,800,1,,1
7294,203,0,1150,1,,1
7294,119,0,1500,1,,1
7295,204,0,800,1,,1
7296,55,0,1700,1,,1
7296,64,0,1300,1,,1
7297,131,0,600,1,,1
7298,203,0,1150,1,,1
7299,196,0,1600,1,,1
7299,206,0,700,1,,1
7299,219,0,600,1,,1
7300,64,0,1300,1,,3
7301,203,0,1150,1,,1
7301,55,0,1700,1,,1
7302,101,0,600,1,,1
7302,218,0,1600,1,,1
7302,55,0,1700,1,,1
7303,119,0,1500,1,,1
7303,210,0,1500,1,,1
7304,203,0,1150,1,,1
7304,203,0,1150,1,,1
7305,131,0,600,1,,1
7306,204,0,0,1,,1
7306,204,0,0,1,,1
7306,204,0,0,1,,1
7306,204,0,0,1,,1
7306,204,0,0,1,,1
7306,204,0,0,1,,1
7306,204,0,0,1,,1
7306,204,0,0,1,,1
7306,204,0,0,1,,1
7306,204,0,0,1,,1
7306,204,0,0,1,,1
7306,204,0,0,1,,1
7306,64,0,0,1,,1
7306,210,0,0,1,,1
7306,1,200,0,1,,1
7307,217,0,1600,1,,1
7308,203,0,1150,1,,1
7309,64,0,1300,1,,1
7310,115,0,600,1,,1
7311,218,0,1600,1,,1
7312,210,0,1500,1,,1
7313,64,0,1300,1,,1
7314,210,0,1500,1,,1
7315,115,0,600,1,,1
7315,206,0,700,1,,1
7316,210,0,1500,1,,1
7316,64,0,1300,1,,1
7316,64,0,1300,1,,1
7316,203,0,1150,1,,1
7317,196,0,1600,1,,1
7317,216,0,1600,1,,1
7317,219,0,600,1,,1
7317,210,0,1500,1,,1
7317,64,0,1300,1,,1
7317,64,0,1300,1,,1
7317,55,0,1700,1,,1
7317,55,0,1700,1,,1
7317,210,0,1500,1,,1
7318,206,0,700,1,,1
7319,204,0,0,1,,1
7319,204,0,0,1,,1
7319,204,0,0,1,,1
7319,204,0,0,1,,1
7319,204,0,0,1,,1
7319,204,0,0,1,,1
7319,204,0,0,1,,1
7319,204,0,0,1,,1
7319,204,0,0,1,,1
7319,204,0,0,1,,1
7319,204,0,0,1,,1
7319,204,0,0,1,,1
7319,210,0,0,1,,1
7320,131,0,600,1,,1
7320,131,0,600,1,,1
7320,208,0,1150,1,,1
7320,55,0,1700,1,,1
7320,55,0,1700,1,,1
7321,119,0,1500,1,,1
7322,48,0,600,1,,1
7323,64,0,1300,1,,1
7323,213,0,100,1,,1
7324,101,0,600,1,,1
7325,64,0,1300,1,,1
7325,218,0,1600,1,,1
7326,115,0,600,1,,1
7326,219,0,600,1,,1
7327,101,0,600,1,,1
7327,55,0,1700,1,,1
7328,64,0,1300,1,,1
7329,204,0,0,1,,1
7329,204,0,0,1,,1
7329,204,0,0,1,,1
7329,204,0,0,1,,1
7329,204,0,0,1,,1
7329,204,0,0,1,,1
7329,204,0,0,1,,1
7329,204,0,0,1,,1
7329,204,0,0,1,,1
7329,204,0,0,1,,1
7329,131,0,0,1,,1
7329,131,0,0,1,,1
7329,115,0,0,1,,1
7329,204,0,0,1,,1
7329,204,0,0,1,,1
7329,208,0,0,1,,1
7330,64,0,1300,1,,1
7330,159,0,700,1,,1
7331,48,0,600,1,,1
7332,206,0,700,1,,1
7333,220,0,850,1,,1
7334,131,0,600,1,,1
7335,219,0,600,1,,1
7335,207,0,1000,1,,1
7335,207,0,1000,1,,1
7335,206,0,700,1,,1
7335,206,0,700,1,,1
7336,204,0,800,1,,1
7337,220,0,850,1,,1
7337,203,0,1150,1,,1
7338,70,250,650,1,,1
7339,205,0,650,1,,1
7339,205,0,650,1,,1
7339,76,20.75,50,1,,1
7340,217,0,1600,1,,1
7340,210,0,1500,1,,1
7340,210,0,1500,1,,1
7340,210,0,1500,1,,1
7341,101,0,600,1,,1
7342,64,0,0,1,,1
7342,64,0,0,1,,1
7342,64,0,0,1,,1
7342,101,0,0,1,,1
7342,101,0,0,1,,1
7342,204,0,0,1,,1
7342,210,0,0,1,,1
7342,64,0,0,1,,1
7343,64,0,1300,1,,1
7343,64,0,1300,1,,1
7343,131,0,600,1,,1
7343,64,0,1300,1,,1
7343,64,0,1300,1,,1
7344,115,0,600,1,,1
7345,195,0,1600,1,,1
7346,204,0,800,1,,1
7347,205,0,650,1,,1
7347,101,0,600,1,,1
7348,48,0,600,1,,1
7348,1,200,650,1,,1
7349,219,0,600,1,,1
7349,203,0,1150,1,,1
7349,203,0,1150,1,,1
7349,210,0,1500,1,,1
7349,210,0,1500,1,,1
7349,210,0,1500,1,,1
7349,210,0,1500,1,,1
7349,210,0,1500,1,,1
7349,210,0,1500,1,,1
7349,210,0,1500,1,,1
7349,210,0,1500,1,,1
7349,210,0,1500,1,,1
7349,210,0,1500,1,,1
7349,208,0,1150,1,,1
7349,208,0,1150,1,,1
7349,208,0,1150,1,,1
7349,137,0,50,1,,1
7350,210,0,1500,1,,1
7350,214,0,1150,1,,1
7350,196,0,1600,1,,1
7350,219,0,600,1,,1
7351,219,0,600,1,,1
7352,55,0,1700,1,,1
7352,55,0,1700,1,,1
7352,55,0,1700,1,,1
7352,64,0,1300,1,,1
7352,64,0,1300,1,,1
7352,203,0,1150,1,,1
7352,119,0,1500,1,,1
7352,137,0,50,1,,1
7352,119,0,1500,1,,1
7352,139,0,750,1,,1
7352,101,0,600,1,,1
7353,119,0,1500,1,,1
7353,101,0,600,1,,1
7354,204,0,800,1,,1
7354,219,0,600,1,,1
7355,64,0,0,1,,1
7355,64,0,0,1,,1
7355,55,0,0,1,,1
7355,214,0,0,1,,1
7356,119,0,1500,1,,1
7357,203,0,1150,1,,1
7358,55,0,1700,1,,1
7358,137,0,50,1,,1
7359,208,0,1150,1,,1
7359,48,0,600,1,,1
7359,64,0,1300,1,,1
7360,203,0,1150,1,,1
7360,206,0,700,1,,1
7360,55,0,1700,1,,1
7361,53,0,1500,1,,1
7361,206,0,700,1,,1
7362,210,0,1500,1,,1
7363,64,0,1300,1,,1
7364,217,0,1600,1,,1
7365,5,182,0,1,,1
7365,195,0,0,1,,1
7365,204,0,0,1,,1
7365,204,0,0,1,,1
7365,204,0,0,1,,1
7365,204,0,0,1,,1
7365,205,0,0,1,,1
7366,203,0,1150,1,,1
7366,218,0,1600,1,,1
7366,53,0,1500,1,,1
7367,115,0,600,1,,1
7368,55,0,1700,1,,1
7368,210,0,1500,1,,1
7369,220,0,850,1,,1
7369,219,0,600,1,,1
7369,221,0,600,1,,1
7370,101,0,600,1,,1
7371,159,0,700,1,,1
7371,119,0,1500,1,,1
7371,203,0,1150,1,,1
7371,219,0,600,1,,1
7371,55,0,1700,1,,1
7371,221,0,600,1,,1
7371,204,0,800,1,,1
7372,64,0,1300,1,,1
7372,119,0,1500,1,,1
7374,101,0,600,1,,1
7374,204,0,800,1,,1
7375,64,0,1300,1,,1
7376,64,0,0,1,,1
7376,64,0,0,1,,1
7376,64,0,0,1,,1
7376,64,0,0,1,,1
7377,119,0,1500,1,,1
7377,55,0,1700,1,,1
7377,64,0,1300,1,,1
7377,64,0,1300,1,,1
7377,208,0,1150,1,,1
7377,137,0,50,1,,1
7378,210,0,1500,1,,1
7378,206,0,700,1,,1
7379,55,0,1700,1,,1
7379,64,0,1300,1,,1
7379,204,0,800,1,,1
7380,217,0,1600,1,,1
7380,204,0,800,1,,1
7381,70,250,650,1,,1
7382,55,0,1700,1,,1
7382,131,0,600,1,,1
7382,142,0,600,1,,1
7383,64,0,1300,1,,1
7384,5,182,700,1,,1
7384,131,0,600,1,,1
7384,55,0,1700,1,,1
7384,55,0,1700,1,,1
7384,204,0,800,1,,1
7385,207,0,1000,1,,1
7386,204,0,800,1,,1
7387,210,0,1500,1,,1
7388,104,0,0,1,,1
7389,195,0,1600,1,,1
7390,115,0,600,1,,1
7391,131,0,600,1,,1
7392,203,0,1150,1,,1
7392,208,0,1150,1,,1
7393,55,0,1700,1,,1
7393,101,0,600,1,,1
7394,64,0,1300,1,,1
7394,203,0,1150,1,,1
7394,142,0,600,1,,1
7395,64,0,1300,1,,1
7395,64,0,1300,1,,1
7396,204,0,800,1,,1
7396,1,200,650,1,,1
7397,204,0,800,1,,1
7397,203,0,1150,1,,1
7397,101,0,600,1,,1
7398,210,0,1500,1,,1
7398,210,0,1500,1,,1
7398,210,0,1500,1,,1
7398,210,0,1500,1,,1
7398,210,0,1500,1,,1
7398,53,0,1500,1,,1
7398,53,0,1500,1,,1
7398,203,0,1150,1,,1
7398,101,0,600,1,,1
7399,142,0,600,1,,1
7400,142,0,600,1,,1
7401,152,0,900,1,,1
7401,55,0,1700,1,,1
7401,119,0,1500,1,,1
7401,137,0,50,1,,1
7402,64,0,1300,1,,1
7402,204,0,800,1,,1
7403,101,0,600,1,,1
7403,119,0,1500,1,,1
7403,210,0,1500,1,,1
7403,210,0,1500,1,,1
7403,210,0,1500,1,,1
7403,210,0,1500,1,,1
7404,204,0,0,1,,1
7404,142,0,0,1,,1
7405,180,0,750,1,,1
7405,180,0,750,1,,1
7405,216,0,1600,1,,1
7405,207,0,1000,1,,1
7405,205,0,650,1,,1
7405,195,0,1600,1,,1
7405,142,0,600,1,,1
7406,131,0,600,1,,1
7407,64,0,0,1,,1
7407,64,0,0,1,,1
7407,64,0,0,1,,1
7407,204,0,0,1,,1
7409,55,0,1700,1,,1
7409,55,0,1700,1,,1
7409,210,0,1500,1,,1
7409,137,0,50,1,,1
7410,203,0,1150,1,,1
7411,204,0,800,1,,1
7412,55,0,1700,1,,1
7412,55,0,1700,1,,1
7412,203,0,1150,1,,1
7412,203,0,1150,1,,1
7413,55,0,1700,1,,1
7413,55,0,1700,1,,1
7413,139,0,750,1,,1
7413,139,0,750,1,,1
7413,180,0,750,1,,1
7414,180,0,750,1,,1
7414,55,0,1700,1,,1
7414,139,0,750,1,,1
7415,220,0,850,1,,1
7416,203,0,1150,1,,1
7417,55,0,1700,1,,1
7417,203,0,1150,1,,1
7417,210,0,1500,1,,1
7417,210,0,1500,1,,1
7417,210,0,1500,1,,1
7417,210,0,1500,1,,1
7417,210,0,1500,1,,1
7418,159,0,700,1,,1
7418,159,0,700,1,,1
7419,131,0,600,1,,1
7419,203,0,1150,1,,1
7419,67,0,1650,1,,1
7419,221,0,600,1,,1
7420,195,0,1600,1,,1
7421,137,0,50,1,,1
7422,204,0,0,1,,1
7422,204,0,0,1,,1
7422,204,0,0,1,,1
7422,204,0,0,1,,1
7422,204,0,0,1,,1
7422,204,0,0,1,,1
7422,210,0,0,1,,1
7422,210,0,0,1,,1
7422,204,0,0,1,,1
7422,204,0,0,1,,1
7422,204,0,0,1,,1
7422,131,0,0,1,,1
7422,131,0,0,1,,1
7422,131,0,0,1,,1
7423,64,0,1300,1,,1
7424,204,0,800,1,,1
7425,204,0,800,1,,1
7425,204,0,800,1,,1
7425,55,0,1700,1,,1
7426,64,0,1300,1,,1
7427,55,0,1700,1,,1
7427,55,0,1700,1,,1
7428,64,0,1300,1,,1
7428,64,0,1300,1,,1
7428,64,0,1300,1,,1
7428,64,0,1300,1,,1
7429,210,0,1500,1,,1
7429,218,0,1600,1,,1
7430,119,0,1500,1,,1
7431,64,0,1300,1,,1
7432,119,0,1500,1,,1
7433,64,0,1300,1,,1
7433,64,0,1300,1,,1
7433,216,0,1600,1,,1
7433,214,0,1150,1,,1
7433,196,0,1600,1,,1
7434,64,0,0,1,,1
7435,210,0,1500,1,,1
7436,203,0,1150,1,,1
7437,205,0,0,1,,1
7437,205,0,0,1,,1
7438,119,0,1500,1,,1
7438,131,0,600,1,,1
7438,131,0,600,1,,1
7439,203,0,1150,1,,1
7439,203,0,1150,1,,1
7440,206,0,700,1,,1
7441,203,0,1150,1,,1
7442,119,0,1500,1,,1
7442,73,260,700,1,,1
7443,204,0,800,1,,1
7444,206,0,700,1,,1
7444,206,0,700,1,,1
7444,159,0,700,1,,1
7444,159,0,700,1,,1
7444,137,0,50,1,,1
7444,137,0,50,1,,1
7445,210,0,1500,1,,1
7446,204,0,800,1,,1
7447,180,0,750,1,,1
7447,180,0,750,1,,1
7447,142,0,600,1,,1
7448,204,0,0,1,,1
7448,204,0,0,1,,1
7448,204,0,0,1,,1
7448,204,0,0,1,,1
7448,204,0,0,1,,1
7448,204,0,0,1,,1
7448,64,0,0,1,,1
7448,204,0,0,1,,1
7449,210,0,1500,1,,1
7449,203,0,1150,1,,1
7450,48,0,600,1,,1
7451,196,0,0,1,,1
7451,137,0,0,1,,1
7452,159,0,700,1,,1
7452,205,0,650,1,,1
7453,119,0,1500,1,,1
7454,210,0,1500,1,,1
7454,210,0,1500,1,,1
7454,210,0,1500,1,,1
7454,210,0,1500,1,,1
7454,210,0,1500,1,,1
7455,218,0,1600,1,,1
7455,180,0,750,1,,1
7456,64,0,1300,1,,1
7456,203,0,1150,1,,1
7456,3,0,600,1,,1
7456,210,0,1500,1,,1
7456,206,0,700,1,,1
7456,206,0,700,1,,1
7456,137,0,50,1,,1
7457,3,0,600,1,,1
7458,64,0,1300,1,,1
7459,196,0,1600,1,,1
7459,64,0,1300,1,,1
7460,64,0,1300,1,,1
7461,213,0,100,1,,1
7461,64,0,1300,1,,1
7461,64,0,1300,1,,1
7462,204,0,0,1,,1
7462,204,0,0,1,,1
7462,204,0,0,1,,1
7462,204,0,0,1,,1
7462,204,0,0,1,,1
7462,204,0,0,1,,1
7462,204,0,0,1,,1
7462,204,0,0,1,,1
7462,115,0,0,1,,1
7462,210,0,0,1,,1
7463,64,0,1300,1,,1
7463,159,0,700,1,,1
7465,216,0,1600,1,,1
7465,205,0,650,1,,1
7466,210,0,1500,1,,1
7466,64,0,1300,1,,1
7467,221,0,600,1,,1
7467,221,0,600,1,,1
7467,53,0,1500,1,,1
7467,101,0,600,1,,1
7468,196,0,1600,1,,1
7468,204,0,800,1,,1
7469,196,0,1600,1,,1
7469,137,0,50,1,,1
7470,64,0,1300,1,,1
7471,64,0,1300,1,,1
7471,218,0,1600,1,,1
7472,204,0,0,1,,1
7472,204,0,0,1,,1
7472,204,0,0,1,,1
7472,204,0,0,1,,1
7473,64,0,1300,1,,1
7474,159,0,700,1,,1
7474,210,0,1500,1,,1
7475,159,0,700,1,,1
7475,206,0,700,1,,1
7475,137,0,50,1,,1
7476,55,0,1700,1,,1
7476,210,0,1500,1,,1
7477,203,0,1150,1,,1
7477,203,0,1150,1,,1
7477,55,0,1700,1,,1
7477,55,0,1700,1,,1
7478,215,470,950,1,,1
7479,131,0,600,1,,1
7479,195,0,1600,1,,1
7480,131,0,600,1,,1
7480,55,0,1700,1,,1
7480,203,0,1150,1,,1
7480,210,0,1500,1,,1
7481,205,0,650,1,,1
7481,205,0,650,1,,1
7481,3,0,600,1,,1
7483,101,0,600,1,,1
7485,204,0,800,1,,1
7485,204,0,800,1,,1
7485,142,0,600,1,,1
7485,217,0,1600,1,,1
7486,64,0,1300,1,,1
7486,55,0,1700,1,,1
7486,110,162.2,600,1,,1
7486,206,0,700,1,,1
7486,208,0,1150,1,,1
7486,137,0,50,1,,1
7487,205,0,650,1,,1
7488,208,0,1150,1,,1
7489,64,0,0,1,,1
7489,64,0,0,1,,1
7489,64,0,0,1,,1
7489,204,0,0,1,,1
7490,55,0,1700,1,,1
7490,55,0,1700,1,,1
7490,4,0,1150,1,,1
7490,131,0,600,1,,1
7490,101,0,600,1,,1
7490,4,0,1150,1,,1
7490,4,0,1150,1,,1
7491,216,0,1600,1,,1
7492,203,0,1150,1,,1
7493,210,0,1500,1,,1
7493,204,0,800,1,,1
7494,64,0,1300,1,,1
7496,64,0,1300,1,,1
7496,64,0,1300,1,,1
7496,221,0,600,1,,1
7496,218,0,1600,1,,1
7496,221,0,600,1,,1
7497,210,0,1500,1,,1
7498,210,0,1500,1,,1
7498,55,0,1700,1,,1
7498,221,0,600,1,,1
7499,48,0,600,1,,1
7500,64,0,1300,1,,1
7500,64,0,1300,1,,1
7501,221,0,600,1,,1
7501,64,0,1300,1,,1
7501,203,0,1150,1,,1
7501,208,0,1150,1,,1
7502,64,0,1300,1,,1
7502,210,0,1500,1,,1
7502,210,0,1500,1,,1
7503,195,0,1600,1,,1
7503,64,0,1300,1,,1
7503,206,0,700,1,,1
7504,204,0,0,1,,1
7504,204,0,0,1,,1
7504,205,0,0,1,,1
7504,205,0,0,1,,1
7504,205,0,0,1,,1
7504,205,0,0,1,,1
7504,205,0,0,1,,1
7504,64,0,0,1,,1
7504,64,0,0,1,,1
7505,210,0,1500,1,,1
7505,203,0,1150,1,,1
7507,217,0,1600,1,,1
7507,48,0,600,1,,1
7508,159,0,700,1,,1
7509,210,0,0,1,,1
7510,119,0,1500,1,,1
7510,211,0,650,1,,1
7510,204,0,800,1,,1
7510,204,0,800,1,,1
7511,208,0,1150,1,,1
7511,216,0,1600,1,,1
7511,221,0,600,1,,1
7511,195,0,1600,1,,1
7512,64,0,1300,1,,1
7513,119,0,1500,1,,1
7513,204,0,800,1,,1
7514,101,0,600,1,,1
7514,119,0,1500,1,,1
7515,55,0,1700,1,,1
7515,212,0,700,1,,1
7515,206,0,700,1,,1
7516,221,0,600,1,,1
7516,115,0,600,1,,1
7516,119,0,1500,1,,1
7517,221,0,600,1,,1
7518,221,0,600,1,,1
7519,101,0,0,1,,1
7519,101,0,0,1,,1
7519,115,0,0,1,,1
7519,214,0,0,1,,1
7519,214,0,0,1,,1
7519,205,0,0,1,,1
7519,205,0,0,1,,1
7519,205,0,0,1,,1
7519,153,0,0,1,,1
7519,153,0,0,1,,1
7519,204,0,0,1,,1
7519,204,0,0,1,,1
7519,64,0,0,1,,1
7519,64,0,0,1,,1
7519,64,0,0,1,,1
7520,217,0,1600,1,,1
7521,206,0,700,1,,1
7522,119,0,1500,1,,1
7522,203,0,1150,1,,1
7523,142,0,600,1,,1
7524,210,0,1500,1,,1
7525,119,0,1500,1,,1
7526,64,0,1300,1,,1
7527,221,0,600,1,,1
7528,205,0,650,1,,1
7529,64,0,1300,1,,1
7530,142,0,600,1,,1
7531,221,0,600,1,,1
7532,115,0,600,1,,1
7533,205,0,650,1,,1
7534,204,0,0,1,,1
7534,204,0,0,1,,1
7534,204,0,0,1,,1
7534,204,0,0,1,,1
7534,205,0,0,1,,1
7534,205,0,0,1,,1
7534,205,0,0,1,,1
7534,205,0,0,1,,1
7534,205,0,0,1,,1
7534,204,0,0,1,,1
7535,221,0,600,1,,1
7536,204,0,800,1,,1
7536,204,0,800,1,,1
7536,208,0,1150,1,,1
7537,64,0,1300,1,,1
7538,195,0,1600,1,,1
7539,55,0,1700,1,,1
7539,212,0,700,1,,1
7540,205,0,650,1,,1
7541,119,0,1500,1,,1
7542,4,0,1150,1,,1
7543,55,0,1700,1,,1
7543,101,0,600,1,,1
7543,159,0,700,1,,1
7543,159,0,700,1,,1
7544,159,0,700,1,,1
7545,64,0,1300,1,,1
7546,101,0,600,1,,1
7546,221,0,600,1,,1
7547,214,0,1150,1,,1
7547,214,0,1150,1,,1
7547,52,0,650,1,,1
7547,204,0,800,1,,1
7548,216,0,1600,1,,1
7549,64,0,0,1,,1
7549,64,0,0,1,,1
7549,64,0,0,1,,1
7549,217,0,0,1,,1
7550,64,0,1300,1,,1
7550,64,0,1300,1,,1
7550,101,0,600,1,,1
7550,195,0,1600,1,,1
7550,208,0,1150,1,,1
7551,159,0,700,1,,1
7552,206,0,700,1,,1
7553,55,0,1700,1,,1
7553,55,0,1700,1,,1
7553,203,0,1150,1,,1
7553,203,0,1150,1,,1
7554,203,0,1150,1,,1
7554,203,0,1150,1,,1
7554,119,0,1500,1,,1
7554,206,0,700,1,,1
7554,221,0,600,1,,1
7554,221,0,600,1,,1
7554,214,0,1150,1,,1
7554,55,0,1700,1,,1
7554,221,0,600,1,,1
7555,203,0,1150,1,,1
7555,204,0,800,1,,1
7556,119,0,1500,1,,1
7557,55,0,1700,1,,1
7557,55,0,1700,1,,1
7557,119,0,1500,1,,1
7557,64,0,1300,1,,1
7557,64,0,1300,1,,1
7557,64,0,1300,1,,1
7557,205,0,650,1,,1
7557,205,0,650,1,,1
7558,220,0,850,1,,1
7558,204,0,800,1,,1
7559,55,0,1700,1,,1
7559,64,0,1300,1,,1
7559,205,0,650,1,,1
7560,205,0,0,1,,1
7560,205,0,0,1,,1
7560,205,0,0,1,,1
7560,205,0,0,1,,1
7560,64,0,0,1,,1
7560,64,0,0,1,,1
7561,64,0,1300,1,,1
7561,64,0,1300,1,,1
7561,64,0,1300,1,,1
7561,217,0,1600,1,,1
7562,119,0,1500,1,,1
7562,203,0,1150,1,,1
7562,208,0,1150,1,,1
7563,115,0,600,1,,1
7564,205,0,650,1,,1
7565,64,0,0,1,,1
7566,64,0,1300,1,,1
7567,64,0,1300,1,,1
7567,55,0,1700,1,,1
7568,214,0,1150,1,,1
7568,64,0,1300,1,,1
7569,203,0,1150,1,,1
7571,73,260,700,1,,1
7571,204,0,800,1,,1
7571,204,0,800,1,,1
7572,64,0,1300,1,,1
7573,204,0,800,1,,1
7574,221,0,600,1,,1
7575,55,0,0,1,,1
7575,64,0,0,1,,1
7575,64,0,0,1,,1
7575,64,0,0,1,,1
7575,204,0,0,1,,1
7576,64,0,1300,1,,1
7577,159,0,700,1,,1
7577,217,0,1600,1,,1
7578,115,0,600,1,,1
7578,119,0,1500,1,,1
7579,119,0,1500,1,,1
7579,196,0,1600,1,,1
7580,4,0,1150,1,,1
7581,203,0,1150,1,,1
7581,119,0,1500,1,,1
7582,204,0,800,1,,1
7583,221,0,600,1,,1
7583,204,0,800,1,,1
7584,214,0,1150,1,,1
7585,64,0,1300,1,,1
7585,204,0,800,1,,1
7585,4,0,1150,1,,1
7585,204,0,800,1,,1
7585,64,0,1300,1,,1
7585,204,0,800,1,,1
7586,64,0,1300,1,,1
7586,55,0,1700,1,,1
7587,55,0,1700,1,,1
7587,64,0,1300,1,,1
7588,159,0,700,1,,1
7589,205,0,650,1,,1
7590,52,0,650,1,,1
7590,203,0,1150,1,,1
7591,64,0,1300,1,,1
7592,205,0,0,1,,1
7592,205,0,0,1,,1
7592,101,0,0,1,,1
7592,101,0,0,1,,1
7592,64,0,0,1,,1
7592,64,0,0,1,,1
7593,221,0,600,1,,1
7594,204,0,800,1,,1
7595,203,0,1150,1,,1
7595,196,0,1600,1,,1
7596,64,0,1300,1,,1
7596,213,0,100,1,,1
7596,159,0,700,1,,1
7596,137,0,50,1,,1
7597,210,0,1750,1,,1
7597,210,0,1750,1,,1
7597,210,0,1750,1,,1
7597,211,0,650,1,,1
7597,10,0,650,1,,1
7597,137,0,50,1,,1
7597,119,0,1500,1,,1
7597,119,0,1500,1,,1
7597,119,0,1500,1,,1
7597,119,0,1500,1,,1
7597,137,0,50,1,,1
7598,64,0,1300,1,,1
7598,204,0,800,1,,1
7599,217,0,1600,1,,1
7600,196,0,0,1,,1
7601,210,0,1750,1,,1
7601,217,0,1600,1,,1
7601,64,0,1300,1,,1
7601,64,0,1300,1,,1
7602,64,0,1300,1,,1
7603,195,0,1600,1,,1
7603,221,0,600,1,,1
7604,210,0,1750,1,,1
7605,210,0,1750,1,,1
7605,206,0,700,1,,1
7605,208,0,1150,1,,1
7606,210,0,1750,1,,1
7606,196,0,1600,1,,1
7607,210,0,1750,1,,1
7607,210,0,1750,1,,1
7607,210,0,1750,1,,1
7608,210,0,1750,1,,1
7609,221,0,600,1,,1
7610,64,0,0,1,,1
7610,210,0,0,1,,1
7611,206,0,700,1,,1
7612,64,0,1300,1,,1
7612,221,0,600,1,,1
7613,220,0,850,1,,1
7613,159,0,700,1,,1
7614,206,0,700,1,,1
7614,206,0,700,1,,1
7614,137,0,50,1,,1
7615,159,0,700,1,,1
7615,55,0,1700,1,,1
7616,119,0,1500,1,,1
7617,115,0,600,1,,1
7617,64,0,1300,1,,1
7617,204,0,800,1,,1
7617,221,0,600,1,,1
7618,131,0,600,1,,1
7619,221,0,0,1,,1
7619,210,0,0,1,,1
7620,203,0,1150,1,,1
7620,210,0,1750,1,,1
7620,210,0,1750,1,,1
7621,119,0,1500,1,,1
7621,211,0,650,1,,1
7622,64,0,1300,1,,1
7622,64,0,1300,1,,1
7623,203,0,1150,1,,1
7623,203,0,1150,1,,1
7623,221,0,600,1,,1
7624,211,0,650,1,,1
7624,119,0,1500,1,,1
7625,203,0,1150,1,,1
7625,220,0,850,1,,1
7626,64,0,1300,1,,1
7627,64,0,0,1,,1
7627,64,0,0,1,,1
7627,221,0,0,1,,1
7628,221,0,600,1,,1
7629,48,0,600,1,,1
7629,4,0,1150,1,,1
7630,203,0,1150,1,,1
7630,213,0,100,1,,1
7631,204,0,800,1,,1
7631,64,0,1300,1,,1
7632,210,0,1750,1,,1
7633,64,0,1300,1,,1
7634,64,0,1300,1,,1
7634,213,0,100,1,,1
7635,64,0,1300,1,,1
7635,64,0,1300,1,,1
7635,195,0,1600,1,,1
7635,196,0,1600,1,,1
7635,208,0,1150,1,,1
7635,208,0,1150,1,,1
7635,221,0,600,1,,1
7635,137,0,50,1,,1
7635,137,0,50,1,,1
7636,64,0,1300,1,,1
7637,55,0,1700,1,,1
7637,64,0,1300,1,,1
7638,64,0,1300,1,,1
7638,53,0,1500,1,,1
7639,119,0,1500,1,,1
7639,203,0,1150,1,,1
7639,203,0,1150,1,,1
7640,115,0,0,1,,1
7640,101,0,0,1,,1
7640,101,0,0,1,,1
7641,203,0,1150,1,,1
7642,203,0,1150,1,,1
7642,203,0,1150,1,,1
7642,206,0,950,1,,1
7642,206,0,950,1,,1
7642,206,0,950,1,,1
7642,223,0,950,1,,1
7642,137,0,50,1,,1
7643,64,0,1300,1,,1
7644,64,0,0,1,,1
7645,220,0,850,1,,1
7645,119,0,1500,1,,1
7646,4,0,1150,1,,1
7646,4,0,1150,1,,1
7646,4,0,1150,1,,1
7647,214,0,1150,1,,1
7647,196,0,1600,1,,1
7647,64,0,1300,1,,1
7647,64,0,1300,1,,1
7647,137,0,50,1,,1
7648,119,0,1500,1,,1
7649,221,0,600,1,,1
7650,131,0,600,1,,1
7650,216,0,1600,1,,1
7651,203,0,1150,1,,1
7652,64,0,1300,1,,1
7652,205,0,650,1,,1
7652,101,0,600,1,,1
7652,115,0,600,1,,1
7652,4,0,1150,1,,1
7652,4,0,1150,1,,1
7653,203,0,1150,1,,1
7653,220,0,850,1,,1
7653,220,0,850,1,,1
7653,64,0,1300,1,,1
7654,152,0,900,1,,1
7655,64,0,0,1,,1
7656,4,0,1150,1,,1
7657,48,0,600,1,,1
7658,206,0,950,1,,1
7659,4,0,1150,1,,1
7660,50,0,600,1,,1
7660,64,0,1300,1,,1
7660,64,0,1300,1,,1
7660,196,0,1600,1,,1
7660,196,0,1600,1,,1
7660,205,0,650,1,,1
7660,208,0,1150,1,,1
7660,135,0,500,1,,1
7661,203,0,1150,1,,1
7662,220,0,850,1,,1
7662,119,0,1500,1,,1
7662,5,182,700,1,,1
7663,50,0,600,1,,1
7663,115,0,600,1,,1
7663,218,0,1600,1,,1
7664,64,0,1300,1,,1
7664,64,0,1300,1,,1
7665,50,0,600,1,,1
7665,217,0,1600,1,,1
7666,204,0,0,1,,1
7666,204,0,0,1,,1
7666,204,0,0,1,,1
7666,64,0,0,1,,1
7666,64,0,0,1,,1
7666,64,0,0,1,,1
7667,55,0,1700,1,,1
7667,64,0,1300,1,,1
7667,205,0,650,1,,1
7667,55,0,1700,1,,1
7668,204,0,800,1,,1
7669,55,0,1700,1,,1
7669,204,0,800,1,,1
7670,203,0,1150,1,,1
7670,203,0,1150,1,,1
7671,205,0,650,1,,1
7671,50,0,600,1,,1
7672,203,0,1150,1,,1
7673,55,0,1700,1,,1
7673,50,0,600,1,,1
7674,48,0,600,1,,1
7675,203,0,1150,1,,1
7675,53,0,1500,1,,1
7676,204,0,0,1,,1
7676,204,0,0,1,,1
7676,204,0,0,1,,1
7676,204,0,0,1,,1
7676,204,0,0,1,,1
7676,204,0,0,1,,1
7676,204,0,0,1,,1
7676,204,0,0,1,,1
7676,204,0,0,1,,1
7676,204,0,0,1,,1
7677,64,0,1300,1,,1
7678,220,0,850,1,,1
7678,223,0,950,1,,1
7679,50,0,600,1,,1
7680,64,0,1300,1,,1
7681,64,0,1300,1,,1
7681,220,0,850,1,,1
7682,55,0,1700,1,,1
7682,119,0,1500,1,,1
7682,115,0,600,1,,1
7682,189,0,750,1,,1
7682,189,0,750,1,,1
7682,189,0,750,1,,1
7683,223,0,950,1,,1
7684,216,0,1600,1,,1
7685,203,0,1150,1,,1
7686,203,0,1150,1,,1
7686,203,0,1150,1,,1
7686,205,0,650,1,,1
7687,205,0,650,1,,1
7687,131,0,600,1,,1
7687,205,0,650,1,,1
7688,64,0,0,1,,1
7688,64,0,0,1,,1
7689,222,0,900,1,,1
7689,152,0,900,1,,1
7690,115,0,600,1,,1
7691,64,0,1300,1,,1
7691,48,0,600,1,,1
7692,223,0,950,1,,1
7693,64,0,1300,1,,1
7694,64,0,1300,1,,1
7694,64,0,1300,1,,1
7694,213,0,100,1,,1
7695,55,0,1700,1,,1
7695,50,0,600,1,,1
7695,208,0,1150,1,,1
7695,101,0,600,1,,1
7696,204,0,800,1,,1
7697,64,0,1300,1,,1
7698,220,0,850,1,,1
7699,208,0,1150,1,,1
7699,55,0,1700,1,,1
7699,115,0,600,1,,1
7699,208,0,1150,1,,1
7700,48,0,600,1,,1
7701,204,0,800,1,,1
7701,64,0,1300,1,,1
7702,205,0,650,1,,1
7703,208,0,1150,1,,1
7703,204,0,800,1,,1
7704,195,0,1600,1,,1
7705,64,0,0,1,,1
7705,204,0,0,1,,1
7705,204,0,0,1,,1
7705,204,0,0,1,,1
7705,204,0,0,1,,1
7706,131,0,600,1,,1
7707,195,0,1600,1,,1
7708,208,0,1150,1,,1
7708,208,0,1150,1,,1
7709,119,0,1500,1,,1
7710,64,0,1300,1,,1
7710,55,0,1700,1,,1
7710,204,0,800,1,,1
7710,204,0,800,1,,1
7711,64,0,1300,1,,1
7711,55,0,1700,1,,1
7711,205,0,650,1,,1
7711,204,0,800,1,,1
7712,55,0,1700,1,,1
7712,115,0,600,1,,1
7713,131,0,600,1,,1
7714,214,0,1150,1,,1
7714,64,0,1300,1,,1
7715,203,0,1150,1,,1
7715,217,0,1600,1,,1
7716,203,0,1150,1,,1
7716,204,0,800,1,,1
7717,207,0,1000,1,,1
7718,64,0,1300,1,,1
7719,50,0,600,1,,1
7720,205,0,650,1,,1
7721,10,0,650,1,,1
7721,55,0,1700,1,,1
7721,223,0,950,1,,1
7722,101,0,600,1,,1
7722,119,0,1500,1,,1
7723,119,0,1500,1,,1
7724,206,0,950,1,,1
7724,206,0,950,1,,1
7724,206,0,950,1,,1
7724,64,0,1300,1,,1
7724,64,0,1300,1,,1
7724,64,0,1300,1,,1
7724,115,0,600,1,,1
7725,119,0,1500,1,,1
7726,101,0,600,1,,1
7726,55,0,1700,1,,1
7726,50,0,600,1,,1
7726,204,0,800,1,,1
7727,205,0,650,1,,1
7728,131,0,600,1,,1
7729,50,0,600,1,,1
7730,64,0,1300,1,,1
7730,203,0,1150,1,,1
7730,204,0,800,1,,1
7732,218,0,1600,1,,1
7732,101,0,600,1,,1
7733,205,0,650,1,,1
7734,203,0,0,1,,1
7734,216,0,0,1,,1
7735,119,0,1500,1,,1
7735,101,0,600,1,,1
7736,64,0,1300,1,,1
7737,64,0,0,1,,1
7737,64,0,0,1,,1
7737,64,0,0,1,,1
7737,4,0,0,1,,1
7737,4,0,0,1,,1
7738,119,0,1500,1,,1
7739,115,0,0,1,,1
7739,64,0,0,1,,1
7739,196,0,0,1,,1
7739,196,0,0,1,,1
7739,204,0,0,1,,1
7740,50,0,600,1,,1
7741,211,0,650,1,,1
7742,64,0,1300,1,,1
7742,119,0,1500,1,,1
7743,101,0,600,1,,1
7744,203,0,1150,1,,1
7745,204,0,800,1,,1
7745,210,0,1750,1,,1
7745,50,0,600,1,,1
7745,203,0,1150,1,,1
7745,204,0,800,1,,1
7745,64,0,1300,1,,1
7745,64,0,1300,1,,1
7745,207,0,1000,1,,1
7745,50,0,600,1,,1
7745,223,0,950,1,,1
7745,223,0,950,1,,1
7746,204,0,0,1,,1
7746,204,0,0,1,,1
7747,203,0,1150,1,,1
7748,216,0,1600,1,,1
7749,220,0,850,1,,1
7750,223,0,950,1,,1
7750,223,0,950,1,,1
7750,203,0,1150,1,,1
7751,220,0,850,1,,1
7751,60,0,1000,1,,1
7751,101,0,600,1,,1
7752,119,0,1500,1,,1
7752,211,0,650,1,,1
7752,137,0,50,1,,1
7754,205,0,650,1,,1
7754,204,0,800,1,,1
7754,204,0,800,1,,1
7754,204,0,800,1,,1
7754,204,0,800,1,,1
7755,119,0,1500,1,,1
7755,207,0,1000,1,,1
7755,115,0,600,1,,1
7756,64,0,1300,1,,1
7757,214,0,1150,1,,1
7757,184,0,700,1,,1
7757,55,0,1700,1,,1
7757,64,0,1300,1,,1
7757,64,0,1300,1,,1
7757,184,0,700,1,,1
7757,119,0,1500,1,,1
7757,119,0,1500,1,,1
7757,220,0,850,1,,1
7757,221,0,600,1,,1
7757,205,0,650,1,,1
7757,64,0,1300,1,,1
7757,64,0,1300,1,,1
7757,64,0,1300,1,,1
7758,204,0,800,1,,1
7759,210,0,1750,1,,1
7759,203,0,1150,1,,1
7760,220,0,850,1,,1
7760,119,0,1500,1,,1
7761,55,0,1700,1,,1
7762,55,0,1700,1,,1
7762,101,0,600,1,,1
7763,216,0,1600,1,,1
7764,208,0,1150,1,,1
7764,203,0,1150,1,,1
7765,210,0,1750,1,,1
7765,204,0,800,1,,1
7766,119,0,1500,1,,1
7766,184,0,700,1,,1
7766,204,0,800,1,,1
7767,64,0,0,1,,1
7767,64,0,0,1,,1
7768,101,0,600,1,,1
7768,204,0,800,1,,1
7769,195,0,1600,1,,1
7770,210,0,1750,1,,1
7770,210,0,1750,1,,1
7771,206,0,950,1,,1
7772,4,0,0,1,,1
7772,4,0,0,1,,1
7773,64,0,1300,1,,1
7774,210,0,1750,1,,1
7776,55,0,1700,1,,1
7777,101,0,600,1,,1
7777,206,0,950,1,,1
7778,216,0,1600,1,,1
7779,205,0,650,1,,1
7780,205,0,650,1,,1
7780,205,0,650,1,,1
7781,208,0,1150,1,,1
7781,208,0,1150,1,,1
7782,64,0,1300,1,,1
7782,64,0,1300,1,,1
7782,196,0,1600,1,,1
7782,204,0,800,1,,1
7782,204,0,800,1,,1
7784,64,0,1300,1,,1
7784,64,0,1300,1,,1
7784,213,0,100,1,,1
7784,55,0,1700,1,,1
7784,137,0,50,1,,1
7785,223,0,950,1,,1
7786,204,0,800,1,,1
7786,216,0,1600,1,,1
7787,203,0,1150,1,,1
7787,55,0,1700,1,,1
7788,50,0,600,1,,1
7789,210,0,1750,1,,1
7789,210,0,1750,1,,1
7790,10,0,650,1,,1
7791,55,0,1700,1,,1
7791,101,0,600,1,,1
7791,210,0,1750,1,,1
7792,223,0,950,1,,1
7793,64,0,1300,1,,1
7794,205,0,650,1,,1
7795,50,0,600,1,,1
7795,204,0,800,1,,1
7796,205,0,650,1,,1
7797,48,0,600,1,,1
7797,203,0,1150,1,,1
7797,223,0,950,1,,1
7798,48,0,600,1,,1
7799,208,0,1150,1,,1
7800,64,0,0,1,,1
7800,64,0,0,1,,1
7800,64,0,0,1,,1
7800,205,0,0,1,,1
7800,205,0,0,1,,1
7800,205,0,0,1,,1
7800,210,0,0,1,,1
7800,210,0,0,1,,1
7801,196,0,1600,1,,1
7801,204,0,800,1,,1
7802,204,0,800,1,,1
7802,206,0,950,1,,1
7802,131,0,600,1,,1
7803,206,0,950,1,,1
7803,131,0,600,1,,1
7804,101,0,600,1,,1
7805,10,0,650,1,,1
7806,131,0,600,1,,1
7806,206,0,950,1,,1
7807,206,0,950,1,,1
7807,64,0,1300,1,,1
7808,101,0,600,1,,1
7808,216,0,1600,1,,1
7808,216,0,1600,1,,1
7808,210,0,1750,1,,1
7808,210,0,1750,1,,1
7808,210,0,1750,1,,1
7808,210,0,1750,1,,1
7809,64,0,1300,1,,1
7809,196,0,1600,1,,1
7810,206,0,950,1,,1
7811,205,0,650,1,,1
7812,204,0,0,1,,1
7812,204,0,0,1,,1
7812,204,0,0,1,,1
7813,210,0,1750,1,,1
7814,206,0,950,1,,1
7814,206,0,950,1,,1
7815,204,0,800,1,,1
7816,55,0,1700,1,,1
7816,55,0,1700,1,,1
7816,101,0,600,1,,1
7816,131,0,600,1,,1
7817,64,0,1300,1,,1
7818,205,0,650,1,,1
7818,217,0,1600,1,,1
7819,220,0,850,1,,1
7819,214,0,1150,1,,1
7820,64,0,0,1,,1
7820,64,0,0,1,,1
7821,115,0,600,1,,1
7822,203,0,1150,1,,1
7823,119,0,1500,1,,1
7823,119,0,1500,1,,1
7823,119,0,1500,1,,1
7823,210,0,1750,1,,1
7823,211,0,650,1,,1
7823,211,0,650,1,,1
7823,4,0,1150,1,,1
7824,50,0,600,1,,1
7825,55,0,1700,1,,1
7825,131,0,600,1,,1
7826,101,0,600,1,,1
7827,204,0,800,1,,1
7828,204,0,800,1,,1
7829,64,0,0,1,,1
7829,64,0,0,1,,1
7830,50,0,600,1,,1
7831,64,0,1300,1,,1
7832,64,0,1300,1,,1
7833,223,0,950,1,,1
7833,184,0,700,1,,1
7834,64,0,1300,1,,1
7834,203,0,1150,1,,1
7834,206,0,950,1,,1
7835,196,0,1600,1,,1
7836,205,0,650,1,,1
7837,64,0,1300,1,,1
7837,64,0,1300,1,,1
7838,55,0,1700,1,,1
7838,64,0,1300,1,,1
7839,64,0,1300,1,,1
7840,119,0,1500,1,,1
7841,4,0,1150,1,,1
7841,205,0,650,1,,1
7841,50,0,600,1,,1
7842,205,0,650,1,,1
7843,204,0,800,1,,1
7844,214,0,1150,1,,1
7844,195,0,1600,1,,1
7845,64,0,1300,1,,1
7846,64,0,1300,1,,1
7849,101,0,600,1,,1
7850,184,0,700,1,,1
7850,119,0,1500,1,,1
7851,64,0,1300,1,,1
7851,64,0,1300,1,,1
7851,217,0,1600,1,,1
7852,203,0,1150,1,,1
7853,203,0,1150,1,,1
7854,64,0,1300,1,,1
7854,50,0,600,1,,1
7855,64,0,1300,1,,1
7856,115,0,600,1,,1
7857,203,0,1150,1,,1
7857,64,0,1300,1,,1
7857,213,0,100,1,,1
7858,50,0,0,1,,1
7859,189,0,750,1,,1
7860,203,0,1150,1,,1
7861,203,0,1150,1,,1
7862,220,0,850,1,,1
7862,205,0,650,1,,1
7862,101,0,600,1,,1
7862,220,0,850,1,,1
7863,101,0,600,1,,1
7864,204,0,0,1,,1
7865,218,0,1600,1,,1
7865,119,0,1500,1,,1
7865,115,0,600,1,,1
7865,50,0,600,1,,1
7865,196,0,1600,1,,1
7865,210,0,1750,1,,1
7865,137,0,50,1,,1
7866,64,0,0,1,,1
7866,64,0,0,1,,1
7867,205,0,650,1,,1
7868,64,0,1300,1,,1
7869,48,0,600,1,,1
7870,64,0,1300,1,,1
7871,50,0,600,1,,1
7872,204,0,800,1,,1
7872,204,0,800,1,,1
7872,50,0,600,1,,1
7872,55,0,1700,1,,1
7872,196,0,1600,1,,1
7872,137,0,50,1,,1
7872,210,0,1750,1,,1
7873,64,0,1300,1,,1
7873,64,0,1300,1,,1
7873,213,0,100,1,,1
7873,213,0,100,1,,1
7874,119,0,1500,1,,1
7875,50,0,600,1,,1
7876,210,0,1750,1,,1
7876,4,0,1150,1,,1
7876,10,0,650,1,,1
7876,4,0,1150,1,,1
7876,4,0,1150,1,,1
7876,4,0,1150,1,,1
7876,4,0,1150,1,,1
7877,64,0,0,1,,1
7877,64,0,0,1,,1
7877,131,0,0,1,,1
7877,119,0,0,1,,1
7878,50,0,600,1,,1
7878,55,0,1700,1,,1
7878,208,0,1150,1,,1
7879,52,0,650,1,,1
7879,52,0,650,1,,1
7879,204,0,800,1,,1
7879,203,0,1150,1,,1
7880,205,0,650,1,,1
7881,210,0,1750,1,,1
7881,210,0,1750,1,,1
7881,210,0,1750,1,,1
7881,210,0,1750,1,,1
7882,48,0,600,1,,1
7882,50,0,600,1,,1
7882,184,0,700,1,,1
7883,204,0,800,1,,1
7883,50,0,600,1,,1
7884,10,0,650,1,,1
7884,119,0,1500,1,,1
7884,223,0,950,1,,1
7884,205,0,650,1,,1
7884,195,0,1600,1,,1
7885,210,0,1750,1,,1
7886,53,0,1500,1,,1
7886,64,0,1300,1,,1
7886,64,0,1300,1,,1
7886,64,0,1300,1,,1
7886,206,0,950,1,,1
7886,206,0,950,1,,1
7886,203,0,1150,1,,1
7886,210,0,1750,1,,1
7886,210,0,1750,1,,1
7886,210,0,1750,1,,1
7886,210,0,1750,1,,1
7886,210,0,1750,1,,1
7886,210,0,1750,1,,1
7887,203,0,1150,1,,1
7888,50,0,600,1,,1
7889,64,0,1300,1,,1
7890,64,0,0,1,,1
7890,64,0,0,1,,1
7891,203,0,1150,1,,1
7891,210,0,1750,1,,1
7891,203,0,1150,1,,1
7891,131,0,600,1,,1
7892,50,0,600,1,,1
7892,119,0,1500,1,,1
7893,184,0,700,1,,1
7894,119,0,1500,1,,1
7895,64,0,1300,1,,1
7896,220,0,850,1,,1
7897,64,0,1300,1,,1
7898,195,0,1600,1,,1
7898,205,0,650,1,,1
7899,101,0,600,1,,1
7900,206,0,950,1,,1
7900,206,0,950,1,,1
7901,204,0,0,1,,1
7901,204,0,0,1,,1
7901,196,0,0,1,,1
7901,50,0,0,1,,1
7902,204,0,800,1,,1
7903,64,0,0,1,,1
7903,64,0,0,1,,1
7903,64,0,0,1,,1
7903,64,0,0,1,,1
7903,115,0,0,1,,1
7904,205,0,650,1,,1
7906,50,0,600,1,,1
7906,64,0,1300,1,,1
7907,119,0,1500,1,,1
7908,204,0,800,1,,1
7908,208,0,1150,1,,1
7909,64,0,1300,1,,1
7909,50,0,600,1,,1
7910,55,0,1700,1,,1
7910,64,0,1300,1,,1
7910,50,0,600,1,,1
7911,55,0,1700,1,,1
7912,50,0,600,1,,1
7913,101,0,600,1,,1
7914,203,0,1150,1,,1
7914,196,0,1600,1,,1
7915,64,0,1300,1,,1
7916,64,0,1300,1,,1
7916,64,0,1300,1,,1
7917,214,0,1150,1,,1
7918,137,0,50,1,,1
7919,203,0,1150,1,,1
7919,195,0,1600,1,,1
7919,119,0,1500,1,,1
7920,64,0,0,1,,1
7920,204,0,0,1,,1
7920,204,0,0,1,,1
7920,204,0,0,1,,1
7920,204,0,0,1,,1
7920,204,0,0,1,,1
7920,204,0,0,1,,1
7920,203,0,0,1,,1
7921,196,0,1600,1,,1
7921,196,0,1600,1,,1
7922,50,0,600,1,,1
7922,205,0,650,1,,1
7923,203,0,1150,1,,1
7923,50,0,600,1,,1
7924,216,0,1600,1,,1
7925,203,0,1150,1,,1
7926,55,0,1700,1,,1
7926,203,0,1150,1,,1
7927,55,0,1700,1,,1
7927,50,0,600,1,,1
7928,64,0,1300,1,,1
7928,64,0,1300,1,,1
7929,64,0,1300,1,,1
7929,204,0,800,1,,1
7929,203,0,1150,1,,1
7930,64,0,1300,1,,1
7930,205,0,650,1,,1
7930,205,0,650,1,,1
7930,119,0,1500,1,,1
7930,119,0,1500,1,,1
7930,64,0,1300,1,,1
7930,205,0,650,1,,1
7930,50,0,600,1,,1
7931,55,0,1700,1,,1
7931,207,0,1000,1,,1
7931,50,0,600,1,,1
7932,10,0,650,1,,1
7933,217,0,1600,1,,1
7933,217,0,1600,1,,1
7933,50,0,600,1,,1
7934,55,0,0,1,,1
7934,55,0,0,1,,1
7934,203,0,0,1,,1
7934,204,0,0,1,,1
7934,204,0,0,1,,1
7934,210,0,0,1,,1
7934,210,0,0,1,,1
7934,205,0,0,1,,1
7935,64,0,0,1,,1
7935,64,0,0,1,,1
7936,205,0,650,1,,1
7936,196,0,1600,1,,1
7936,50,0,600,1,,1
7937,184,0,700,1,,1
7937,204,0,800,1,,1
7937,204,0,800,1,,1
7937,64,0,1300,1,,1
7938,64,0,1300,1,,1
7938,213,0,100,1,,1
7939,210,0,1750,1,,1
7940,64,0,1300,1,,1
7940,64,0,1300,1,,1
7941,50,0,600,1,,1
7941,205,0,650,1,,1
7942,203,0,1150,1,,1
7943,64,0,0,1,,1
7943,204,0,0,1,,1
7943,204,0,0,1,,1
7943,204,0,0,1,,1
7943,205,0,0,1,,1
7943,205,0,0,1,,1
7943,210,0,0,1,,1
7943,210,0,0,1,,1
7943,210,0,0,1,,1
7944,55,0,1700,1,,1
7945,55,0,1700,1,,1
7945,101,0,600,1,,1
7946,203,0,1150,1,,1
7947,210,0,0,1,,1
7948,216,0,1600,1,,1
7949,64,0,1300,1,,1
7949,64,0,1300,1,,1
7949,210,0,1750,1,,1
7949,50,0,600,1,,1
7949,210,0,1750,1,,1
7950,48,0,600,1,,1
7951,64,0,1300,1,,1
7952,64,0,1300,1,,1
7952,214,0,1150,1,,1
7953,50,0,600,1,,1
7954,4,0,1150,1,,1
7954,4,0,1150,1,,1
7954,204,0,800,1,,1
7954,189,0,750,1,,1
7954,119,0,1500,1,,1
7955,203,0,1150,1,,1
7955,203,0,1150,1,,1
7955,213,0,100,1,,1
7955,213,0,100,1,,1
7956,64,0,0,1,,1
7956,204,0,0,1,,1
7956,204,0,0,1,,1
7956,203,0,0,1,,1
7956,203,0,0,1,,1
7956,203,0,0,1,,1
7957,220,0,850,1,,1
7957,204,0,800,1,,1
7958,210,0,1750,1,,1
7959,119,0,1500,1,,1
7959,55,0,1700,1,,1
7959,184,0,700,1,,1
7959,210,0,1750,1,,1
7959,76,20.75,50,1,,1
7960,64,0,1300,1,,1
7960,64,0,1300,1,,1
7960,213,0,100,1,,1
7960,213,0,100,1,,1
7961,55,0,0,1,,1
7961,64,0,0,1,,1
7962,64,0,1300,1,,1
7962,210,0,1750,1,,1
7962,210,0,1750,1,,1
7962,210,0,1750,1,,1
7962,210,0,1750,1,,1
7962,55,0,1700,1,,1
7962,55,0,1700,1,,1
7962,53,0,1500,1,,1
7962,223,0,950,1,,1
7962,214,0,1150,1,,1
7962,211,0,650,1,,1
7962,76,20.75,50,1,,1
7962,76,20.75,50,1,,1
7963,195,0,1600,1,,1
7963,76,20.75,50,1,,1
7963,53,0,1500,1,,1
7963,53,0,1500,1,,1
7963,211,0,650,1,,1
7963,211,0,650,1,,1
7964,204,0,0,1,,1
7965,131,0,600,1,,1
7965,119,0,1500,1,,1
7965,50,0,600,1,,1
7966,50,0,0,1,,1
7966,203,0,0,1,,1
7966,204,0,0,1,,1
7967,50,0,600,1,,1
7967,64,0,1300,1,,1
7967,64,0,1300,1,,1
7968,64,0,1300,1,,1
7968,64,0,1300,1,,1
7968,213,0,100,1,,1
7969,216,0,1600,1,,1
7969,195,0,1600,1,,1
7970,64,0,0,1,,1
7971,64,0,1300,1,,1
7972,204,0,800,1,,1
7973,55,0,0,1,,1
7973,184,0,0,1,,1
7973,76,20.75,0,1,,1
7974,50,0,600,1,,1
7975,195,0,1600,1,,1
7976,204,0,800,1,,1
7976,204,0,800,1,,1
7977,64,0,1300,1,,1
7978,101,0,600,1,,1
7979,203,0,1150,1,,1
7980,119,0,1500,1,,1
7980,137,0,50,1,,1
7981,64,0,1300,1,,1
7981,220,0,850,1,,1
7982,64,0,1300,1,,1
7982,218,0,1600,1,,1
7982,101,0,600,1,,1
7983,64,0,1300,1,,1
7983,55,0,1700,1,,1
7984,204,0,800,1,,1
7984,211,0,650,1,,1
7985,205,0,650,1,,1
7986,64,0,1300,1,,1
7986,64,0,1300,1,,1
7986,64,0,1300,1,,1
7986,64,0,1300,1,,1
7987,4,0,1150,1,,1
7987,4,0,1150,1,,1
7987,4,0,1150,1,,1
7988,205,0,650,1,,1
7988,119,0,1500,1,,1
7988,64,0,1300,1,,1
7989,119,0,1500,1,,1
7989,64,0,1300,1,,1
7989,119,0,1500,1,,1
7990,203,0,1150,1,,1
7991,131,0,600,1,,1
7992,48,0,600,1,,1
7993,204,0,0,1,,1
7994,64,0,0,1,,1
7994,64,0,0,1,,1
7994,214,0,0,1,,1
7995,64,0,1300,1,,1
7995,204,0,800,1,,1
7996,48,0,600,1,,1
7997,48,0,600,1,,1
7998,223,0,950,1,,1
7998,204,0,800,1,,1
7999,48,0,600,1,,1
8000,203,0,1150,1,,1
8001,50,0,0,1,,1
8002,205,0,650,1,,1
8002,205,0,650,1,,1
8003,64,0,1300,1,,1
8004,214,0,1150,1,,1
8004,10,0,650,1,,1
8005,64,0,1300,1,,1
8006,64,0,0,1,,1
8006,64,0,0,1,,1
8007,55,0,1700,1,,1
8007,55,0,1700,1,,1
8007,203,0,1150,1,,1
8007,203,0,1150,1,,1
8008,55,0,1700,1,,1
8008,205,0,650,1,,1
8008,220,0,850,1,,1
8009,196,0,1600,1,,1
8009,204,0,800,1,,1
8009,196,0,1600,1,,1
8010,55,0,1700,1,,1
8010,203,0,1150,1,,1
8011,119,0,1500,1,,1
8012,204,0,800,1,,1
8013,115,0,600,1,,1
8013,64,0,1300,1,,1
8014,203,0,1150,1,,1
8014,196,0,1600,1,,1
8015,203,0,1150,1,,1
8016,101,0,600,1,,1
8016,206,0,950,1,,1
8017,64,0,1300,1,,1
8018,207,0,1000,1,,1
8018,64,0,1300,1,,1
8018,55,0,1700,1,,1
8019,64,0,1300,1,,1
8019,55,0,1700,1,,1
8020,203,0,1150,1,,1
8020,203,0,1150,1,,1
8021,205,0,650,1,,1
8022,64,0,1300,1,,1
8022,4,0,1150,1,,1
8022,4,0,1150,1,,1
8022,4,0,1150,1,,1
8023,64,0,1300,1,,1
8023,64,0,1300,1,,1
8023,55,0,1700,1,,1
8023,204,0,800,1,,1
8024,115,0,600,1,,1
8025,216,0,1600,1,,1
8026,50,0,600,1,,1
8027,50,0,600,1,,1
8028,64,0,0,1,,1
8028,64,0,0,1,,1
8028,55,0,0,1,,1
8028,217,0,0,1,,1
8028,204,0,0,1,,1
8028,204,0,0,1,,1
8028,204,0,0,1,,1
8028,204,0,0,1,,1
8028,196,0,0,1,,1
8028,50,0,0,1,,1
8028,50,0,0,1,,1
8028,205,0,0,1,,1
8029,64,0,1300,1,,1
8029,64,0,1300,1,,1
8029,214,0,1150,1,,1
8029,119,0,1500,1,,1
8029,119,0,1500,1,,1
8029,205,0,650,1,,1
8030,64,0,1300,1,,1
8031,203,0,1150,1,,1
8032,203,0,1150,1,,1
8033,203,0,1150,1,,1
8034,204,0,800,1,,1
8035,64,0,1300,1,,1
8035,203,0,1150,1,,1
8035,50,0,600,1,,1
8036,204,0,800,1,,1
8036,101,0,600,1,,1
8037,4,0,1150,1,,1
8037,119,0,1500,1,,1
8037,101,0,600,1,,1
8037,204,0,800,1,,1
8038,50,0,0,1,,1
8039,131,0,600,1,,1
8039,50,0,600,1,,1
8039,218,0,1600,1,,1
8040,50,0,600,1,,1
8041,195,0,1600,1,,1
8042,64,0,0,1,,1
8042,64,0,0,1,,1
8042,64,0,0,1,,1
8043,204,0,800,1,,1
8043,204,0,800,1,,1
8044,101,0,600,1,,1
8045,195,0,1600,1,,1
8045,196,0,1600,1,,1
8045,137,0,50,1,,1
8046,64,0,1300,1,,1
8046,64,0,1300,1,,1
8046,206,0,950,1,,1
8046,206,0,950,1,,1
8046,53,0,1500,1,,1
8047,55,0,1700,1,,1
8047,203,0,1150,1,,1
8047,64,0,1300,1,,1
8047,206,0,950,1,,1
8048,119,0,1500,1,,1
8049,48,0,600,1,,1
8050,216,0,1600,1,,1
8051,119,0,1500,1,,1
8051,101,0,600,1,,1
8052,206,0,950,1,,1
8053,203,0,1150,1,,1
8054,4,0,1150,1,,1
8054,55,0,1700,1,,1
8054,4,0,1150,1,,1
8056,64,0,0,1,,1
8056,64,0,0,1,,1
8056,64,0,0,1,,1
8056,101,0,0,1,,1
8056,204,0,0,1,,1
8056,204,0,0,1,,1
8057,64,0,1300,1,,1
8058,64,0,1300,1,,1
8059,101,0,600,1,,1
8059,48,0,600,1,,1
8059,50,0,600,1,,1
8060,48,0,600,1,,1
8061,64,0,1300,1,,1
8061,64,0,1300,1,,1
8061,119,0,1500,1,,1
8061,203,0,1150,1,,1
8061,195,0,1600,1,,1
8061,137,0,50,1,,1
8062,205,0,650,1,,1
8062,206,0,950,1,,1
8063,218,0,1600,1,,1
8063,101,0,600,1,,1
8064,131,0,600,1,,1
8064,119,0,1500,1,,1
8065,207,0,1000,1,,1
8066,204,0,800,1,,1
8067,119,0,1500,1,,1
8068,101,0,600,1,,1
8069,64,0,1300,1,,1
8070,48,0,600,1,,1
8070,50,0,600,1,,1
8071,195,0,1600,1,,1
8071,119,0,1500,1,,1
8074,119,0,1500,1,,1
8074,204,0,800,1,,1
8075,48,0,600,1,,1
8076,196,0,0,1,,1
8076,216,0,0,1,,1
8076,101,0,0,1,,1
8076,203,0,0,1,,1
8076,64,0,0,1,,1
8077,206,0,950,1,,1
8078,50,0,600,1,,1
8078,205,0,650,1,,1
8079,50,0,600,1,,1
8079,55,0,1700,1,,1
8079,203,0,1150,1,,1
8080,64,0,1300,1,,1
8081,205,0,650,1,,1
8082,50,0,600,1,,1
8082,115,0,600,1,,1
8082,55,0,1700,1,,1
8082,205,0,650,1,,1
8083,205,0,650,1,,1
8083,50,0,600,1,,1
8084,50,0,600,1,,1
8085,214,0,1150,1,,1
8085,195,0,1600,1,,1
8085,204,0,800,1,,1
8086,210,0,1750,1,,1
8087,205,0,650,1,,1
8087,50,0,600,1,,1
8088,64,0,0,1,,1
8088,64,0,0,1,,1
8088,101,0,0,1,,1
8088,119,0,0,1,,1
8089,204,0,800,1,,1
8089,204,0,800,1,,1
8089,196,0,1600,1,,1
8089,205,0,650,1,,1
8089,50,0,600,1,,1
8089,204,0,800,1,,1
8089,55,0,1700,1,,1
8089,210,0,1750,1,,1
8090,210,0,1750,1,,1
8090,203,0,1150,1,,1
8091,115,0,600,1,,1
8092,50,0,600,1,,1
8092,206,0,950,1,,1
8092,206,0,950,1,,1
8092,210,0,1750,1,,1
8092,204,0,800,1,,1
8092,137,0,50,1,,1
8092,137,0,50,1,,1
8092,55,0,1700,1,,1
8092,210,0,1750,1,,1
8093,217,0,1600,1,,1
8093,217,0,1600,1,,1
8093,217,0,1600,1,,1
8093,196,0,1600,1,,1
8094,4,0,1150,1,,1
8094,4,0,1150,1,,1
8096,204,0,800,1,,1
8096,64,0,1300,1,,1
8097,210,0,1750,1,,1
8097,55,0,1700,1,,1
8097,196,0,1600,1,,1
8097,137,0,50,1,,1
8098,210,0,1750,1,,1
8098,64,0,1300,1,,1
8099,203,0,1150,1,,1
8100,210,0,1750,1,,1
8101,50,0,600,1,,1
8101,48,0,600,1,,1
8102,210,0,1750,1,,1
8103,64,0,0,1,,1
8103,64,0,0,1,,1
8103,64,0,0,1,,1
8103,203,0,0,1,,1
8104,204,0,0,1,,1
8104,4,0,0,1,,1
8104,189,0,0,1,,1
8105,210,0,0,1,,1
8105,119,0,0,1,,1
8105,184,0,0,1,,1
8106,50,0,600,1,,1
8107,196,0,0,1,,1
8107,137,0,0,1,,1
8108,204,0,800,1,,1
8109,210,0,1750,1,,1
8110,50,0,600,1,,1
8111,4,0,1150,1,,1
8112,204,0,800,1,,1
8112,64,0,1300,1,,1
8113,210,0,1750,1,,1
8114,115,0,600,1,,1
8115,64,0,1300,1,,1
8115,204,0,800,1,,1
8116,64,0,0,1,,1
8116,64,0,0,1,,1
8116,64,0,0,1,,1
8116,64,0,0,1,,1
8117,205,0,650,1,,1
8118,210,0,1750,1,,1
8118,204,0,800,1,,1
8118,210,0,1750,1,,1
8118,210,0,1750,1,,1
8118,210,0,1750,1,,1
8119,203,0,1150,1,,1
8120,119,0,1500,1,,1
8121,203,0,1150,1,,1
8121,203,0,1150,1,,1
8121,50,0,600,1,,1
8122,119,0,1500,1,,1
8123,101,0,0,1,,1
8123,119,0,0,1,,1
8124,203,0,1150,1,,1
8125,50,0,600,1,,1
8125,55,0,1700,1,,1
8125,55,0,1700,1,,1
8125,137,0,50,1,,1
8125,50,0,600,1,,1
8126,208,0,1150,1,,1
8126,207,0,1000,1,,1
8127,207,0,1000,1,,1
8128,4,0,1150,1,,1
8128,4,0,1150,1,,1
8129,203,0,1150,1,,1
8129,196,0,1600,1,,1
8129,216,0,1600,1,,1
8129,137,0,50,1,,1
8130,64,0,0,1,,1
8130,64,0,0,1,,1
8130,64,0,0,1,,1
8130,64,0,0,1,,1
8130,204,0,0,1,,1
8131,55,0,1700,1,,1
8131,203,0,1150,1,,1
8132,217,0,1600,1,,1
8133,119,0,1500,1,,1
8134,203,0,1150,1,,1
8134,205,0,650,1,,1
8135,203,0,1150,1,,1
8135,64,0,1300,1,,1
8135,208,0,1150,1,,1
8135,208,0,1150,1,,1
8136,64,0,1300,1,,1
8136,64,0,1300,1,,1
8137,64,0,1300,1,,1
8138,203,0,0,1,,1
8138,203,0,0,1,,1
8138,55,0,0,1,,1
8138,55,0,0,1,,1
8138,50,0,0,1,,1
8139,205,0,650,1,,1
8139,50,0,600,1,,1
8139,64,0,1300,1,,1
8140,205,0,650,1,,1
8141,50,0,600,1,,1
8142,216,0,1600,1,,1
8142,204,0,800,1,,1
8142,204,0,800,1,,1
8142,50,0,600,1,,1
8144,204,0,800,1,,1
8144,205,0,650,1,,1
8145,119,0,1500,1,,1
8146,208,0,1150,1,,1
8146,204,0,800,1,,1
8146,50,0,600,1,,1
8147,55,0,1700,1,,1
8147,115,0,600,1,,1
8148,64,0,1300,1,,1
8149,50,0,0,1,,1
8149,203,0,0,1,,1
8149,203,0,0,1,,1
8149,50,0,0,1,,1
8150,203,0,1150,1,,1
8151,64,0,1300,1,,1
8151,217,0,1600,1,,1
8152,64,0,1300,1,,1
8152,64,0,1300,1,,1
8152,206,0,950,1,,1
8153,64,0,1300,1,,1
8153,53,0,1500,1,,1
8154,64,0,1300,1,,1
8155,64,0,1300,1,,1
8156,220,0,850,1,,1
8157,184,0,700,1,,1
8157,223,0,950,1,,1
8158,119,0,1500,1,,1
8158,64,0,1300,1,,1
8158,205,0,650,1,,1
8158,205,0,650,1,,1
8158,50,0,600,1,,1
8158,64,0,1300,1,,1
8158,64,0,1300,1,,1
8159,119,0,1500,1,,1
8159,119,0,1500,1,,1
8159,101,0,600,1,,1
8159,115,0,600,1,,1
8159,205,0,650,1,,1
8159,205,0,650,1,,1
8159,205,0,650,1,,1
8160,50,0,600,1,,1
8161,64,0,0,1,,1
8161,131,0,0,1,,1
8161,131,0,0,1,,1
8161,131,0,0,1,,1
8161,184,0,0,1,,1
8161,184,0,0,1,,1
8161,204,0,0,1,,1
8162,204,0,800,1,,1
8163,64,0,1300,1,,1
8163,64,0,1300,1,,1
8163,184,0,700,1,,1
8163,217,0,1600,1,,1
8163,208,0,1150,1,,1
8163,206,0,950,1,,1
8163,50,0,600,1,,1
8163,204,0,800,1,,1
8163,204,0,800,1,,1
8164,203,0,1150,1,,1
8165,50,0,600,1,,1
8166,64,0,1300,1,,1
8167,64,0,1300,1,,1
8168,64,0,1300,1,,1
8169,50,0,600,1,,1
8169,115,0,600,1,,1
8169,64,0,1300,1,,1
8169,206,0,950,1,,1
8169,64,0,1300,1,,1
8170,203,0,1150,1,,1
8170,203,0,1150,1,,1
8171,64,0,1300,1,,1
8172,204,0,800,1,,1
8173,64,0,1300,1,,1
8173,64,0,1300,1,,1
8173,196,0,1600,1,,1
8173,137,0,50,1,,1
8173,196,0,1600,1,,1
8174,64,0,1300,1,,1
8174,208,0,1150,1,,1
8175,131,0,600,1,,1
8176,119,0,1500,1,,1
8176,50,0,600,1,,1
8177,203,0,1150,1,,1
8177,204,0,800,1,,1
8178,204,0,800,1,,1
8178,119,0,1500,1,,1
8178,139,0,750,1,,1
8178,204,0,800,1,,1
8179,139,0,750,1,,1
8179,115,0,600,1,,1
8180,203,0,1150,1,,1
8181,119,0,1500,1,,1
8181,119,0,1500,1,,1
8181,119,0,1500,1,,1
8181,64,0,1300,1,,1
8181,64,0,1300,1,,1
8181,214,0,1150,1,,1
8181,206,0,950,1,,1
8181,220,0,850,1,,1
8182,101,0,600,1,,1
8183,50,0,600,1,,1
8184,216,0,1600,1,,1
8185,119,0,1500,1,,1
8186,64,0,1300,1,,1
8187,205,0,650,1,,1
8188,203,0,0,1,,1
8188,203,0,0,1,,1
8188,204,0,0,1,,1
8188,64,0,0,1,,1
8189,208,0,1150,1,,1
8190,220,0,850,1,,1
8190,53,0,1500,1,,1
8190,196,0,1600,1,,1
8191,48,0,600,1,,1
8192,203,0,1150,1,,1
8193,204,0,800,1,,1
8194,204,0,800,1,,1
8194,50,0,600,1,,1
8195,64,0,1300,1,,1
8196,64,0,1300,1,,1
8197,64,0,1300,1,,1
8197,204,0,800,1,,1
8198,204,0,800,1,,1
8198,196,0,1600,1,,1
8198,196,0,1600,1,,1
8198,137,0,50,1,,1
8199,115,0,600,1,,1
8200,55,0,1700,1,,1
8200,64,0,1300,1,,1
8201,64,0,0,1,,1
8201,64,0,0,1,,1
8202,64,0,1300,1,,1
8202,205,0,650,1,,1
8203,64,0,1300,1,,1
8204,115,0,600,1,,1
8205,64,0,1300,1,,1
8205,50,0,600,1,,1
8206,119,0,1500,1,,1
8207,206,0,950,1,,1
8207,64,0,1300,1,,1
8208,139,0,750,1,,1
8208,119,0,1500,1,,1
8209,50,0,600,1,,1
8210,205,0,650,1,,1
8210,48,0,600,1,,1
8211,64,0,1300,1,,1
8211,55,0,1700,1,,1
8212,208,0,1150,1,,1
8212,137,0,50,1,,1
8213,50,0,600,1,,1
8214,184,0,700,1,,1
8214,64,0,1300,1,,1
8215,64,0,1300,1,,1
8216,64,0,1300,1,,1
8216,64,0,1300,1,,1
8217,64,0,1300,1,,1
8217,223,0,950,1,,1
8218,64,0,1300,1,,1
8219,203,0,1150,1,,1
8220,203,0,1150,1,,1
8220,206,0,950,1,,1
8221,64,0,0,1,,1
8222,115,0,600,1,,1
8222,131,0,600,1,,1
8222,208,0,1150,1,,1
8222,214,0,1150,1,,1
8223,55,0,0,1,,1
8223,55,0,0,1,,1
8223,139,0,0,1,,1
8223,139,0,0,1,,1
8224,64,0,1300,1,,1
8225,119,0,1500,1,,1
8226,205,0,650,1,,1
8227,64,0,1300,1,,1
8228,205,0,650,1,,1
8229,64,0,1300,1,,1
8230,119,0,1500,1,,1
8230,184,0,700,1,,1
8231,55,0,1700,1,,1
8231,64,0,1300,1,,1
8232,64,0,1300,1,,1
8232,64,0,1300,1,,1
8232,213,0,100,1,,1
8232,213,0,100,1,,1
8233,4,0,1150,1,,1
8234,64,0,1300,1,,1
8234,203,0,1150,1,,1
8234,204,0,800,1,,1
8235,4,0,1150,1,,1
8236,217,0,1600,1,,1
8237,64,0,0,1,,1
8237,64,0,0,1,,1
8237,64,0,0,1,,1
8238,204,0,800,1,,1
8238,115,0,600,1,,1
8238,50,0,600,1,,1
8238,50,0,600,1,,1
8239,204,0,800,1,,1
8240,50,0,600,1,,1
8241,64,0,1300,1,,1
8241,218,0,1600,1,,1
8242,64,0,1300,1,,1
8243,64,0,1300,1,,1
8244,119,0,1500,1,,1
8244,10,0,650,1,,1
8245,64,0,1300,1,,1
8245,223,0,950,1,,1
8246,55,0,1700,1,,1
8246,184,0,700,1,,1
8247,184,0,700,1,,1
8248,206,0,950,1,,1
8249,204,0,800,1,,1
8250,204,0,800,1,,1
8250,101,0,600,1,,1
8251,64,0,1300,1,,1
8251,64,0,1300,1,,1
8251,64,0,1300,1,,1
8251,64,0,1300,1,,1
8251,64,0,1300,1,,1
8251,131,0,600,1,,1
8252,119,0,1500,1,,1
8253,50,0,600,1,,1
8253,204,0,800,1,,1
8254,203,0,1150,1,,1
8254,203,0,1150,1,,1
8254,50,0,600,1,,1
8254,50,0,600,1,,1
8254,50,0,600,1,,1
8254,50,0,600,1,,1
8255,50,0,0,1,,1
8255,4,0,0,1,,1
8256,64,0,0,1,,1
8256,205,0,0,1,,1
8256,64,0,0,1,,1
8257,50,0,600,1,,1
8258,203,0,1150,1,,1
8259,64,0,1300,1,,1
8259,64,0,1300,1,,1
8259,206,0,950,1,,1
8259,217,0,1600,1,,1
8259,203,0,1150,1,,1
8260,64,0,1300,1,,1
8260,64,0,1300,1,,1
8260,206,0,950,1,,1
8260,206,0,950,1,,1
8261,203,0,1150,1,,1
8261,50,0,600,1,,1
8261,64,0,1300,1,,1
8261,203,0,1150,1,,1
8262,50,0,600,1,,1
8262,214,0,1150,1,,1
8263,119,0,1500,1,,1
8263,55,0,1700,1,,1
8263,131,0,600,1,,1
8263,115,0,600,1,,1
8263,205,0,650,1,,1
8264,50,0,600,1,,1
8264,205,0,650,1,,1
8265,220,0,850,1,,1
8266,115,0,600,1,,1
8267,119,0,1500,1,,1
8268,64,0,1300,1,,1
8268,50,0,600,1,,1
8269,64,0,1300,1,,1
8269,64,0,1300,1,,1
8269,64,0,1300,1,,1
8270,48,0,600,1,,1
8271,64,0,1300,1,,1
8272,50,0,600,1,,1
8273,64,0,1300,1,,1
8274,50,0,600,1,,1
8275,55,0,1700,1,,1
8276,131,0,600,1,,1
8276,214,0,1150,1,,1
8277,196,0,1600,1,,1
8277,204,0,800,1,,1
8277,137,0,50,1,,1
8278,216,0,1600,1,,1
8279,206,0,950,1,,1
8280,64,0,1300,1,,1
8280,55,0,1700,1,,1
8281,50,0,600,1,,1
8282,115,0,600,1,,1
8283,203,0,1150,1,,1
8284,203,0,1150,1,,1
8284,50,0,600,1,,1
8285,220,0,850,1,,1
8285,204,0,800,1,,1
8286,203,0,1150,1,,1
8286,50,0,600,1,,1
8287,205,0,0,1,,1
8287,205,0,0,1,,1
8287,205,0,0,1,,1
8287,205,0,0,1,,1
8287,205,0,0,1,,1
8287,205,0,0,1,,1
8288,203,0,1150,1,,1
8289,203,0,1150,1,,1
8289,220,0,850,1,,1
8289,196,0,1600,1,,1
8290,64,0,0,1,,1
8290,119,0,0,1,,1
8290,119,0,0,1,,1
8290,139,0,0,1,,1
8290,139,0,0,1,,1
8291,203,0,1150,1,,1
8291,52,0,650,1,,1
8292,64,0,1300,1,,1
8292,55,0,1700,1,,1
8293,203,0,1150,1,,1
8294,64,0,1300,1,,1
8294,55,0,1700,1,,1
8295,48,0,600,1,,1
8296,64,0,0,1,,1
8296,64,0,0,1,,1
8296,196,0,0,1,,1
8296,50,0,0,1,,1
8296,50,0,0,1,,1
8296,119,0,0,1,,1
8296,119,0,0,1,,1
8296,119,0,0,1,,1
8297,203,0,1150,1,,1
8298,204,0,800,1,,1
8298,204,0,800,1,,1
8298,204,0,800,1,,1
8298,204,0,800,1,,1
8299,203,0,1150,1,,1
8299,203,0,1150,1,,1
8300,64,0,1300,1,,1
8301,64,0,1300,1,,1
8301,119,0,1500,1,,1
8302,64,0,0,1,,1
8302,115,0,0,1,,1
8302,115,0,0,1,,1
8303,208,0,1150,1,,1
8303,203,0,1150,1,,1
8303,64,0,1300,1,,1
8306,203,0,1150,1,,1
8307,4,0,1150,1,,1
8307,4,0,1150,1,,1
8307,4,0,1150,1,,1
8307,205,0,650,1,,1
8307,205,0,650,1,,1
8307,205,0,650,1,,1
8307,223,0,950,1,,1
8307,223,0,950,1,,1
8307,223,0,950,1,,1
8308,115,0,600,1,,1
8309,119,0,1500,1,,1
8311,204,0,800,1,,1
8311,204,0,800,1,,1
8311,50,0,600,1,,1
8311,203,0,1150,1,,1
8312,204,0,800,1,,1
8313,204,0,800,1,,1
8314,206,0,950,1,,1
8314,115,0,600,1,,1
8315,55,0,1700,1,,1
8315,64,0,1300,1,,1
8316,64,0,1300,1,,1
8316,223,0,950,1,,1
8317,119,0,1500,1,,1
8317,206,0,950,1,,1
8318,203,0,1150,1,,1
8318,214,0,1150,1,,1
8319,204,0,0,1,,1
8319,204,0,0,1,,1
8319,204,0,0,1,,1
8319,64,0,0,1,,1
8319,115,0,0,1,,1
8319,205,0,0,1,,1
8319,205,0,0,1,,1
8319,205,0,0,1,,1
8319,205,0,0,1,,1
8319,4,0,0,1,,1
8320,205,0,650,1,,1
8320,205,0,650,1,,1
8321,203,0,1150,1,,1
8322,205,0,650,1,,1
8322,204,0,800,1,,1
8322,204,0,800,1,,1
8322,204,0,800,1,,1
8322,50,0,600,1,,1
8323,220,0,850,1,,1
8324,203,0,1150,1,,1
8324,223,0,950,1,,1
8325,119,0,1500,1,,1
8325,119,0,1500,1,,1
8326,64,0,1300,1,,1
8326,203,0,1150,1,,1
8326,50,0,600,1,,1
8327,64,0,1300,1,,1
8327,206,0,950,1,,1
8328,203,0,1150,1,,1
8329,206,0,950,1,,1
8329,204,0,800,1,,1
8330,50,0,600,1,,1
8331,50,0,600,1,,1
8332,4,0,1150,1,,1
8332,4,0,1150,1,,1
8333,50,0,600,1,,1
8334,53,0,1500,1,,1
8335,64,0,1300,1,,1
8335,64,0,1300,1,,1
8336,206,0,950,1,,1
8337,64,0,0,1,,1
8337,55,0,0,1,,1
8337,203,0,0,1,,1
8338,50,0,600,1,,1
8339,50,0,600,1,,1
8339,205,0,650,1,,1
8340,131,0,600,1,,1
8341,203,0,1150,1,,1
8341,203,0,1150,1,,1
8341,64,0,1300,1,,1
8341,50,0,600,1,,1
8341,4,0,1150,1,,1
8341,4,0,1150,1,,1
8341,4,0,1150,1,,1
8342,203,0,1150,1,,1
8343,119,0,1500,1,,1
8343,184,0,700,1,,1
8344,50,0,600,1,,1
8345,64,0,1300,1,,1
8346,50,0,600,1,,1
8347,64,0,0,1,,1
8347,64,0,0,1,,1
8347,55,0,0,1,,1
8348,131,0,0,1,,1
8349,50,0,600,1,,1
8349,204,0,800,1,,1
8349,205,0,650,1,,1
8350,220,0,850,1,,1
8351,115,0,600,1,,1
8352,218,0,1600,1,,1
8355,64,0,1300,1,,1
8355,64,0,1300,1,,1
8355,208,0,1150,1,,1
8356,50,0,600,1,,1
8356,208,0,1150,1,,1
8353,139,0,750,1,41,
8354,131,0,600,1,1,
8354,119,0,1500,1,46,
8358,207,0,1000,1,,1
8359,115,0,600,1,,1
8360,50,0,600,1,,1
8360,64,0,1300,1,,1
8361,204,0,0,1,,1
8361,205,0,0,1,,1
8362,196,0,0,1,,1
8362,137,0,0,1,,1
8363,50,0,600,1,,1
8364,115,0,600,1,,1
8364,119,0,1500,1,,1
8365,216,0,1600,1,,1
8366,214,0,1150,1,,1
8366,64,0,1300,1,,1
8366,64,0,1300,1,,1
8366,223,0,950,1,,1
8367,52,0,650,1,,1
8368,196,0,0,1,,1
8368,204,0,0,1,,1
8368,119,0,0,1,,1
8369,64,0,1300,1,,1
8369,64,0,1300,1,,1
8369,64,0,1300,1,,1
8369,64,0,1300,1,,1
8369,64,0,1300,1,,1
8369,76,20.75,50,1,,1
8369,76,20.75,50,1,,1
8369,76,20.75,50,1,,1
8369,76,20.75,50,1,,1
8369,76,20.75,50,1,,1
8370,207,0,1000,1,,1
8370,55,0,1700,1,,1
8370,203,0,1150,1,,1
8370,204,0,800,1,,1
8370,50,0,600,1,,1
8370,203,0,1150,1,,1
8371,64,0,1300,1,,1
8371,119,0,1500,1,,1
8371,50,0,600,1,,1
8372,64,0,1300,1,,1
8372,64,0,1300,1,,1
8372,217,0,1600,1,,1
8374,48,0,600,1,,1
8374,55,0,1700,1,,1
8374,50,0,600,1,,1
8375,64,0,1300,1,,1
8375,64,0,1300,1,,1
8377,119,0,1500,1,,1
8378,64,0,1300,1,,1
8378,115,0,600,1,,1
8379,119,0,1500,1,,1
8380,206,0,950,1,,1
8380,203,0,1150,1,,1
8381,115,0,600,1,,1
8382,203,0,1150,1,,1
8382,53,0,1500,1,,1
8383,55,0,1700,1,,1
8384,131,0,600,1,,1
8384,50,0,600,1,,1
8385,64,0,1300,1,,1
8386,64,0,1300,1,,1
8387,212,0,0,1,,1
8387,212,0,0,1,,1
8387,64,0,0,1,,1
8388,206,0,950,1,,1
8388,115,0,600,1,,1
8389,115,0,600,1,,1
8389,203,0,1150,1,,1
8389,64,0,1300,1,,1
8390,220,0,850,1,,1
8391,4,0,0,1,,1
8391,4,0,0,1,,1
8391,53,0,0,1,,1
8391,53,0,0,1,,1
8392,131,0,600,1,,1
8393,64,0,1300,1,,1
8394,203,0,1150,1,,1
8394,204,0,800,1,,1
8394,115,0,600,1,,1
8394,119,0,1500,1,,1
8395,196,0,1600,1,,1
8395,203,0,1150,1,,1
8395,216,0,1600,1,,1
8395,204,0,800,1,,1
8396,64,0,1300,1,,1
8396,217,0,1600,1,,1
8397,64,0,0,1,,1
8398,204,0,800,1,,1
8399,220,0,850,1,,1
8399,220,0,850,1,,1
8400,131,0,600,1,,1
8401,220,0,850,1,,1
8401,204,0,800,1,,1
8402,55,0,1700,1,,1
8402,55,0,1700,1,,1
8402,64,0,1300,1,,1
8402,213,0,100,1,,1
8402,137,0,50,1,,1
8402,220,0,850,1,,1
8403,64,0,1300,1,,1
8403,213,0,100,1,,1
8404,64,0,1300,1,,1
8405,205,0,650,1,,1
8405,50,0,600,1,,1
8406,220,0,850,1,,1
8407,64,0,0,1,,1
8407,64,0,0,1,,1
8407,64,0,0,1,,1
8407,64,0,0,1,,1
8407,205,0,0,1,,1
8408,48,0,600,1,,1
8410,64,0,1300,1,,1
8410,204,0,800,1,,1
8410,203,0,1150,1,,1
8411,119,0,1500,1,,1
8411,184,0,700,1,,1
8412,203,0,1150,1,,1
8413,115,0,600,1,,1
8414,55,0,1700,1,,1
8414,115,0,600,1,,1
8415,64,0,0,1,,1
8415,64,0,0,1,,1
8415,204,0,0,1,,1
8415,204,0,0,1,,1
8415,224,0,0,1,,1
8415,204,0,0,1,,1
8416,55,0,1700,1,,1
8416,55,0,1700,1,,1
8416,203,0,1150,1,,1
8416,137,0,50,1,,1
8416,131,0,600,1,,1
8417,224,0,600,1,,1
8418,216,0,1600,1,,1
8419,205,0,650,1,,1
8420,131,0,600,1,,1
8421,64,0,1300,1,,1
8421,224,0,600,1,,1
8422,64,0,1300,1,,1
8422,64,0,1300,1,,1
8423,101,0,600,1,,1
8423,217,0,1600,1,,1
8424,205,0,650,1,,1
8425,204,0,800,1,,1
8425,204,0,800,1,,1
8426,206,0,1150,1,,1
8426,205,0,850,1,,1
8426,101,0,600,1,,1
8427,204,0,950,1,,1
8427,196,0,1600,1,,1
8428,64,0,1350,1,,1
8429,64,0,0,1,,1
8429,64,0,0,1,,1
8429,64,0,0,1,,1
8429,64,0,0,1,,1
8429,205,0,0,1,,1
8429,205,0,0,1,,1
8430,64,0,1350,1,,1
8430,224,0,700,1,,1
8430,64,0,1350,1,,1
8431,204,0,950,1,,1
8432,119,0,1500,1,,1
8432,101,0,600,1,,1
8433,64,0,1350,1,,1
8433,224,0,700,1,,1
8434,48,0,700,1,,1
8434,64,0,1350,1,,1
8434,208,0,1150,1,,1
8434,208,0,1150,1,,1
8435,206,0,1150,1,,1
8435,203,0,1200,1,,1
8435,119,0,1550,1,,1
8435,184,0,700,1,,1
8436,203,0,1200,1,,1
8436,204,0,950,1,,1
8437,205,0,850,1,,1
8437,205,0,850,1,,1
8437,224,0,700,1,,1
8438,119,0,1550,1,,1
8439,64,0,1350,1,,1
8439,64,0,1350,1,,1
8439,55,0,1750,1,,1
8440,119,0,1550,1,,1
8440,119,0,1550,1,,1
8441,196,0,1600,1,,1
8441,220,0,950,1,,1
8442,131,0,700,1,,1
8443,64,0,1350,1,,1
8444,204,0,950,1,,1
8445,64,0,1350,1,,1
8445,213,0,100,1,,1
8446,203,0,1200,1,,1
8446,203,0,1200,1,,1
8446,64,0,1350,1,,1
8446,64,0,1350,1,,1
8446,131,0,700,1,,1
8446,208,0,1150,1,,1
8446,208,0,1150,1,,1
8446,208,0,1150,1,,1
8446,224,0,700,1,,1
8447,64,0,1350,1,,1
8448,220,0,950,1,,1
8448,203,0,1200,1,,1
8449,204,0,0,1,,1
8449,205,0,0,1,,1
8449,139,0,0,1,,1
8450,204,0,950,1,,1
8450,208,0,1150,1,,1
8451,131,0,700,1,,1
8452,224,0,700,1,,1
8452,214,0,1150,1,,1
8452,204,0,950,1,,1
8453,64,0,1350,1,,1
8453,64,0,1350,1,,1
8453,64,0,1350,1,,1
8453,224,0,700,1,,1
8454,203,0,1200,1,,1
8455,206,0,1150,1,,1
8456,203,0,1200,1,,1
8456,203,0,1200,1,,1
8456,52,0,950,1,,1
8456,55,0,1750,1,,1
8456,217,0,1600,1,,1
8457,203,0,1200,1,,1
8458,64,0,1350,1,,1
8459,55,0,1750,1,,1
8459,184,0,700,1,,1
8460,131,0,700,1,,1
8460,119,0,1550,1,,1
8460,218,0,1650,1,,1
8460,137,0,50,1,,1
8460,207,0,1000,1,,1
8461,64,0,1350,1,,1
8461,52,0,950,1,,1
8461,204,0,950,1,,1
8461,224,0,700,1,,1
8462,205,0,850,1,,1
8462,64,0,1350,1,,1
8462,64,0,1350,1,,1
8462,119,0,1550,1,,1
8462,55,0,1750,1,,1
8462,64,0,1350,1,,1
8462,220,0,950,1,,1
8462,55,0,1750,1,,1
8462,64,0,1350,1,,1
8462,184,0,700,1,,1
8463,119,0,1550,1,,1
8464,64,0,1350,1,,1
8465,203,0,1200,1,,1
8465,203,0,1200,1,,1
8465,52,0,950,1,,1
8466,207,0,1000,1,,1
8467,220,0,950,1,,1
8468,131,0,700,1,,1
8469,203,0,1200,1,,1
8469,220,0,950,1,,1
8470,224,0,700,1,,1
8470,206,0,1150,1,,1
8470,64,0,1350,1,,1
8471,4,0,1250,1,,1
8471,4,0,1250,1,,1
8471,4,0,1250,1,,1
8472,64,0,1350,1,,1
8473,224,0,700,1,,1
8473,64,0,1350,1,,1
8473,64,0,1350,1,,1
8474,64,0,1350,1,,1
8475,203,0,1200,1,,1
8475,203,0,1200,1,,1
8475,55,0,1750,1,,1
8475,92,0,700,1,,1
8475,224,0,700,1,,1
8475,217,0,1600,1,,1
8476,224,0,700,1,,1
8477,196,0,1600,1,,1
8477,205,0,850,1,,1
8478,64,0,1350,1,,1
8479,64,0,1350,1,,1
8479,224,0,700,1,,1
8480,55,0,1750,1,,1
8482,92,0,700,1,,1
8483,64,0,0,1,,1
8483,64,0,0,1,,1
8484,55,0,1750,1,,1
8484,203,0,1200,1,,1
8485,1,0,850,1,,1
8485,55,0,1750,1,,1
8486,216,0,1600,1,,1
8487,204,0,950,1,,1
8487,224,0,700,1,,1
8488,216,0,1600,1,,1
8488,216,0,1600,1,,1
8488,64,0,1350,1,,1
8488,224,0,700,1,,1
8489,203,0,1200,1,,1
8489,203,0,1200,1,,1
8489,204,0,950,1,,1
8490,64,0,0,1,,1
8490,64,0,0,1,,1
8491,48,0,700,1,,1
8492,204,0,950,1,,1
8492,224,0,700,1,,1
8493,94,0,700,1,,1
8493,224,0,700,1,,1
8494,214,0,1150,1,,1
8495,203,0,1200,1,,1
8496,92,0,700,1,,1
8496,92,0,700,1,,1
8496,119,0,1550,1,,1
8497,224,0,700,1,,1
8497,204,0,950,1,,1
8498,64,0,1350,1,,1
8498,64,0,1350,1,,1
8498,217,0,1600,1,,1
8498,216,0,1600,1,,1
8499,16,0,700,1,,1
8500,204,0,950,1,,1
8500,16,0,700,1,,1
8501,64,0,0,1,,1
8501,64,0,0,1,,1
8502,64,0,1350,1,,1
8502,204,0,950,1,,1
8503,64,0,1350,1,,1
8503,213,0,100,1,,1
8504,208,0,1150,1,,1
8504,208,0,1150,1,,1
8505,64,0,1350,1,,1
8505,64,0,1350,1,,1
8506,224,0,700,1,,1
8506,206,0,1150,1,,1
8506,203,0,1200,1,,1
8507,217,0,1600,1,,1
8507,213,0,100,1,,1
8508,217,0,1600,1,,1
8508,216,0,1600,1,,1
8509,137,0,50,1,,1
8510,92,0,700,1,,1
8511,204,0,0,1,,1
8511,204,0,0,1,,1
8511,204,0,0,1,,1
8511,64,0,0,1,,1
8512,119,0,1550,1,,1
8512,2,0,850,1,,1
8512,206,0,1150,1,,1
8513,16,0,700,1,,1
8514,92,0,700,1,,1
8515,217,0,1600,1,,1
8516,204,0,950,1,,1
8516,205,0,850,1,,1
8516,92,0,700,1,,1
8516,204,0,950,1,,1
8516,205,0,850,1,,1
8517,64,0,1350,1,,1
8517,119,0,1550,1,,1
8518,206,0,1150,1,,1
8518,206,0,1150,1,,1
8518,137,0,50,1,,1
8519,205,0,850,1,,1
8519,16,0,700,1,,1
8520,205,0,0,1,,1
8520,205,0,0,1,,1
8520,216,0,0,1,,1
8521,230,0,700,1,,1
8522,16,0,700,1,,1
8523,204,0,950,1,,1
8524,119,0,1550,1,,1
8524,230,0,700,1,,1
8525,64,0,1350,1,,1
8527,230,0,700,1,,1
8527,205,0,850,1,,1
8527,216,0,1600,1,,1
8528,207,0,1150,1,,1
8529,64,0,1350,1,,1
8529,16,0,700,1,,1
8530,53,0,1500,1,,1
8531,94,0,700,1,,1
8532,205,0,850,1,,1
8533,225,0,1250,1,,1
8534,207,0,1150,1,,1
8535,64,0,1350,1,,1
8535,94,0,700,1,,1
8536,64,0,1350,1,,1
8536,230,0,700,1,,1
8536,55,0,1750,1,,1
8537,94,0,700,1,,1
8538,119,0,1550,1,,1
8538,230,0,700,1,,1
8538,205,0,850,1,,1
8538,205,0,850,1,,1
8539,64,0,1350,1,,1
8540,16,0,700,1,,1
8540,206,0,1150,1,,1
8541,119,0,1550,1,,1
8542,48,0,0,1,,1
8543,64,0,1350,1,,1
8543,204,0,950,1,,1
8544,16,0,700,1,,1
8544,64,0,1350,1,,1
8544,55,0,1750,1,,1
8545,204,0,950,1,,1
8545,203,0,1200,1,,1
8545,53,0,1500,1,,1
8546,64,0,1350,1,,1
8547,131,0,0,1,,1
8548,203,0,1200,1,,1
8549,205,0,850,1,,1
8550,119,0,1550,1,,1
8550,64,0,1350,1,,1
8550,206,0,1150,1,,1
8550,203,0,1200,1,,1
8551,205,0,850,1,,1
8551,205,0,850,1,,1
8552,218,0,1650,1,,1
8553,208,0,1150,1,,1
8554,204,0,950,1,,1
8555,16,0,700,1,,1
8555,204,0,950,1,,1
8556,119,0,1550,1,,1
8556,64,0,1350,1,,1
8556,64,0,1350,1,,1
8557,204,0,950,1,,1
8558,131,0,700,1,,1
8559,64,0,1350,1,,1
8559,64,0,1350,1,,1
8561,94,0,700,1,,1
8562,204,0,950,1,,1
8563,64,0,1350,1,,1
8564,64,0,1350,1,,1
8565,204,0,950,1,,1
8566,64,0,1350,1,,1
8566,64,0,1350,1,,1
8566,53,0,1500,1,,1
8566,64,0,1350,1,,1
8567,2,0,850,1,,1
8567,203,0,1200,1,,1
8568,206,0,1150,1,,1
8569,64,0,0,1,,1
8569,64,0,0,1,,1
8570,64,0,1350,1,,1
8571,119,0,1550,1,,1
8572,55,0,1750,1,,1
8572,55,0,1750,1,,1
8572,64,0,1350,1,,1
8572,203,0,1200,1,,1
8572,137,0,50,1,,1
8573,206,0,1150,1,,1
8573,203,0,1200,1,,1
8573,16,0,700,1,,1
8574,4,0,1250,1,,1
8574,4,0,1250,1,,1
8575,64,0,1350,1,,1
8576,64,0,0,1,,1
8576,64,0,0,1,,1
8577,95,0,700,1,,1
8578,95,0,700,1,,1
8578,223,0,1150,1,,1
8579,204,0,950,1,,1
8580,55,0,1750,1,,1
8581,64,0,1350,1,,1
8581,119,0,1550,1,,1
8582,55,0,1750,1,,1
8582,137,0,50,1,,1
8583,213,0,100,1,,1
8583,207,0,1150,1,,1
8584,16,0,700,1,,1
8584,64,0,1350,1,,1
8585,204,0,950,1,,1
8585,196,0,1600,1,,1
8585,196,0,1600,1,,1
8586,203,0,1200,1,,1
8586,95,0,700,1,,1
8587,217,0,1600,1,,1
8588,16,0,700,1,,1
8589,64,0,0,1,,1
8589,64,0,0,1,,1
8589,204,0,0,1,,1
8589,204,0,0,1,,1
8590,205,0,850,1,,1
8590,16,0,700,1,,1
8591,16,0,700,1,,1
8592,131,0,700,1,,1
8593,4,0,1250,1,,1
8593,4,0,1250,1,,1
8593,4,0,1250,1,,1
8593,207,0,1150,1,,1
8593,207,0,1150,1,,1
8594,55,0,1750,1,,1
8594,55,0,1750,1,,1
8594,137,0,50,1,,1
8595,203,0,1200,1,,1
8595,64,0,1350,1,,1
8595,55,0,1750,1,,1
8595,55,0,1750,1,,1
8595,137,0,50,1,,1
8595,213,0,100,1,,1
8596,16,0,700,1,,1
8596,216,0,1600,1,,1
8596,216,0,1600,1,,1
8596,203,0,1200,1,,1
8597,119,0,1550,1,,1
8597,119,0,1550,1,,1
8597,2,0,850,1,,1
8597,2,0,850,1,,1
8597,16,0,700,1,,1
8598,55,0,1750,1,,1
8599,64,0,1350,1,,1
8600,64,0,0,1,,1
8600,64,0,0,1,,1
8601,64,0,1350,1,,1
8601,206,0,1150,1,,1
8601,64,0,1350,1,,1
8601,206,0,1150,1,,1
8601,16,0,700,1,,1
8602,119,0,1550,1,,1
8603,64,0,1350,1,,1
8604,119,0,1550,1,,1
8604,2,0,850,1,,1
8605,52,0,950,1,,1
8605,131,0,700,1,,1
8606,207,0,1150,1,,1
8607,55,0,1750,1,,1
8607,55,0,1750,1,,1
8607,55,0,1750,1,,1
8607,55,0,1750,1,,1
8607,64,0,1350,1,,1
8607,64,0,1350,1,,1
8607,137,0,50,1,,1
8608,92,0,700,1,,1
8609,205,0,850,1,,1
8610,64,0,1350,1,,1
8611,48,0,700,1,,1
8612,205,0,850,1,,1
8613,196,0,1600,1,,1
8613,217,0,1600,1,,1
8613,131,0,700,1,,1
8613,131,0,700,1,,1
8613,131,0,700,1,,1
8613,16,0,700,1,,1
8613,16,0,700,1,,1
8613,196,0,1600,1,,1
8614,95,0,700,1,,1
8615,204,0,950,1,,1
8616,16,0,700,1,,1
8616,204,0,950,1,,1
8617,64,0,0,1,,1
8618,16,0,700,1,,1
8619,204,0,950,1,,1
8620,64,0,1350,1,,1
8620,213,0,100,1,,1
8621,196,0,1600,1,,1
8621,204,0,950,1,,1
8621,204,0,950,1,,1
8622,203,0,1200,1,,1
8623,203,0,1200,1,,1
8623,92,0,700,1,,1
8624,64,0,1350,1,,1
8625,204,0,950,1,,1
8626,214,0,1150,1,,1
8626,55,0,1750,1,,1
8626,92,0,700,1,,1
8626,205,0,850,1,,1
8626,232,0,800,1,,1
8626,48,0,700,1,,1
8627,94,0,700,1,,1
8627,53,0,1500,1,,1
8628,204,0,950,1,,1
8629,64,0,0,1,,1
8630,204,0,0,1,,1
8631,92,0,700,1,,1
8632,55,0,1750,1,,1
8632,92,0,700,1,,1
8633,55,0,1750,1,,1
8633,224,0,700,1,,1
8634,64,0,1350,1,,1
8634,224,0,700,1,,1
8635,64,0,1350,1,,1
8635,48,0,700,1,,1
8637,53,0,1500,1,,1
8638,64,0,1350,1,,1
8639,119,0,1550,1,,1
8639,2,0,850,1,,1
8640,181,0,2200,1,,1
8640,181,0,2200,1,,1
8640,224,0,700,1,,1
8640,206,0,1150,1,,1
8640,206,0,1150,1,,1
8640,216,0,1600,1,,1
8640,216,0,1600,1,,1
8640,64,0,1350,1,,1
8640,208,0,1150,1,,1
8640,208,0,1150,1,,1
8640,137,0,50,1,,1
8640,181,0,2200,1,,1
8640,181,0,2200,1,,1
8641,196,0,1600,1,,1
8641,2,0,850,1,,1
8642,92,0,700,1,,1
8643,204,0,950,1,,1
8644,64,0,1350,1,,1
8644,204,0,950,1,,1
8645,204,0,950,1,,1
8646,64,0,1350,1,,1
8646,4,0,1250,1,,1
8646,204,0,950,1,,1
8646,92,0,700,1,,1
8646,64,0,1350,1,,1
8647,224,0,700,1,,1
8648,204,0,950,1,,1
8648,224,0,700,1,,1
8649,224,0,700,1,,1
8650,64,0,0,1,,1
8650,64,0,0,1,,1
8650,64,0,0,1,,1
8650,181,0,0,1,,1
8650,181,0,0,1,,1
8651,181,0,2200,1,,1
8652,181,0,2200,1,,1
8652,181,0,2200,1,,1
8652,181,0,2200,1,,1
8652,181,0,2200,1,,1
8652,181,0,2200,1,,1
8652,181,0,2200,1,,1
8652,181,0,2200,1,,1
8652,181,0,2200,1,,1
8653,207,0,1150,1,,1
8653,64,0,1350,1,,1
8654,64,0,1350,1,,1
8654,64,0,1350,1,,1
8654,203,0,1200,1,,1
8654,53,0,1500,1,,1
8655,119,0,1550,1,,1
8656,224,0,700,1,,1
8657,92,0,700,1,,1
8658,204,0,0,1,,1
8658,205,0,0,1,,1
8658,205,0,0,1,,1
8658,205,0,0,1,,1
8658,205,0,0,1,,1
8658,205,0,0,1,,1
8658,205,0,0,1,,1
8658,205,0,0,1,,1
8658,205,0,0,1,,1
8659,119,0,1550,1,,1
8659,224,0,700,1,,1
8659,206,0,1150,1,,1
8659,206,0,1150,1,,1
8660,131,0,0,1,,1
8660,204,0,0,1,,1
8660,224,0,0,1,,1
8661,204,0,950,1,,1
8662,64,0,0,1,,1
8662,64,0,0,1,,1
8662,224,0,0,1,,1
8662,196,0,0,1,,1
8662,196,0,0,1,,1
8662,224,0,0,1,,1
8663,204,0,950,1,,1
8664,55,0,1750,1,,1
8664,55,0,1750,1,,1
8664,92,0,700,1,,1
8664,64,0,1350,1,,1
8665,64,0,0,1,,1
8665,64,0,0,1,,1
8666,2,0,850,1,,1
8667,204,0,950,1,,1
8668,207,0,1150,1,,1
8669,131,0,700,1,,1
8669,119,0,1550,1,,1
8670,206,0,1150,1,,1
8670,205,0,850,1,,1
8671,1,0,850,1,,1
8671,1,0,850,1,,1
8672,223,0,1150,1,,1
8672,64,0,1350,1,,1
8672,224,0,700,1,,1
8673,64,0,1350,1,,1
8674,94,0,700,1,,1
8674,53,0,1500,1,,1
8675,55,0,1750,1,,1
8676,204,0,950,1,,1
8676,224,0,700,1,,1
8677,4,0,1250,1,,1
8678,216,0,1600,1,,1
8679,205,0,850,1,,1
8679,224,0,700,1,,1
8679,196,0,1600,1,,1
8680,64,0,1350,1,,1
8681,196,0,1600,1,,1
8682,203,0,1200,1,,1
8682,232,0,800,1,,1
8683,207,0,1150,1,,1
8684,64,0,0,1,,1
8684,64,0,0,1,,1
8684,64,0,0,1,,1
8685,92,0,700,1,,1
8685,204,0,950,1,,1
8686,224,0,700,1,,1
8687,64,0,1350,1,,1
8687,224,0,700,1,,1
8688,119,0,1550,1,,1
8689,203,0,1200,1,,1
8690,64,0,1350,1,,1
8690,55,0,1750,1,,1
8691,64,0,1350,1,,1
8691,55,0,1750,1,,1
8692,64,0,1350,1,,1
8693,94,0,0,1,,1
8693,94,0,0,1,,1
8694,232,0,800,1,,1
8695,203,0,1200,1,,1
8696,204,0,950,1,,1
8696,204,0,950,1,,1
8696,64,0,1350,1,,1
8696,55,0,1750,1,,1
8697,203,0,1200,1,,1
8697,94,0,700,1,,1
8697,55,0,1750,1,,1
8698,64,0,1350,1,,1
8699,204,0,950,1,,1
8699,204,0,950,1,,1
8700,64,0,1350,1,,1
8700,64,0,1350,1,,1
8700,213,0,100,1,,1
8700,213,0,100,1,,1
8701,224,0,700,1,,1
8702,119,0,1550,1,,1
8702,64,0,1350,1,,1
8702,205,0,850,1,,1
8703,55,0,1750,1,,1
8704,64,0,0,1,,1
8705,119,0,1550,1,,1
8706,119,0,1550,1,,1
8707,64,0,1350,1,,1
8708,204,0,950,1,,1
8709,224,0,700,1,,1
8709,205,0,850,1,,1
8710,52,0,950,1,,1
8711,181,0,2200,1,,1
8712,205,0,850,1,,1
8713,233,0,700,1,,1
8713,232,0,800,1,,1
8714,181,0,2200,1,,1
8715,64,0,1350,1,,1
8715,64,0,1350,1,,1
8716,4,0,1250,1,,1
8717,181,0,2200,1,,1
8717,181,0,2200,1,,1
8717,181,0,2200,1,,1
8717,181,0,2200,1,,1
8717,181,0,2200,1,,1
8718,233,0,700,1,,1
8719,232,0,800,1,,1
8719,233,0,700,1,,1
8720,64,0,1350,1,,1
8721,204,0,950,1,,1
8721,224,0,700,1,,1
8722,224,0,700,1,,1
8722,204,0,950,1,,1
8723,94,0,700,1,,1
8724,196,0,1600,1,,1
8725,205,0,850,1,,1
8726,64,0,0,1,,1
8726,64,0,0,1,,1
8727,181,0,2200,1,,1
8728,224,0,700,1,,1
8729,181,0,2200,1,,1
8730,214,0,1400,1,,1
8730,233,0,850,1,,1
8730,204,0,1150,1,,1
8731,119,0,1900,1,,1
8732,64,0,1650,1,,1
8732,203,0,1500,1,,1
8732,64,0,1650,1,,1
8732,181,0,2200,1,,1
8732,208,0,1400,1,,1
8732,208,0,1400,1,,1
8732,208,0,1400,1,,1
8732,208,0,1400,1,,1
8732,208,0,1400,1,,1
8732,208,0,1400,1,,1
8732,223,0,1400,1,,1
8732,223,0,1400,1,,1
8732,137,0,50,1,,1
8732,137,0,50,1,,1
8733,55,0,2150,1,,1
8733,53,0,1800,1,,1
8733,181,0,2200,1,,1
8734,181,0,2200,1,,1
8734,214,0,1400,1,,1
8734,204,0,1150,1,,1
8735,224,0,850,1,,1
8735,204,0,1150,1,,1
8736,64,0,1650,1,,1
8737,2,0,1050,1,,1
8737,1,0,1000,1,,1
8737,119,0,1900,1,,1
8737,55,0,2150,1,,1
8738,64,0,1650,1,,1
8738,64,0,1650,1,,1
8739,64,0,1650,1,,1
8740,64,0,1650,7,,1
8741,203,0,1500,1,,1
8742,119,0,1900,1,,1
8742,119,0,1900,1,,1
8742,94,0,850,1,,1
8742,1,0,1000,1,,1
8742,216,0,1950,1,,1
8742,205,0,950,1,,1
8743,64,0,0,1,,1
8743,204,0,0,1,,1
8743,204,0,0,1,,1
8744,52,0,1150,1,,1
8745,64,0,1650,1,,1
8745,64,0,1650,1,,1
8745,52,0,1150,1,,1
8747,94,0,850,1,,1
8748,119,0,1900,1,,1
8748,64,0,1650,1,,1
8748,64,0,1650,1,,1
8749,206,0,1400,1,,1
8749,216,0,1950,1,,1
8749,137,0,50,1,,1
8750,55,0,2150,1,,1
8750,64,0,1650,1,,1
8751,119,0,1900,1,,1
8752,224,0,850,1,,1
8753,64,0,1650,1,,1
8753,64,0,1650,1,,1
8753,64,0,1650,1,,1
8755,64,0,1650,1,,1
8756,224,0,850,1,,1
8757,181,0,2200,1,,1
8758,119,0,1900,1,,1
8758,233,0,850,1,,1
8759,181,0,2200,1,,1
8760,203,0,1500,1,,1
8760,224,0,850,1,,1
8761,64,0,1650,1,,1
8762,1,0,0,1,,1
8764,64,0,1650,1,,1
8764,2,0,1050,1,,1
8764,196,0,1950,1,,1
8765,55,0,2150,1,,1
8765,229,0,850,1,,1
8766,4,0,1500,1,,1
8766,4,0,1500,1,,1
8767,203,0,1500,1,,1
8767,55,0,2150,1,,1
8767,137,0,50,1,,1
8768,64,0,1650,1,,1
8768,64,0,1650,1,,1
8768,196,0,1950,1,,1
8768,55,0,2150,1,,1
8768,64,0,1650,1,,1
8768,119,0,1900,1,,1
8768,119,0,1900,1,,1
8768,16,0,700,1,,1
8768,64,0,1650,1,,1
8768,55,0,2150,1,,1
8768,64,0,1650,1,,1
8768,64,0,1650,1,,1
8768,64,0,1650,1,,1
8768,205,0,950,1,,1
8769,4,0,1500,1,,1
8769,55,0,2150,1,,1
8769,119,0,1900,1,,1
8769,94,0,850,1,,1
8769,229,0,850,1,,1
8770,55,0,2150,1,,1
8771,204,0,0,1,,1
8772,4,0,0,1,,1
8772,4,0,0,1,,1
8772,214,0,0,1,,1
8772,119,0,0,1,,1
8773,224,0,850,1,,1
8774,229,0,850,1,,1
8774,206,0,1400,1,,1
8775,229,0,850,1,,1
8775,224,0,850,1,,1
8775,224,0,850,1,,1
8775,224,0,850,1,,1
8775,206,0,1400,1,,1
8775,206,0,1400,1,,1
8775,137,0,50,1,,1
8776,131,0,0,1,,1
8776,131,0,0,1,,1
8777,64,0,0,1,,1
8778,229,0,850,1,,1
8778,214,0,1400,1,,1
8779,119,0,1900,1,,1
8779,203,0,1500,1,,1
8780,119,0,1900,1,,1
8781,64,0,1650,1,,1
8782,233,0,850,1,,1
8782,196,0,1950,1,,1
8783,64,0,0,1,,1
8783,64,0,0,1,,1
8784,2,0,0,1,,1
8785,55,0,2150,1,,1
8785,55,0,2150,1,,1
8785,55,0,2150,1,,1
8785,233,0,850,1,,1
8785,233,0,850,1,,1
8785,1,0,1000,1,,1
8786,196,0,1950,1,,1
8787,204,0,1150,1,,1
8787,204,0,1150,1,,1
8788,205,0,950,1,,1
8790,64,0,1650,1,,1
8790,119,0,1900,1,,1
8791,131,0,850,1,,1
8791,207,0,1400,1,,1
8792,55,0,2150,1,,1
8793,94,0,850,1,,1
8793,206,0,1400,1,,1
8794,229,0,850,1,,1
8795,64,0,1650,1,,1
8796,55,0,2150,1,,1
8796,229,0,850,1,,1
8797,229,0,850,1,,1
8798,119,0,1900,1,,1
8799,119,0,1900,1,,1
8799,64,0,1650,1,,1
8799,64,0,1650,1,,1
8799,206,0,1400,1,,1
8799,224,0,850,1,,1
8799,213,0,100,1,,1
8800,224,0,850,1,,1
8801,203,0,1500,1,,1
8802,64,0,1650,1,,1
8802,76,0,50,1,,1
8803,92,0,850,1,,1
8803,55,0,2150,1,,1
8803,64,0,1650,1,,1
8804,224,0,850,1,,1
8805,94,0,850,1,,1
8806,119,0,1900,1,,1
8807,1,0,0,1,,1
8807,1,0,0,1,,1
8808,224,0,850,1,,1
8809,64,0,1650,1,,1
8810,64,0,1650,1,,1
8810,213,0,100,1,,1
8811,229,0,0,1,,1
8812,205,0,950,1,,1
8812,224,0,850,1,,1
8813,55,0,2150,1,,1
8813,64,0,1650,1,,1
8813,64,0,1650,1,,1
8813,64,0,1650,1,,1
8813,224,0,850,1,,1
8814,52,0,1150,1,,1
8815,225,0,1500,1,,1
8815,220,0,1150,1,,1
8816,64,0,1650,1,,1
8816,203,0,1500,1,,1
8817,181,0,2200,1,,1
8818,119,0,1900,1,,1
8819,224,0,850,4,,1
8820,64,0,1650,1,,1
8820,55,0,2150,1,,1
8820,137,0,50,1,,1
8821,181,0,2200,1,,1
8823,196,0,0,2,,1
8823,204,0,0,1,,1
8824,1,0,1000,1,,1
8825,64,0,1650,1,,1
8825,64,0,1650,1,,1
8826,205,0,950,1,,1
8827,196,0,1950,1,,1
8827,181,0,2200,1,,1
8827,181,0,2200,1,,1
8828,181,0,2200,1,,1
8829,119,0,1900,1,,1
8829,232,0,850,1,,1
8830,64,0,1650,1,,1
8830,196,0,1950,1,,1
8831,224,0,850,1,,1
8832,206,0,1400,1,,1
8832,206,0,1400,1,,1
8832,64,0,1650,1,,1
8832,64,0,1650,1,,1
8832,181,0,2200,1,,1
8832,181,0,2200,1,,1
8832,181,0,2200,1,,1
8832,181,0,2200,1,,1
8833,4,0,1500,1,,1
8833,4,0,1500,1,,1
8834,224,0,850,1,,1
8834,204,0,1150,1,,1
8835,64,0,1650,1,,1
8837,64,0,1650,1,,1
8837,64,0,1650,1,,1
8837,64,0,1650,1,,1
8839,181,0,0,1,,1
8839,204,0,0,1,,1
8840,64,0,1650,1,,1
8840,64,0,1650,1,,1
8840,64,0,1650,1,,1
8840,213,0,100,1,,1
8841,224,0,850,1,,1
8842,64,0,1650,1,,1
8842,208,0,1400,1,,1
8843,64,0,1650,1,,1
8844,206,0,1400,1,,1
8844,119,0,1900,1,,1
8845,224,0,850,1,,1
8845,203,0,1500,1,,1
8845,55,0,2150,1,,1
8846,64,0,1650,1,,1
8846,64,0,1650,1,,1
8846,214,0,1400,1,,1
8846,214,0,1400,1,,1
8846,224,0,850,1,,1
8847,64,0,1650,1,,1
8848,178,0,950,1,,1
8848,119,0,1900,1,,1
8849,64,0,1650,1,,1
8850,64,0,0,1,,1
8850,64,0,0,1,,1
8851,206,0,1400,1,,1
8852,181,0,0,1,,1
8853,181,0,2200,1,,1
8854,64,0,1650,1,,1
8854,206,0,1400,1,,1
8855,119,0,1900,1,,1
8856,203,0,1500,1,,1
8856,204,0,1150,1,,1
8857,55,0,2150,1,,1
8857,55,0,2150,1,,1
8857,64,0,1650,1,,1
8857,181,0,2200,1,,1
8858,204,0,1150,1,,1
8859,204,0,1150,1,,1
8859,224,0,850,1,,1
8860,181,0,2200,1,,1
8861,181,0,2200,1,,1
8861,181,0,2200,1,,1
8861,204,0,1150,1,,1
8862,181,0,0,1,,1
8863,48,0,850,1,,1
8863,48,0,850,1,,1
8864,10,0,650,1,,1
8865,64,0,1650,1,,1
8866,64,0,1650,1,,1
8866,181,0,2200,1,,1
8867,64,0,1650,1,,1
8867,119,0,1900,1,,1
8868,119,0,1900,1,,1
8868,92,0,850,1,,1
8868,204,0,1150,1,,1
8868,92,0,850,1,,1
8868,213,0,100,1,,1
8868,181,0,2200,1,,1
8868,181,0,2200,1,,1
8868,181,0,2200,1,,1
8869,64,0,1650,1,,1
8869,64,0,1650,1,,1
8869,214,0,1400,1,,1
8870,205,0,950,1,,1
8870,205,0,950,1,,1
8870,64,0,1650,1,,1
8870,55,0,2150,1,,1
8870,55,0,2150,1,,1
8871,232,0,850,1,,1
8871,214,0,1400,1,,1
8871,207,0,1400,1,,1
8872,224,0,0,1,,1
8873,224,0,850,1,,1
8874,55,0,2150,1,,1
8875,181,0,2200,1,,1
8875,55,0,2150,1,,1
8876,64,0,0,1,,1
8876,64,0,0,1,,1
8876,204,0,0,1,,1
8876,204,0,0,1,,1
8877,196,0,1950,1,,1
8878,232,0,850,1,,1
8879,204,0,1150,1,,1
8879,204,0,1150,1,,1
8879,64,0,1650,1,,1
8879,53,0,1800,1,,1
8879,92,0,850,1,,1
8879,214,0,1400,1,,1
8879,214,0,1400,1,,1
8879,196,0,1950,1,,1
8879,196,0,1950,1,,1
8879,137,0,50,1,,1
8879,137,0,50,1,,1
8880,48,0,850,1,,1
8881,92,0,850,1,,1
8882,94,0,850,1,,1
8883,4,0,1500,1,,1
8883,131,0,850,1,,1
8883,119,0,1900,1,,1
8883,205,0,950,1,,1
8884,64,0,1650,1,,1
8884,213,0,100,1,,1
8885,232,0,850,1,,1
8885,203,0,1500,1,,1
8886,206,0,1400,1,,1
8886,196,0,1950,1,,1
8887,64,0,0,1,,1
8887,64,0,0,1,,1
8887,64,0,0,1,,1
8888,224,0,850,1,,1
8888,224,0,850,1,,1
8889,181,0,0,1,,1
8890,64,0,1650,1,,1
8890,206,0,1400,1,,1
8891,204,0,1150,1,,1
8891,204,0,1150,1,,1
8892,95,0,850,1,,1
8892,60,0,1000,1,,1
8893,52,0,1150,1,,1
8894,16,0,700,1,,1
8895,205,0,950,1,,1
8895,224,0,850,1,,1
8895,205,0,950,1,,1
8896,214,0,1400,1,,1
8896,64,0,1650,1,,1
8897,196,0,1950,1,,1
8898,119,0,1900,1,,1
8899,95,0,850,1,,1
8899,95,0,850,1,,1
8899,196,0,1950,1,,1
8900,64,0,1650,1,,1
8901,4,0,1500,1,,1
8902,64,0,1650,1,,1
8902,55,0,2150,1,,1
8902,55,0,2150,1,,1
8902,55,0,2150,1,,1
8902,64,0,1650,1,,1
8902,64,0,1650,1,,1
8902,213,0,100,1,,1
8902,213,0,100,1,,1
8903,64,0,0,1,,1
8904,181,0,2200,1,,1
8905,181,0,2200,1,,1
8906,181,0,2200,1,,1
8906,204,0,1150,1,,1
8907,52,0,1150,3,,1
8907,203,0,1500,1,,1
8907,203,0,1500,1,,1
8907,203,0,1500,1,,1
8908,196,0,1950,1,,1
8908,207,0,1400,1,,1
8909,94,0,850,1,,1
8911,64,0,1650,2,,1
8911,203,0,1500,1,,1
8911,203,0,1500,1,,1
8911,55,0,2150,4,,1
8911,95,0,850,1,,1
8911,92,0,850,1,,1
8911,64,0,1650,2,,1
8912,224,0,850,1,,1
8912,119,0,1900,1,,1
8912,77,0,100,1,,1
8913,131,0,850,1,,1
8914,181,0,2200,1,,1
8914,224,0,850,1,,1
8915,181,0,2200,4,,1
8916,64,0,1650,1,,1
8916,181,0,2200,1,,1
8916,204,0,1150,1,,1
8916,224,0,850,1,,1
8917,1,0,1000,1,,1
8918,64,0,1650,1,,1
8918,213,0,100,1,,1
8919,181,0,2200,1,,1
8920,181,0,0,1,,1
8921,119,0,1900,1,,1
8921,119,0,1900,1,,1
8921,64,0,1650,1,,1
8921,95,0,850,1,,1
8922,64,0,1650,1,,1
8923,64,0,1650,1,,1
8923,55,0,2150,1,,1
8923,206,0,1400,1,,1
8923,213,0,100,1,,1
8923,64,0,1650,1,,1
8923,64,0,1650,1,,1
8924,119,0,1900,1,,1
8924,95,0,850,1,,1
8925,64,0,1650,1,,1
8926,218,0,2000,1,,1
8926,95,0,850,1,,1
8926,181,0,2200,1,,1
8927,181,0,2200,1,,1
8927,181,0,2200,1,,1
8927,55,0,2150,1,,1
8928,224,0,850,1,,1
8928,203,0,1500,1,,1
8928,55,0,2150,1,,1
8928,64,0,1650,1,,1
8929,224,0,850,1,,1
8929,203,0,1500,1,,1
8929,224,0,850,1,,1
8929,64,0,1650,1,,1
8929,55,0,2150,1,,1
8929,203,0,1500,1,,1
8930,196,0,1950,2,,1
8931,119,0,1900,1,,1
8931,224,0,850,1,,1
8931,196,0,1950,1,,1
8932,224,0,850,1,,1
8933,64,0,1650,1,,1
8933,64,0,1650,1,,1
8933,64,0,1650,1,,1
8934,119,0,0,1,,1
8934,64,0,0,1,,1
8934,64,0,0,1,,1
8934,64,0,0,1,,1
8934,95,0,0,1,,1
8935,119,0,1900,1,,1
8936,224,0,850,1,,1
8936,196,0,1950,1,,1
8936,64,0,1650,1,,1
8937,224,0,850,1,,1
8938,94,0,850,1,,1
8938,55,0,2150,1,,1
8938,224,0,850,1,,1
8938,204,0,1150,1,,1
8938,203,0,1500,1,,1
8939,181,0,2200,1,,1
8940,64,0,1650,1,,1
8941,55,0,2150,1,,1
8942,52,0,1150,1,,1
8945,119,0,1900,1,3,1
8946,235,0,300,3,3000,1
8946,236,0,0,4.5,0,
8946,237,0,0,30,0,
8947,235,0,300,2,,1
8948,235,0,300,6,,1
8949,235,0,300,5,2989,1
8949,236,0,0,7.5,0,
8949,237,0,0,50,0,
8950,235,0,300,2,,1
8951,235,0,300,2,,1
8952,235,0,300,10,,1
8952,236,0,0,15,0,
8952,237,0,0,100,0,
8953,235,0,300,8,,1
8953,236,0,0,12,0,
8953,237,0,0,80,0,
8954,235,0,300,2,,1
8954,236,0,0,3,0,
8954,237,0,0,20,0,
8955,235,0,300,1,,1
8955,236,0,0,1.5,0,
8955,237,0,0,10,0,
8956,235,0,300,15,,1
8956,236,0,0,22.5,0,
8956,237,0,0,150,0,
8957,235,0,300,1,,1
8957,236,0,0,1.5,0,
8957,237,0,0,10,0,
8958,235,0,300,1,,1
8958,236,0,0,1.5,0,
8958,237,0,0,10,0,
8959,235,0,300,2,,1
8959,236,0,0,3,0,
8959,237,0,0,20,0,
8960,232,0,850,1,15,1
8961,220,0,1150,1,1,1
